TITLE,DESCRIPTION,PRICE,CURRENCY_CODE,QUANTITY,TAGS,MATERIALS,IMAGE1,IMAGE2,IMAGE3,IMAGE4,IMAGE5,IMAGE6,IMAGE7,IMAGE8,IMAGE9,IMAGE10,"VARIATION 1 TYPE","VARIATION 1 NAME","VARIATION 1 VALUES","VARIATION 2 TYPE","VARIATION 2 NAME","VARIATION 2 VALUES",SKU
"DIY Santa Sleigh & Reindeer Plans | Life-Size Outdoor Christmas Yard Display | Wooden Holiday Decor Blueprint | Digital PDF Pattern","🎅 Bring the Magic of the North Pole to Your Front Yard!

Create a show-stopping holiday display this year with these comprehensive Santa Sleigh Diy Plans. This isn't just a decoration; it’s a life-size experience. Designed to be sturdy and majestic, this set includes blueprints for both the classic wooden sleigh and the matching reindeer.
Whether you are a woodworker looking for a festive project or a family wanting to create the ultimate Outdoor Christmas Diy photo booth for the neighborhood, these plans are your roadmap to a magical winter wonderland.

Why Build This Set?

Complete Set: Unlike other plans, this Reindeer Sleigh Template includes the cut patterns for the reindeer figures, completing the look.

Life-Size Scale: This is a Full Size Wood Sleigh. It’s large enough for children (and Santa!) to sit in for memorable holiday photos.

Sturdy Outdoor Design: Engineered to withstand winter weather, this Santa Sleigh Yard Display is perfect for lawns, porches, or commercial holiday setups.

Timeless Aesthetic: The design features classic curves and a traditional Wooden Sleigh and Reindeer Outdoor style that never goes out of fashion.

📏 Dimensions (Finished Build):
The Sleigh:
Length: 83.5 inches
Height: 47 inches
Width (Exterior): ~41.5 inches
The Reindeer:
Height: 63 inches (including antlers)
Length: 42 inches

📂 What You Will Receive:

Digital PDF Plans: Instant download files.
Step-by-Step Instructions: Clear guidance on assembly and construction.
Full-Scale Templates: Printable patterns to trace onto your plywood or lumber for the curved parts.
Material List: A complete guide to the wood and hardware needed for this Santa Sleigh Wooden Pattern.

Perfect For:

Homeowners who love Outdoor Christmas Diy Decor
Professional Photographers (Great for holiday mini-sessions!)
Schools, Churches, and Community Events
Woodworkers creating gifts or selling finished Santas Sleigh Diy products locally.
Start building your holiday legacy today! Download these Sleigh Blueprints and get your workshop ready for the most wonderful time of the year.

Questions about the plans? Feel free to message me anytime. Happy Building and Merry Christmas!",7.5,USD,68,"Santa_Sleigh_Plan,Reindeer_Template,Christmas_Yard_Art,Outdoor_Decor_DIY,Woodworking_Plan,Holiday_Photo_Prop,Life_Size_Sleigh,Winter_Wonderland,Lawn_Ornament,Plywood_Project,Xmas_Garden_Decor,Santas_Sleigh,Digital_Pattern","Digital Download,PDF File,Digital Instructions,Instant Download,Printable File",https://i.etsystatic.com/37058139/r/il/d0922e/7486979356/il_fullxfull.7486979356_8vpy.jpg,https://i.etsystatic.com/37058139/r/il/4de273/7534911311/il_fullxfull.7534911311_tgdm.jpg,https://i.etsystatic.com/37058139/r/il/e12556/7486979364/il_fullxfull.7486979364_fwwr.jpg,https://i.etsystatic.com/37058139/r/il/2b64e6/7486979338/il_fullxfull.7486979338_o739.jpg,https://i.etsystatic.com/37058139/r/il/57b9d4/7486979376/il_fullxfull.7486979376_cq6j.jpg,https://i.etsystatic.com/37058139/r/il/75fc7c/7534911289/il_fullxfull.7534911289_dxkt.jpg,https://i.etsystatic.com/37058139/r/il/a54039/7486979348/il_fullxfull.7486979348_s7i9.jpg,https://i.etsystatic.com/37058139/r/il/c87e8c/7486979322/il_fullxfull.7486979322_m5pf.jpg,,,,,,,,,1
"DIY Welcome Sign Planter Box Plans PDF | Front Porch Wooden Plant Stand | Hanging Basket Woodworking Blueprint | Garden Decor Project","Enhance Your Home's Curb Appeal with a Weekend Woodworking Project

Create a warm, inviting entrance to your home with a beautiful custom woodworking piece you can build yourself. This digital blueprint provides the exact, step-by-step instructions to craft a charming Welcome Sign Planter Box.
Combining a spacious plant bed with a tall display post, it is the perfect statement piece to greet your guests at the front door, porch, or garden entrance.

Skip the overpriced, mass-produced garden center decor. Build a sturdy, personalized planter that perfectly matches your home's exterior aesthetic.

Designed for Style and Simplicity:

All-in-One Porch Decor: This clever design seamlessly integrates a deep planter box, a rustic picket fence accent, and a tall post explicitly designed to hold a hanging ""Welcome"" sign and an outdoor solar lantern.

Beginner-Friendly Build: Categorized as an easy DIY wooden garden craft, this project is perfect for weekend makers. You do not need a massive workshop or advanced carpentry skills to bring this to life.

Seasonal Versatility: This structure is a blank canvas for your seasonal decor. Fill the box with bright flowers in the spring, or transition seamlessly to fall wood decor with pumpkins and mums. You can even swap the hanging sign for different holidays.

Built to Last: Our plans recommend materials like cedar or treated pine, ensuring your welcome planter withstands the outdoor elements for years.

Targeted DIY Niches:

This blueprint is exactly what home improvement enthusiasts are searching for:
Welcome Planters for Porch
Front Door Sign Planter Box DIY
Hanging Basket Welcome Sign Plans
Easy Woodcraft Products & Garden Woodworking

Fully Assembled Dimensions:

Overall Width: 24-1/2 inches
Overall Depth: 22 inches
Overall Height: 40 inches (perfect eye-level for porch steps)

Inside Your Digital PDF Download:

Your instant download provides a professional-grade, frustration-free build guide:

Universal Measurement Standards: All details are provided in both Imperial (inches).

Precise Material & Cut Lists: Take the exact shopping list to the hardware store and follow our cutting guide to eliminate material waste.

Step-by-Step 3D Assembly: Crystal-clear visual instructions that walk you through assembling the planter base, attaching the decorative picket fence, and securing the tall lantern post.

(Please Note: This listing is for a digital PDF woodworking plan only. No physical planter box, signs, lanterns, plants, or wood will be shipped.)

Transform your front entryway this weekend. Download your plans today and start building!",5,USD,47,"welcome_planter_diy,porch_planter_box,wood_welcome_sign,garden_planter_plan,hanging_basket_stand,wood_project_diy,front_porch_decor,cedar_planter_plans,diy_plant_stand,woodworking_plans,welcome_sign_stand,outdoor_garden_craft,fall_wood_decor",Wood,https://i.etsystatic.com/37058139/r/il/8279a7/7903172592/il_fullxfull.7903172592_8b6w.jpg,https://i.etsystatic.com/37058139/r/il/cbb7e6/7951124701/il_fullxfull.7951124701_t0ha.jpg,https://i.etsystatic.com/37058139/r/il/114ff4/7903172590/il_fullxfull.7903172590_p7b7.jpg,https://i.etsystatic.com/37058139/r/il/4653fc/7951124705/il_fullxfull.7951124705_b0rw.jpg,https://i.etsystatic.com/37058139/r/il/535265/7903172594/il_fullxfull.7903172594_ac48.jpg,https://i.etsystatic.com/37058139/r/il/35d061/7903172586/il_fullxfull.7903172586_nxca.jpg,https://i.etsystatic.com/37058139/r/il/3a5591/7814458547/il_fullxfull.7814458547_9zxa.jpg,https://i.etsystatic.com/37058139/r/il/a559b4/7766513710/il_fullxfull.7766513710_2kau.jpg,https://i.etsystatic.com/37058139/r/il/7ebb45/7814458557/il_fullxfull.7814458557_lrj5.jpg,,,,,,,,1
"DIY Mud Kitchen Plans PDF | Outdoor Play Kitchen Blueprint | Large Montessori Pretend Play Station | Toddler Wooden Kitchen Build Guide","Build the Ultimate Outdoor Play Space: The Jumbo 8-Foot Mud Kitchen

Get your kids off the screens and into nature! This comprehensive digital woodworking blueprint provides the exact plans to build a massive, multi-station outdoor mud kitchen. Perfect for siblings, playdates, and Montessori-style sensory play, this durable wooden kitchen will provide years of imaginative, messy fun right in your backyard.

Why buy a flimsy plastic playset when you can build a heavy-duty, beautiful wooden play kitchen that naturally blends into your outdoor landscape?

Engineered for Endless Imaginative Play:

Massive 8-Foot Workspace: At 96 inches wide, this is a true multi-child station. There is plenty of room for several kids to cook, mix, and play together without crowding or fighting for space.

Interactive Features: Designed with a drop-in sink cutout for real water play, a 4-burner pretend stovetop, and an interactive front panel for rotating knobs.

Smart Storage & Organization: Features a wide lower deck for storing heavy mud pots and buckets, plus a tall backsplash wall designed for hanging utensils, complete with an upper display shelf.

Montessori & Sensory Friendly: Encourages independent outdoor play, fine motor skill development, and hands-on, nature-based learning.

Highly Popular Build Niches:

This blueprint perfectly matches what parents and makers are searching for:
DIY Toddler Mud Kitchens & Sandboxes
Montessori Outdoor Build Plans
Pretend Play Kitchen Wooden Projects
Backyard Sensory Stations

Fully Assembled Dimensions:

Overall Width: 96 inches (8 feet of play space!)
Overall Depth: 27-1/4 inches
Overall Height: 64 inches

Inside Your Digital PDF Download:

Your instant download provides a professional-grade, easy-to-follow build guide, perfect for weekend DIYers:
Universal Measurement Standards: All details provided in both Imperial (inches).

Precise Material & Cut Lists: Take the exact shopping list to the lumber yard and follow our precise cutting guide to eliminate costly waste.

Step-by-Step 3D Assembly: Crystal-clear visual instructions that walk you through framing the sturdy base, cutting the sink hole, creating the stovetop, and assembling the tall utensil wall.

(Please Note: This listing is for a digital PDF woodworking plan only. No physical mud kitchen, sinks, toys, or wood will be shipped.)

Invest in your child's outdoor creativity. Download your plans today and build a play kitchen they will never forget!",5,USD,82,"mud_kitchen_plans,outdoor_play_kitchen,toddler_mud_kitchen,montessori_build_pdf,pretend_kitchen_diy,wooden_play_kitchen,mud_kitchen_sink,sensory_play_station,backyard_playset_diy,kids_wood_project,pallet_mud_kitchen,diy_kids_furniture,woodworking_plans",Wood,https://i.etsystatic.com/37058139/r/il/8bc1c3/7951117755/il_fullxfull.7951117755_tkpq.jpg,https://i.etsystatic.com/37058139/r/il/5a3b9d/7903165588/il_fullxfull.7903165588_kbt6.jpg,https://i.etsystatic.com/37058139/r/il/c8d899/7951117759/il_fullxfull.7951117759_k7ia.jpg,https://i.etsystatic.com/37058139/r/il/aea7d9/7903165594/il_fullxfull.7903165594_9qsd.jpg,https://i.etsystatic.com/37058139/r/il/de4aee/7951117761/il_fullxfull.7951117761_btsv.jpg,https://i.etsystatic.com/37058139/r/il/e3f7b7/7903165596/il_fullxfull.7903165596_spsc.jpg,https://i.etsystatic.com/37058139/r/il/270eca/7951117791/il_fullxfull.7951117791_cf6w.jpg,https://i.etsystatic.com/37058139/r/il/3a5591/7814458547/il_fullxfull.7814458547_9zxa.jpg,https://i.etsystatic.com/37058139/r/il/7ebb45/7814458557/il_fullxfull.7814458557_lrj5.jpg,https://i.etsystatic.com/37058139/r/il/a559b4/7766513710/il_fullxfull.7766513710_2kau.jpg,,,,,,,1
"DIY Humidor Cabinet Plan | Large Cigar Display Case PDF | Woodworking Blueprint","Build the Ultimate Large-Capacity Cigar Humidor Cabinet!

Looking for a premium woodworking project that stands out? This comprehensive DIY Humidor Cabinet Plan provides everything you need to build a stunning, professional-grade cigar display case. Perfect for serious cigar aficionados, lounge owners, or any woodworker looking to craft a high-end cigar humidor without paying premium retail prices.

This detailed woodworking blueprint features elegant glass doors, lower storage compartments, and angled display shelves specifically designed for optimal air circulation and showcasing your collection. Stop searching for the perfect large humidor—build a custom masterpiece yourself!

📐 OVERALL DIMENSIONS:

Width: 40 inches
Height: 76 inches
Depth: 24 inches

🛠️ WHAT'S INCLUDED IN THIS DIGITAL DOWNLOAD?

High-quality Furniture Plans PDF instantly available after purchase.
Detailed material and exact cut list to minimize waste and save on premium woods.
Step-by-step 3D illustrated assembly instructions.
Perfect guide for an advanced display cabinet build.

💡 WHY CHOOSE THESE WOODWORKING PLANS?

Luxurious Design: Features classic proportions, glass display areas, and dedicated angled shelving.
Cost-Effective: Building your own cigar cabinet saves you thousands compared to buying a pre-made commercial humidor.
Digital Format: Print the blueprints in your shop or follow along easily on your tablet.

Please Note: This is a DIGITAL DOWNLOAD only. No physical item will be shipped. Due to the nature of digital products, we do not accept returns or cancellations.

Showcase your collection in style! Add this DIY Humidor Cabinet Plan to your cart and start building your dream display today.",4.99,USD,96,"Humidor_Cabinet_Plan,DIY_Cigar_Humidor,Cigar_Display_Case,Large_Humidor_Build,Cigar_Cabinet_Plan,Wood_Humidor_DIY,Display_Cabinet_Plan,Furniture_Plans_PDF,Cigar_Lover_Gift,Glass_Door_Cabinet,Cigar_Storage_Plan,DIY_Humidor_Project","Digital Download,PDF File,Digital Instructions,Instant Download,Printable File",https://i.etsystatic.com/37058139/r/il/f7caec/7805098954/il_fullxfull.7805098954_7u27.jpg,https://i.etsystatic.com/37058139/r/il/7c6c62/7853041651/il_fullxfull.7853041651_noc7.jpg,https://i.etsystatic.com/37058139/r/il/df8f49/7805098938/il_fullxfull.7805098938_hjbz.jpg,https://i.etsystatic.com/37058139/r/il/c3493c/7805098956/il_fullxfull.7805098956_rv20.jpg,https://i.etsystatic.com/37058139/r/il/17d886/7805098952/il_fullxfull.7805098952_rn18.jpg,https://i.etsystatic.com/37058139/r/il/ffedc4/7853041667/il_fullxfull.7853041667_gjiu.jpg,https://i.etsystatic.com/37058139/r/il/093e58/7853041677/il_fullxfull.7853041677_cvu7.jpg,https://i.etsystatic.com/37058139/r/il/e90434/7805098966/il_fullxfull.7805098966_99gh.jpg,https://i.etsystatic.com/37058139/r/il/cfa361/7853041689/il_fullxfull.7853041689_nd2p.jpg,,,,,,,,1
"DIY Floor Rocking Chair Plans | Arc Rocking Lounger Blueprint | Oval Rocker Chair PDF","Experience Ultimate Relaxation with DIY Arc Floor Rocking Chair Plans!

Looking for the perfect ergonomic seat for reading, gaming, or lounging on the porch? Build your own stunning floor rocking chair with our comprehensive woodworking plans. This beautiful arc chair rocker features a unique slatted, curved design that conforms to your body, providing a comfortable, zero-gravity feel. It is the ultimate rocking lounger project to upgrade your living room, reading nook, or backyard deck!

Whether you are looking for a highly comfortable nook reading chair or a unique gaming rocker chair pattern to challenge your DIY skills, these step-by-step blueprints will guide you to a flawless, heavy-duty build.

📐 CHAIR DIMENSIONS:

Overall Width: 26 1/2 inches
Overall Depth: 60 9/16 inches
Overall Height: 30 11/16 inches

🛠️ WHAT IS INCLUDED IN THIS DIGITAL DOWNLOAD?

Detailed Building Plans: Clear, step-by-step instructions with 3D illustrations for your diy recliner chair project.
Comprehensive Material List: Know exactly what lumber and hardware to buy.

Precise Cut List: Minimize wood waste and save money with our accurate rocking chair plans.
Assembly Tips: Professional advice on cutting the perfect oval rocker curves, assembling the slatted seating surface, and ensuring a perfectly balanced rocking motion.

💡 WHY CHOOSE OUR PLANS?

Buying a designer curved wooden rocking lounger can be incredibly expensive. Building your own wooden porch chair is not only a rewarding woodworking project but also allows you to customize the finish to perfectly match your decor. This solid wood design is built to last for generations and can be paired with your favorite cushion for ultimate comfort!

⚠️ PLEASE NOTE: This is a DIGITAL DOWNLOAD only. No physical items, hardware, cushions, or lumber will be shipped. You will receive high-quality PDF files instantly upon purchase.",5,USD,86,"floor_rocking_chair,rocking_lounger,rocking_chair_plans,arc_chair_pattern,oval_rocker_chair,diy_recliner_plan,reading_nook_chair,gaming_rocker_diy,indoor_seat_file,wood_porch_rocker,curved_chair_plans,furniture_blueprint,woodworking_plans","Digital Download,PDF File,Digital Instructions,Instant Download,Printable File",https://i.etsystatic.com/37058139/r/il/f4fd04/7852756241/il_fullxfull.7852756241_5x7g.jpg,https://i.etsystatic.com/37058139/r/il/2605ce/7852756229/il_fullxfull.7852756229_eqa8.jpg,https://i.etsystatic.com/37058139/r/il/c77574/7852756237/il_fullxfull.7852756237_4vao.jpg,https://i.etsystatic.com/37058139/r/il/f0258b/7804814944/il_fullxfull.7804814944_58hd.jpg,https://i.etsystatic.com/37058139/r/il/874460/7804814938/il_fullxfull.7804814938_fw4u.jpg,https://i.etsystatic.com/37058139/r/il/802235/7804814942/il_fullxfull.7804814942_73pl.jpg,https://i.etsystatic.com/37058139/r/il/41dbe4/7852756299/il_fullxfull.7852756299_eh49.jpg,https://i.etsystatic.com/37058139/r/il/69367f/7804814950/il_fullxfull.7804814950_24lw.jpg,https://i.etsystatic.com/37058139/r/il/36fd74/7804814952/il_fullxfull.7804814952_hkru.jpg,,,,,,,,1
"Jewelry Tree Stand DIY Plan | Laser Cut Earring Organizer (Digital Download)","Rescue your jewelry from tangled drawers and display it like a work of art! With this elegant Jewelry Tree Stand DIY plan, you can create a solution that is both highly functional and beautifully decorative for organizing your necklaces, earrings, and bracelets.

Inspired by nature, this tree design offers numerous branches, providing a massive storage capacity for all your favorite accessories, from long necklaces to hoop earrings. Create this stunning organizer with your own laser cutter or CNC machine. The finished piece is a chic decorative object for your bedroom or dressing room, and it also makes a fantastic display for craft fairs or market stalls to showcase handmade items.

▶️ TERMS OF USE

You are authorized to produce and sell physical products created from this file.

You are strictly prohibited from reselling, sharing, or distributing the digital file itself in any way.

Happy creating! If you have any questions, please don't hesitate to send a message.",5,USD,80,"Laser_Cut_Files,Jewelry_Display,Jewelry_Organizer,Necklace_Holder,Earring_Holder,Earring_Display,Earring_Organizer,Necklace_Display,DIY_Organizer,Earring_Stand,Wood_Jewelry_Rack,DIY_Jewelry_Stand,DIY_Earring_Stand","Digital Download,PDF File,Digital Instructions,Instant Download,Printable File",https://i.etsystatic.com/37058139/r/il/a8632b/7215575837/il_fullxfull.7215575837_alax.jpg,https://i.etsystatic.com/37058139/r/il/091abc/7167589302/il_fullxfull.7167589302_5j2u.jpg,https://i.etsystatic.com/37058139/r/il/e19bbe/7215575835/il_fullxfull.7215575835_t9tx.jpg,https://i.etsystatic.com/37058139/r/il/2e7411/7215575841/il_fullxfull.7215575841_n3fj.jpg,https://i.etsystatic.com/37058139/r/il/6aad18/7112557918/il_fullxfull.7112557918_l9jq.jpg,https://i.etsystatic.com/37058139/r/il/55af1d/7160528159/il_fullxfull.7160528159_lbo4.jpg,,,,,,,,,,,1
"DIY Lego Table Plans | Kids Activity Table Blueprint PDF | Playroom Toy Storage Organizer |Train Table Build","Build the Ultimate Kids Play & Storage Table!

Tired of stepping on toy bricks? Transform your child's playroom with this comprehensive DIY Lego Table Plan! Designed with both fun and organization in mind, this kids activity table features a recessed top to keep building blocks and train tracks contained, plus built-in lower shelving perfectly sized for standard plastic storage bins.

Whether you want to build a dedicated train table, a craft station, or a playroom toy storage organizer, this detailed woodworking blueprint makes the process easy and rewarding.

📐 OVERALL DIMENSIONS:

Width: 59 inches
Height: 28 inches
Depth: 23 inches

🛠️ WHAT'S INCLUDED IN THIS DIGITAL DOWNLOAD?

High-quality Woodworking PDF instantly available after purchase.
Detailed material list and exact cut list to minimize waste.
Step-by-step 3D illustrated assembly instructions.
Designed for easy integration with standard storage bins.

💡 WHY CHOOSE THESE WOODWORKING PLANS?

Multi-Functional: Use it as a sensory table, craft desk, or ultimate building block station.
Clutter-Free: The integrated shelving makes toy cleanup a breeze.
Digital Format: Print it out in your shop or follow along easily on your tablet.

Please Note: This is a DIGITAL DOWNLOAD only. No physical item will be shipped. Due to the nature of digital products, we do not accept returns or cancellations.

Create the perfect play space for your little ones! Add these Activity Table Plans to your cart and start building this weekend.",4.99,USD,91,"Lego_Table_Plans,Kids_Activity_Table,Play_Table_DIY,Toy_Storage_Plan,Train_Table_Build,Woodworking_PDF,Playroom_Organizer,Toddler_Play_Table,Craft_Table_Plan,Kids_Furniture_DIY,Sensory_Table_Plan,Playroom_Furniture,Toy_Organizer_Wood","Digital Download,PDF File,Digital Instructions,Instant Download,Printable File",https://i.etsystatic.com/37058139/r/il/bbc821/7853063071/il_fullxfull.7853063071_ta0z.jpg,https://i.etsystatic.com/37058139/r/il/243161/7805120094/il_fullxfull.7805120094_ra3l.jpg,https://i.etsystatic.com/37058139/r/il/8673a9/7853063089/il_fullxfull.7853063089_8xy6.jpg,https://i.etsystatic.com/37058139/r/il/b43e14/7853063081/il_fullxfull.7853063081_hpjn.jpg,https://i.etsystatic.com/37058139/r/il/d64261/7805120104/il_fullxfull.7805120104_t0qu.jpg,https://i.etsystatic.com/37058139/r/il/c1e4a2/7853063061/il_fullxfull.7853063061_batm.jpg,https://i.etsystatic.com/37058139/r/il/64499d/7853063101/il_fullxfull.7853063101_7ko7.jpg,https://i.etsystatic.com/37058139/r/il/96fecf/7853063097/il_fullxfull.7853063097_2xmy.jpg,https://i.etsystatic.com/37058139/r/il/74877d/7805120122/il_fullxfull.7805120122_4bdt.jpg,,,,,,,,1
"DIY Chapel Wedding Arch Plans PDF | Wooden Church Arbor Blueprint | Rustic Outdoor Canopy Build Guide | Large Pavilion Trellis Woodworking","Bring the Chapel Outdoors: Build a Majestic 3D Church Wedding Arbor

Capture the traditional elegance and architectural grandeur of a church wedding in any outdoor setting. This digital woodworking blueprint provides the exact, step-by-step instructions to build a monumental, 3D Chapel-Style Wedding Arch. Towering at nearly 13 feet tall and spanning 10 feet wide, this pavilion-style structure creates an awe-inspiring, immersive altar that perfectly frames the couple.

Whether you are a wedding venue owner looking to build a permanent scenic altar, or an event rental business wanting to offer a premium, highly lucrative backdrop, this massive structure is designed to leave a lasting impression.

Engineered for Grandeur and Unrivaled Stability:

True 3D Walk-In Architecture: Unlike standard flat, 2-dimensional arches, this is a deep, immersive structure. With a depth of over 5 feet, the couple and the officiant can comfortably stand entirely within the shelter of the arbor.

The Outdoor Chapel Effect: Featuring a classic peaked roof truss system, lower decorative cross-bracing, and an integrated top cross, it perfectly mimics a rustic woodland chapel. (The cross can easily be omitted during the build for a secular, pavilion-style look).

Rock-Solid Freestanding Design: The massive 63-1/2 inch footprint ensures this structure stands incredibly secure. It provides exceptional resistance against wind in open outdoor environments without needing unsightly sandbags.

The Ultimate Floral Canvas: The robust 3D roof beams are engineered to safely support massive, cascading floral chandeliers, heavy draped fabrics, and lush greenery from multiple angles.

Highly Profitable Event Niches:

This premium blueprint is exactly what customers are searching for to build their:

Rustic Woodland & Mountain Wedding Altars
Outdoor Chapel & Religious Ceremony Backdrops
3D Wooden Wedding Canopies & Pavilions
Premium Event Venue Permanent Installations

Fully Assembled Dimensions:

Overall Width: 120 inches (10 Feet)
Overall Depth: 63-1/2 inches (Over 5 Feet deep!)
Overall Height: 153-9/16 inches (Nearly 13 Feet tall!)

Inside Your Digital PDF Download: Your instant download provides a professional, frustration-free woodworking guide:

Universal Measurement Standards: All structural details are provided in both Imperial (inches)

Precise Material & Cut Lists: Take the exact shopping list to the lumber yard and follow our precise cutting guide to eliminate costly wood waste.

Step-by-Step 3D Assembly: Crystal-clear visual instructions that walk you through framing the heavy-duty base, installing the X-braces, and securely lifting and joining the massive roof trusses.

(Please Note: This listing is for a digital PDF woodworking instruction book only. No physical arbor, floral arrangements, fabrics, or lumber will be shipped.)

Build a ceremony backdrop that matches the magnitude of your vows. Download your plans today and start crafting a masterpiece!",5,USD,98,"chapel_wedding_arch,3d_wooden_arbor,church_arch_plans,pavilion_canopy_diy,rustic_wedding_altar,cross_wedding_arch,heavy_duty_backdrop,outdoor_chapel_build,event_rental_plans,woodworking_pdf,wooden_church_prop,ceremony_canopy_plan,wedding_trellis",,https://i.etsystatic.com/37058139/r/il/7c6223/7913201330/il_fullxfull.7913201330_1b0z.jpg,https://i.etsystatic.com/37058139/r/il/b57c55/7961157133/il_fullxfull.7961157133_psov.jpg,https://i.etsystatic.com/37058139/r/il/cc37e7/7961157859/il_fullxfull.7961157859_ka0q.jpg,https://i.etsystatic.com/37058139/r/il/e38c6e/7913201340/il_fullxfull.7913201340_9546.jpg,https://i.etsystatic.com/37058139/r/il/4426d1/7961157787/il_fullxfull.7961157787_6m06.jpg,https://i.etsystatic.com/37058139/r/il/a1e1ea/7913201350/il_fullxfull.7913201350_dvcg.jpg,https://i.etsystatic.com/37058139/r/il/7398c0/7913201554/il_fullxfull.7913201554_svmv.jpg,https://i.etsystatic.com/37058139/r/il/dee806/7913201356/il_fullxfull.7913201356_e2tq.jpg,https://i.etsystatic.com/37058139/r/il/288795/7961157867/il_fullxfull.7961157867_f6xh.jpg,https://i.etsystatic.com/37058139/r/il/0b5f20/7961158055/il_fullxfull.7961158055_cjrl.jpg,,,,,,,1
"DIY Modern Wood & Metal Garden Fence Plan (PDF Download)","🌟 DIY Modern Fence Panel Plan - Wood & Metal Railing (PDF Download) 🌟

Sturdy Wood Frame / Vertical Post Supported / Beginner-Friendly

The easiest way to bring a luxurious, modern look to your yard is here! Skip the expensive custom orders. This beginner-friendly PDF plan shows you step-by-step how to build a stunning fence panel that combines natural wood with sleek metal infill railing.

Our design is tailored for standard dimensional lumber—the thick wood materials and commonly used ""Wild Hog"" style metal infill panels that you can easily find at any major home improvement store. Define your boundaries, beautify your space, and enjoy an open view with this contemporary design.

Start making your design dreams a reality today!

Why Choose This Fence Plan? 

MODERN AESTHETIC: Capture the coveted contemporary style that instantly boosts the value and appeal of your home or deck.

BUDGET-FRIENDLY DIY: Achieve a professional look by utilizing standard, readily available construction lumber and materials for a cost-effective solution.

EASY ASSEMBLY: Designed with the novice in mind. The plan features step-by-step instructions and 3D visuals to clarify every stage, eliminating complex guesswork.

COMPLETE GUIDE: You receive the necessary lists for all tool and material types needed for the build.

What’s Included in Your Instant PDF Download?

Your purchase is a digital package containing everything you need to complete your project from start to finish.

Step-by-Step Instructions: Simple, clear written instructions for every phase of the assembly.

Materials & Tool Lists: A comprehensive checklist to prepare your shopping trip for the required types of wood, fasteners, and essential tools.

3D Assembly Diagrams: High-quality visual aids clearly demonstrating connection points and the sequence of construction.

Finishing Notes: Important tips on setting your vertical posts, ensuring structural stability, and protecting your wood from the elements.

Key Features

Fence Style: Modern design with a wood frame and metal railing infill.

Materials Used: Standard thick construction lumber (posts and framing) and metal infill panels.

Skill Level: Suitable for Beginners.

Important Notes (Please Read Before Purchasing)

Digital Product: This is a digital PDF download only. No physical materials, lumber, or hardware will be shipped.

Download: Please log in to the Etsy website via a web browser (desktop/laptop) to download the files. The Etsy mobile app does NOT support digital downloads.

Local Codes: Always check local building codes and permits before starting construction.

Download instantly and begin your yard transformation journey today!",5,USD,67,"DIY_Fence_Plan,Wood_Metal_Fence,Hog_Wire_Fence,Tall_Garden_Fence,Vegetable_Garden,Black_Fence_Panel,Yard_Fencing,Fence_Ideas,Garden_Fence_Kit,Fence_Blueprint,Outdoor_Decor,Modern_Wood_Fence","Digital Download,PDF File,Digital Instructions,Instant Download,Printable File",https://i.etsystatic.com/37058139/r/il/f74947/7286662289/il_fullxfull.7286662289_1rvr.jpg,https://i.etsystatic.com/37058139/r/il/c6919c/7238698864/il_fullxfull.7238698864_9bfa.jpg,https://i.etsystatic.com/37058139/r/il/413d48/7286662283/il_fullxfull.7286662283_a14v.jpg,https://i.etsystatic.com/37058139/r/il/5b669f/7286662293/il_fullxfull.7286662293_et60.jpg,https://i.etsystatic.com/37058139/r/il/2007c3/7286662273/il_fullxfull.7286662273_6rvk.jpg,https://i.etsystatic.com/37058139/r/il/b6228b/7286662287/il_fullxfull.7286662287_8il7.jpg,https://i.etsystatic.com/37058139/r/il/4e5aa8/7238698872/il_fullxfull.7238698872_lsao.jpg,https://i.etsystatic.com/37058139/r/il/f9ac22/7286099401/il_fullxfull.7286099401_ooi8.jpg,https://i.etsystatic.com/37058139/r/il/273b44/7144919048/il_fullxfull.7144919048_amqt.jpg,,,,,,,,1
"Costco Birthday Party Signs: Customizable Price Sign Canva Template","If you’re planning the ultimate Costco party, look no further! Our Costco birthday party invitation and decoration set is designed to bring all the iconic vibes of your favorite warehouse. Perfect for Costco lovers, this customizable Costco sign and menu template on Canva lets you easily create a fully personalized Costco birthday experience.

Whether it's a classic Costco hot dog bar or a nod to the famous Costco Kirkland brand, our Costco party decor will impress guests of all ages. These unique Costco signs add the perfect touch to your Costco birthday decorations. Simply download instantly and get started! With Canva, it’s easy to make your Costco decorations truly yours.

Celebrate with a Costco invitation that brings everyone together for a memorable time—perfect for anyone who can’t get enough of Costco’s classic items.",3.5,USD,259,,,https://i.etsystatic.com/37058139/r/il/1bace0/6805533862/il_fullxfull.6805533862_h9zp.jpg,https://i.etsystatic.com/37058139/r/il/0b7092/6805548154/il_fullxfull.6805548154_bbal.jpg,https://i.etsystatic.com/37058139/r/il/928a3f/6853554347/il_fullxfull.6853554347_r4kj.jpg,https://i.etsystatic.com/37058139/r/il/3c913a/6805548152/il_fullxfull.6805548152_j3i2.jpg,https://i.etsystatic.com/37058139/r/il/b24b97/6805548156/il_fullxfull.6805548156_ci83.jpg,,,,,,,,,,,,1
"Charcuterie Cart Plan | Dessert Cart | Food Cart | Mobile Bar with Wheels, Umbrella | DIY Collapsible Charcuterie Cart Plans PDF","Build Your Dream Event: The Ultimate DIY Mobile Serving Cart Plan

Craft the centerpiece of your next event with our comprehensive, step-by-step project plan!

Imagine effortlessly serving your guests from a stunning, custom-built cart that perfectly complements your unique style. This isn't just a project; it's your ticket to creating the ultimate custom food cart or a show-stopping mobile bar. Our meticulously designed PDF guide gives you all the tools and knowledge to bring this elegant, modern design to life, allowing you to showcase your culinary creations with pride.

Unmatched Customization & Versatility

This is the most flexible DIY plan you'll find. It’s perfect for everything from an intimate family gathering to a grand wedding cart. Our plan includes six distinct countertop layouts, so you can tailor your cart to your specific needs.

Option 1: The Classic. A smooth, solid top for a minimalist look or a versatile workspace.

Option 2: The Charcuterie Dream. Multiple cutouts for a stunning charcuterie cart.

Option 3: The Party Pro. Two large cutouts, perfect for holding beverage tubs on ice, making it the ultimate party cart.

Options 4-6: A variety of other layouts to suit your serving style.

Effortless Portability & Smart Design

Designed with convenience in mind, this foldable cart features two sturdy folding wings that provide extra serving space when you need it and neatly tuck away when you don't. The heavy-duty 3"" locking casters ensure that your beverage cart glides effortlessly over any surface, and locks securely in place, even when fully loaded. This collapsible cart is not just beautiful; it’s a masterclass in functional, space-saving design.

The Perfect Fit for Any Occasion:

For the Entrepreneur: Transform your passion into a business with a professional-looking vendor cart.

For the Host: Impress your guests with a stunning bar cart or coffee cart.

For the DIY Enthusiast: Experience the satisfaction of building a high-quality, professional piece with our easy-to-follow guide. This is the DIY Cart project you've been waiting for.

What You Will Receive:

Upon purchase, you will receive an instant digital download of a comprehensive PDF file that includes everything you need to build your own mobile bar.

Detailed Cut List: All parts are labeled with clear letters and precise inch measurements.

Shopping List: A complete list of all required tools and hardware.

Step-by-Step Instructions: Easy-to-follow, detailed instructions for every stage of assembly, from cutting the panels to installing the casters.

Six Countertop Options: Choose the perfect layout to suit your specific serving needs.

Start building your dream cart today!

This plan is the perfect starting point for anyone looking to build a beautiful, versatile, and professional-looking serving cart. Get ready to roll out your next event with style and ease.

Note: This listing is for a digital PDF plan only. You are not purchasing a physical product.",16,USD,97,"Custom_food_cart,Charcuterie_cart,foldable_cart,bar_carts,Food_cart,DIY_Cart,Party_cart,beverage_cart,coffee_cart,collapsible_cart,wedding_cart,Mobile_bar,vendor_cart","Digital Download,PDF File,Digital Instructions,Instant Download,Printable File",https://i.etsystatic.com/37058139/r/il/192c56/7183502159/il_fullxfull.7183502159_nzfb.jpg,https://i.etsystatic.com/37058139/r/il/cbfb01/7183502169/il_fullxfull.7183502169_9mdw.jpg,https://i.etsystatic.com/37058139/r/il/6eb216/7183503713/il_fullxfull.7183503713_ipyh.jpg,https://i.etsystatic.com/37058139/r/il/d66801/7315990917/il_fullxfull.7315990917_v7o4.jpg,https://i.etsystatic.com/37058139/r/il/9f62be/7160528109/il_fullxfull.7160528109_p7xq.jpg,https://i.etsystatic.com/37058139/r/il/0f685d/7112557912/il_fullxfull.7112557912_oto2.jpg,https://i.etsystatic.com/37058139/r/il/55af1d/7160528159/il_fullxfull.7160528159_lbo4.jpg,https://i.etsystatic.com/37058139/r/il/6aad18/7112557918/il_fullxfull.7112557918_l9jq.jpg,,,,,,,,,1
"Wooden Rocking Horse Plans | DIY Toddler Toy Blueprint (Digital PDF)","Build a Timeless Heirloom with Your Own Hands 🐴✨

Are you looking for a meaningful DIY project that will be cherished for years? This Wooden Rocking Horse Plan is designed to help you create a beautiful, modern, and sturdy ride-on toy that fits perfectly in any nursery or playroom.

Unlike complicated traditional designs, this simple rocking horse DIY project features clean lines and a minimalist aesthetic. It’s not just a toy; it’s a piece of furniture that celebrates the warmth of wood. Whether you are a beginner woodworker or a seasoned pro, these woodworking plans for kids will guide you through every step of the process.

Why You’ll Love These Plans:

Beginner-Friendly: Clear instructions make this a stress-free weekend project.

Perfect Size for Toddlers: With a seat height of 12"", it’s designed safely for little ones (approx. ages 1-3) to climb on and rock comfortably.

Modern Design: A stylish wooden animal rocker that looks great in modern homes.

Digital Download: Get started immediately! No waiting for shipping.

📏 Dimensions (As shown in the plan):

Total Height: 20 inches (50.8 cm)

Total Length: 30 inches (76.2 cm)

Seat Height: 12 inches (30.5 cm) – The perfect ""ride-on"" height!

Width: 10 inches (25.4 cm)

📂 What’s Included in Your Download:

Printable PDF Templates (Rocking Horse Pattern ready to print at 1:1 scale).

Detailed Step-by-Step Assembly Instructions.

Material & Cut List (So you know exactly what wood to buy).

💡 A Thoughtful DIY Gift: Nothing says ""I love you"" like a handmade gift. Whether it's for a first birthday, a baby shower, or a holiday surprise, this horse rocker plan allows you to build a memory that will be passed down for generations.

Please Note: This listing is for a DIGITAL FILE (PDF Plan) only. No physical item will be shipped.",5,USD,40,"Wooden_Rocking_Horse,Rocking_Horse_Plan,DIY_Horse_Pattern,Woodworking_Plans,Toddler_Ride_On,Kids_Toy_Blueprint,Wooden_Animal_Toy,Montessori_Toy_DIY,Beginner_Project,Nursery_Decor_DIY,Baby_Shower_Gift,Digital_Download,Woodcraft_Template","Digital Download,PDF File,Digital Instructions,Instant Download,Printable File",https://i.etsystatic.com/37058139/r/il/7e520b/7631043680/il_fullxfull.7631043680_7jf4.jpg,https://i.etsystatic.com/37058139/r/il/3ae104/7678994809/il_fullxfull.7678994809_b5vy.jpg,https://i.etsystatic.com/37058139/r/il/02e4be/7678994807/il_fullxfull.7678994807_1prr.jpg,https://i.etsystatic.com/37058139/r/il/f79287/7678994817/il_fullxfull.7678994817_lbny.jpg,https://i.etsystatic.com/37058139/r/il/8f0bd3/7678994791/il_fullxfull.7678994791_ha4r.jpg,https://i.etsystatic.com/37058139/r/il/9efdb1/7678994781/il_fullxfull.7678994781_1n15.jpg,https://i.etsystatic.com/37058139/r/il/11e7a2/7631043686/il_fullxfull.7631043686_kim4.jpg,https://i.etsystatic.com/37058139/r/il/1fbb2b/7678994815/il_fullxfull.7678994815_37br.jpg,https://i.etsystatic.com/37058139/r/il/f17da6/7678994795/il_fullxfull.7678994795_64n0.jpg,https://i.etsystatic.com/37058139/r/il/17b614/7678994803/il_fullxfull.7678994803_jc7a.jpg,,,,,,,1
"DIY Triple Wheelie Bin Storage Plans PDF | Wooden Trash Can Enclosure Blueprint | 3-Bay Garbage Shed | Outdoor Bin Hideaway Woodworking","Hide Those Ugly Trash Cans with This Premium Wooden Enclosure!

100% Satisfaction & Money-Back Guarantee!

We are so confident that you will love building this project that we offer a 100% money-back guarantee. If you are not completely satisfied with these plans for any reason, we will refund your purchase—no questions asked! Plus, if you need any help or have questions during the build, we are always here to provide full support and guidance via Etsy messages.

About This Build

Instantly upgrade your home's curb appeal by hiding unsightly plastic garbage and recycling bins! This beautiful, heavy-duty triple wheelie bin storage shed is the perfect DIY woodworking project for your front yard, driveway, or garden.

The design features a modern slatted wood aesthetic that provides excellent airflow to prevent odors. It includes three individual front-opening doors to easily roll your bins in and out on trash day, plus three hinged top lids connected with chains to your bin lids—allowing you to toss out the trash single-handedly without ever touching the dirty plastic bins.

Dimensions (Metric)
Width: 240 cm
Depth: 98.4 cm
Overall Height: 108 cm

Stop letting ugly plastic bins ruin your landscaping. Download your detailed triple bin storage plan today and build a beautiful, functional hideaway for your trash and recycling!",10,USD,71,"Wheelie_Bin_Storage,Trash_Can_Enclosure,Triple_Bin_Shed,Garbage_Bin_Cover,Hideaway_Trash_Can,Wheelie_Bin_Screen,Woodworking_Plans,Outdoor_Storage_DIY,Trash_Enclosure_Plan,Recycle_Bin_Storage,Slatted_Bin_Store,Garden_Wood_Plan,DIY_Wood_Project",,https://i.etsystatic.com/37058139/r/il/e67530/7941859226/il_fullxfull.7941859226_d7yk.jpg,https://i.etsystatic.com/37058139/r/il/2af37a/7989816733/il_fullxfull.7989816733_c1my.jpg,https://i.etsystatic.com/37058139/r/il/2e18b7/7989816753/il_fullxfull.7989816753_5gva.jpg,https://i.etsystatic.com/37058139/r/il/eb860a/7941859258/il_fullxfull.7941859258_smtq.jpg,https://i.etsystatic.com/37058139/r/il/650cd7/7941859240/il_fullxfull.7941859240_op3g.jpg,https://i.etsystatic.com/37058139/r/il/e42e1f/7989816761/il_fullxfull.7989816761_ak6k.jpg,https://i.etsystatic.com/37058139/r/il/0e77d5/7941859278/il_fullxfull.7941859278_5gfx.jpg,https://i.etsystatic.com/37058139/r/il/031d28/7941859276/il_fullxfull.7941859276_2kig.jpg,https://i.etsystatic.com/37058139/r/il/74aa76/7941859326/il_fullxfull.7941859326_jj6g.jpg,https://i.etsystatic.com/37058139/r/il/30896d/7941859350/il_fullxfull.7941859350_ntqj.jpg,,,,,,,1
"Mobile Food Cart Plans | Charcuterie Mobile Bar and Coffee Cart Bar Blueprint | Snack Cart, Pastry Cart, Ice Cream Cart, Cookie Cart Plans","Build Your Dream Event: The Ultimate DIY Mobile Serving Cart Plan

Craft the centerpiece of your next event with our comprehensive, step-by-step project plan!

Imagine effortlessly serving your guests from a stunning, custom-built cart that perfectly complements your unique style. This isn't just a project; it's your ticket to creating the ultimate custom food cart or a show-stopping mobile bar. Our meticulously designed PDF guide gives you all the tools and knowledge to bring this elegant, modern design to life, allowing you to showcase your culinary creations with pride.

Unmatched Customization & Versatility

This is the most flexible DIY plan you'll find. It’s perfect for everything from an intimate family gathering to a grand wedding cart. Our plan includes six distinct countertop layouts, so you can tailor your cart to your specific needs.

Option 1: The Classic. A smooth, solid top for a minimalist look or a versatile workspace.

Option 2: The Charcuterie Dream. Multiple cutouts for a stunning charcuterie cart.

Option 3: The Party Pro. Two large cutouts, perfect for holding beverage tubs on ice, making it the ultimate party cart.

Options 4-6: A variety of other layouts to suit your serving style.

Effortless Portability & Smart Design

Designed with convenience in mind, this foldable cart features two sturdy folding wings that provide extra serving space when you need it and neatly tuck away when you don't. The heavy-duty 3"" locking casters ensure that your beverage cart glides effortlessly over any surface, and locks securely in place, even when fully loaded. This collapsible cart is not just beautiful; it’s a masterclass in functional, space-saving design.

The Perfect Fit for Any Occasion:

For the Entrepreneur: Transform your passion into a business with a professional-looking vendor cart.

For the Host: Impress your guests with a stunning bar cart or coffee cart.

For the DIY Enthusiast: Experience the satisfaction of building a high-quality, professional piece with our easy-to-follow guide. This is the DIY Cart project you've been waiting for.

What You Will Receive:

Upon purchase, you will receive an instant digital download of a comprehensive PDF file that includes everything you need to build your own mobile bar.

Detailed Cut List: All parts are labeled with clear letters and precise inch measurements.

Shopping List: A complete list of all required tools and hardware.

Step-by-Step Instructions: Easy-to-follow, detailed instructions for every stage of assembly, from cutting the panels to installing the casters.

Six Countertop Options: Choose the perfect layout to suit your specific serving needs.

Start building your dream cart today!

This plan is the perfect starting point for anyone looking to build a beautiful, versatile, and professional-looking serving cart. Get ready to roll out your next event with style and ease.

Note: This listing is for a digital PDF plan only. You are not purchasing a physical product.",15,USD,1,"Custom_food_cart,Charcuterie_cart,foldable_cart,bar_carts,Food_cart,DIY_Cart,Party_cart,beverage_cart,coffee_cart,collapsible_cart,wedding_cart,Mobile_bar,vendor_cart","Digital Download,PDF File,Digital Instructions,Instant Download,Printable File",https://i.etsystatic.com/37058139/r/il/f73c32/7179259464/il_fullxfull.7179259464_kxip.jpg,https://i.etsystatic.com/37058139/r/il/50ab67/7894610784/il_fullxfull.7894610784_rb4t.jpg,https://i.etsystatic.com/37058139/r/il/0f685d/7112557912/il_fullxfull.7112557912_oto2.jpg,https://i.etsystatic.com/37058139/r/il/8e0cd2/7227241161/il_fullxfull.7227241161_njap.jpg,https://i.etsystatic.com/37058139/r/il/7011cc/7227241153/il_fullxfull.7227241153_86ga.jpg,https://i.etsystatic.com/37058139/r/il/988533/7942568063/il_fullxfull.7942568063_dbwx.jpg,https://i.etsystatic.com/37058139/r/il/744675/7942568067/il_fullxfull.7942568067_7ame.jpg,https://i.etsystatic.com/37058139/r/il/7df439/7894610802/il_fullxfull.7894610802_a1uf.jpg,https://i.etsystatic.com/37058139/r/il/32a546/7942568069/il_fullxfull.7942568069_sxgf.jpg,https://i.etsystatic.com/37058139/r/il/bbc210/7942568071/il_fullxfull.7942568071_mzc8.jpg,,,,,,,1
"Bed Frame Queen with Headboard | Bed Frame Plans | DIY Wooden Bed Frame | Floating King Size Bed Frame | Rustic, Solid Wood Bed Design","Create a Unique and Stylish Sanctuary with Our DIY Bed Frame Plans

Transform your bedroom into a comfortable and stylish retreat with our easy-to-follow woodworking plans. This DIY bed frame project is perfect for woodworkers of all skill levels, allowing you to build a sturdy and beautiful piece of bedroom furniture that will last for years.

Why Build Your Own Bed Frame?
Building your own bed frame isn't just a creative endeavor—it’s a way to get the exact style and size you want. Whether you're looking for a low profile design, a floating king size bed, or a rustic wood plank aesthetic, our plans offer the flexibility you need. Our solid wood bed design provides a stable foundation for a great night's sleep, elevating your sleep experience and adding a personal, handmade touch to your space. Give yourself the restful sleep you deserve in a bed built with your own hands.

What You'll Get:
This downloadable PDF furniture plans package includes everything you need to build the custom bed frame shown in the images. The detailed woodworking plans feature:

Step-by-step instructions with clear diagrams.

A complete cutting list with all dimensions in millimeter measurements (or inches, please specify if you want both).

A list of required tools and materials.

This handmade wooden bed is more than just a place to sleep; it’s a testament to your craftsmanship and creativity. Download the plans today and start building the perfect centerpiece for your bedroom.

Please note: This listing is for a digital PDF plan, not the physical bed frame.",20,USD,76,"woodworking_plans,Custom_Bed,Handmade_Wooden_Bed,PDF_Furniture,Bedroom_Furniture,DIY_Woodworking,Wooden_Bed_Frame,Solid_Wood_Bed,Rustic_Bed","Digital Download,PDF File,Digital Instructions,Instant Download,Printable File",https://i.etsystatic.com/37058139/r/il/c3fd12/7162017910/il_fullxfull.7162017910_69ip.jpg,https://i.etsystatic.com/37058139/r/il/f28211/7162017904/il_fullxfull.7162017904_jc4b.jpg,https://i.etsystatic.com/37058139/r/il/5ff5de/7210007119/il_fullxfull.7210007119_8zwn.jpg,https://i.etsystatic.com/37058139/r/il/44c051/7210007121/il_fullxfull.7210007121_p3rq.jpg,https://i.etsystatic.com/37058139/r/il/18e0cd/7210007125/il_fullxfull.7210007125_eyo9.jpg,https://i.etsystatic.com/37058139/r/il/65428b/7210007115/il_fullxfull.7210007115_f4kg.jpg,https://i.etsystatic.com/37058139/r/il/a0fe74/7210007127/il_fullxfull.7210007127_m7um.jpg,,,,,,,,,,1
"Outdoor Wood Plant Stand DIY Plan | 4-Tier Stepped Planter Woodworking Blueprint (Digital Download)","Greet Your Guests in Style with a DIY Tall Welcome Planter Stand!

Looking for the perfect front porch decor to showcase your beautiful spring flowers? Build your own stunning wood welcome stand with planter using our comprehensive woodworking plans. This tall, 4-tier vertical design is perfect for holding multiple pots, lanterns, or an elegant ""Welcome"" sign at the top. It is the ultimate farmhouse style planter project to boost your home's curb appeal!

Whether you need a sturdy planter stand plans project for your entryway or a stylish wood plant box for your patio, these step-by-step instructions will help you craft a professional-quality, beautiful wooden display.

📐 PLANTER STAND DIMENSIONS:

Overall Width: 18 inches
Overall Depth: 15 1/2 inches
Overall Height: 61 1/2 inches

🛠️ WHAT IS INCLUDED IN THIS DIGITAL DOWNLOAD?

Detailed Building Plans: Clear, step-by-step instructions with 3D illustrations for your stepped planter woodwork project.
Comprehensive Material List: Know exactly what weather-resistant lumber and hardware to buy.
Precise Cut List: Minimize wood waste and save money with our accurate welcome planter plans.
Assembly Tips: Professional advice on framing, ensuring perfect spacing for the square planter tiers, and achieving a stable, perfectly balanced stand.

💡 WHY CHOOSE OUR PLANS?

Building your own outdoor wood decor is an incredibly rewarding and budget-friendly weekend project. This robust, multi-tier design offers superior durability compared to lightweight store-bought stands. It’s a versatile piece that you can customize with your favorite paint or stain to match your front door perfectly.

⚠️ PLEASE NOTE: This is a DIGITAL DOWNLOAD only. No physical items, welcome signs, pots, flowers, or lumber will be shipped. You will receive high-quality PDF files instantly upon purchase.",4,USD,92,"welcome_planter,planter_stand_plans,wood_plant_stand,tall_planter_diy,welcome_sign_planter,farmhouse_planter,vertical_planter_diy,porch_planter_stand,wood_plant_box,outdoor_wood_decor,stepped_planter,diy_planter_box,woodworking_plans",Wood,https://i.etsystatic.com/37058139/r/il/2f4c0a/7825038799/il_fullxfull.7825038799_dln3.jpg,https://i.etsystatic.com/37058139/r/il/1c93c2/7825038803/il_fullxfull.7825038803_kxev.jpg,https://i.etsystatic.com/37058139/r/il/b5db00/7777110242/il_fullxfull.7777110242_he78.jpg,https://i.etsystatic.com/37058139/r/il/217855/7825038817/il_fullxfull.7825038817_szqc.jpg,https://i.etsystatic.com/37058139/r/il/3fe762/7777110236/il_fullxfull.7777110236_gq30.jpg,https://i.etsystatic.com/37058139/r/il/2754d1/7777110250/il_fullxfull.7777110250_kgpc.jpg,https://i.etsystatic.com/37058139/r/il/bcec00/7777110254/il_fullxfull.7777110254_ss3s.jpg,https://i.etsystatic.com/37058139/r/il/bf2787/7777110260/il_fullxfull.7777110260_cshp.jpg,https://i.etsystatic.com/37058139/r/il/931877/7825038835/il_fullxfull.7825038835_2aqf.jpg,,,,,,,,1
"Wooden Market Cart DIY Plans | Collapsible Vendor Stall Blueprint (PDF Download)","Build the Ultimate Display for Your Business or Event 🍋🍬🌸

Are you ready to turn your passion into a business? Whether you are planning a rustic wedding, opening a lemonade stand with your kids, or selling handmade goods at a craft fair, this Wooden Market Cart is the perfect foundation for your success.

This isn't just a stand; it's a versatile Vendor Cart Pattern designed to be the centerpiece of any event. With its classic large wheels and charming canopy frame, it draws customers in and creates an unforgettable aesthetic.

Why Builders Love These Plans:

Multi-Purpose Design: One build, endless possibilities! Use it as a Candy Cart for weddings, a DIY Flower Cart for pop-up shops, a Lemonade Stand, or a Portable Bar for parties.

Sturdy & Professional: Designed with robust dimensions to handle real-world use, yet engineered to be disassembled for easier transport to and from events.

Step-by-Step Guide: Clear instructions that take the guesswork out of building complex parts like the wagon wheels.

📏 Exact Dimensions (As featured in the blueprint):

Total Height: 72 5/16"" (approx. 6 ft / 184 cm) – High enough for great visibility!

Total Width: 54 1/4"" (approx. 4.5 ft / 138 cm)

Table Depth: 28"" (approx. 71 cm) – Plenty of workspace for serving or display.

🛠️ What You Can Do With This Cart:

🍹 Lemonade & Drink Station: The perfect height for serving refreshments.

🍭 Wedding Candy Bar: Create a ""Sweet Treat Cart"" that guests will Instagram immediately.

💐 Flower Bar: Deep shelves allow for buckets of fresh blooms.

☕ Coffee & Hot Cocoa Stand: Start your mobile café business.

📂 What’s Included in Your Download:

Comprehensive PDF Building Plans (Imperial Units).

Detailed Cut List & Material Shopping List.

Start Your Side Hustle Today! Stop renting expensive props and build your own asset. These folding cart plans are an investment that pays for itself after just one event!

Please Note: This listing is for a DIGITAL DOWNLOAD (PDF Plans) only. No physical wood or cart will be shipped to you.",8,USD,76,"Lemonade_Stand_DIY,Candy_Cart_Plans,Collapsible_Cart,Market_Stall_Plan,Flower_Cart_Wood,Vendor_Display,Portable_Bar_Cart,Wedding_Prop_DIY,Sweet_Cart_Pattern,Folding_Stand_PDF,Event_Kiosk_Build,Woodworking_Plans,Digital_Blueprint","Digital Download,PDF File,Digital Instructions,Instant Download,Printable File",https://i.etsystatic.com/37058139/r/il/95fc90/7679022825/il_fullxfull.7679022825_d440.jpg,https://i.etsystatic.com/37058139/r/il/db74d8/7631071782/il_fullxfull.7631071782_h0r4.jpg,https://i.etsystatic.com/37058139/r/il/e46c1c/7631071776/il_fullxfull.7631071776_ji1o.jpg,https://i.etsystatic.com/37058139/r/il/a308dd/7679022833/il_fullxfull.7679022833_qimr.jpg,https://i.etsystatic.com/37058139/r/il/45fb99/7631071780/il_fullxfull.7631071780_gegb.jpg,https://i.etsystatic.com/37058139/r/il/822738/7679022823/il_fullxfull.7679022823_n21b.jpg,https://i.etsystatic.com/37058139/r/il/8772c3/7631071762/il_fullxfull.7631071762_caq5.jpg,https://i.etsystatic.com/37058139/r/il/17b614/7678994803/il_fullxfull.7678994803_jc7a.jpg,https://i.etsystatic.com/37058139/r/il/af41dd/7631043684/il_fullxfull.7631043684_hhpe.jpg,https://i.etsystatic.com/37058139/r/il/03eb73/7678994823/il_fullxfull.7678994823_j5zf.jpg,,,,,,,1
"DIY Farmstand Plans: Portable Produce, Flower, Bakery Cart (PDF Download)","Update: I've added another updated free plan to the current plan. You'll get two plans for the price of one.

Handcrafted by You, For Your Dream: Build the Perfect Farmstand Today! 

With our digital DIY plans, you can easily create a beautiful wooden stand to showcase your fresh produce, artisan goods, or vibrant flowers. Download the Instant PDF Guide and start your building adventure now!

Every farm-fresh egg, every vibrant bouquet, and every loaf of artisan sourdough has a story. Now, it’s time to give that story the beautiful stage it deserves.

These detailed woodworking plans were designed not just to help you build a stand, but to create a charming destination for your passion. Whether you're greeting smiling customers at a roadside stand, becoming the star of the local farmer's market, or setting up a lovely flower cart in your neighborhood, this versatile and portable cart will be your greatest asset.

✨ Why You'll Love These Plans:

Step-by-Step Simplicity: No complex jargon here! Whether you're a seasoned woodworker or just starting, our easy-to-follow instructions and detailed 3D diagrams will guide you confidently through every cut and screw.

Save Time & Avoid Guesswork: Our complete shopping list and precise cut list mean you'll walk into the hardware store knowing exactly what you need. No wasted trips, no wasted materials.

A Canvas for Your Creativity: Consider this your starting point! Paint it a cheerful color, add a chalkboard sign, or hang a basket for herbs. Our classic design is the perfect foundation for your unique brand and style.

🌱 Perfect For A Variety Of Uses:

Roadside Produce Stand: Showcase your garden's bounty in style.

Egg Selling Stand: A charming and professional display for your fresh eggs.

Flower & Plant Cart: Create an eye-catching mobile nursery for your plants and bouquets.

Bakery & Sourdough Display: A perfect cart for your delicious handmade breads and pastries.

Lemonade or Coffee Bar: The cutest pop-up for neighborhood events and parties!

📦 WHAT YOUR DIGITAL DOWNLOAD INCLUDES:

A comprehensive, multi-page PDF guide.

A complete materials and shopping list.

A detailed cut list

Helpful tips and tricks to ensure a smooth build.

⚠️ PLEASE NOTE!

This listing is for a DIGITAL PRODUCT ONLY. You are purchasing a PDF file with DIY plans, not a physical farmstand. No physical item will be shipped to you. Upon purchase, the file will be available for instant download in your Etsy account. 

You're just one step away from building the stand of your dreams. Click 'Add to Cart' now and start your next favorite project today!",16,USD,91,"DIY_Farmstand,Roadside_Plant,Flower_Cart,Fruit_Stand,Vegetable_Stands,Roadside_Egg,Bakery_Cart,Sourdough_Cart,driveway_farmstand,farmer's_market,Flower_Stand,Mobile_Farm_Cart","Digital Download,PDF File,Digital Instructions,Instant Download,Printable File",https://i.etsystatic.com/37058139/r/il/1767b1/7265675249/il_fullxfull.7265675249_iybi.jpg,https://i.etsystatic.com/37058139/r/il/38fedf/7217708226/il_fullxfull.7217708226_h5f3.jpg,https://i.etsystatic.com/37058139/r/il/18e40d/7265675239/il_fullxfull.7265675239_exg3.jpg,https://i.etsystatic.com/37058139/r/il/f3fbfa/7265675251/il_fullxfull.7265675251_hruh.jpg,https://i.etsystatic.com/37058139/r/il/463aa0/7265675237/il_fullxfull.7265675237_pza0.jpg,https://i.etsystatic.com/37058139/r/il/e0fa0f/7217708218/il_fullxfull.7217708218_odfv.jpg,https://i.etsystatic.com/37058139/r/il/6a87b7/7265675243/il_fullxfull.7265675243_lxef.jpg,https://i.etsystatic.com/37058139/r/il/0752d8/7265675255/il_fullxfull.7265675255_4n9q.jpg,https://i.etsystatic.com/37058139/r/il/d54124/7265675247/il_fullxfull.7265675247_7igx.jpg,https://i.etsystatic.com/37058139/r/il/792802/7265675253/il_fullxfull.7265675253_4toq.jpg,,,,,,,1
"Lean To Carport DIY Plans | Gazebo Plans | Open Pavilion for Backyard & Patio | Attached Patio Roof Plan PDF | Custom Carports Woodworking","Build the Perfect Shelter for Your Car or Patio!

Protect your vehicle from the elements or create a stunning covered outdoor living space with this heavy-duty DIY Lean-To Carport Plan. Whether you need an attached carport plan for your driveway or a spacious patio roof plan to upgrade your backyard, this comprehensive blueprint is designed for durability and style.

Instead of spending thousands on pre-fab structures, build your own custom wooden porch shelter! This versatile design is perfect as a 1 car carport, a protective awning for your outdoor equipment, or a beautiful shaded patio barrier for family gatherings.

📐 OVERALL DIMENSIONS:

Width: 288 inches (24 Feet)
Depth: 120 inches (10 Feet)
Height: 121-7/16 inches (Approx. 10 Feet)

🛠️ WHAT'S INCLUDED IN THIS DIGITAL DOWNLOAD?

High-quality Custom Carports & Lean-To Blueprint instantly available in PDF format.
Detailed material list and exact cut list to maximize your lumber and save money.
Step-by-step 3D illustrated assembly instructions.
Perfect for a front porch plan or robust backyard shelter.

💡 WHY CHOOSE THESE LEAN-TO PLANS?

Dual Purpose: Works beautifully as either a vehicle shelter or a relaxing outdoor living space.
Sturdy Construction: Engineered with robust posts and bracing to withstand the elements.
Digital Format: Print it out in your shop or follow along easily on your tablet.

Please Note: This is a DIGITAL DOWNLOAD only. No physical item will be shipped. Due to the nature of digital products, we do not accept returns or cancellations.

Start building your ultimate outdoor shelter today! Add these Lean-to Plans to your cart and get instant access.",10,USD,82,"Lean_to_Plans,Attached_Carport,Patio_Roof_Plan,Wood_Porch_Shelter,10x24_Carport_Plan,1_Car_Carport,Front_Porch_Plan,Custom_Carports,Wood_Awning_Plan,DIY_Patio_Cover,Carport_Blueprints,Lean_To_Carport,Backyard_Shelter","Digital Download,PDF File,Digital Instructions,Instant Download,Printable File",https://i.etsystatic.com/37058139/r/il/c82c02/7852960151/il_fullxfull.7852960151_pkvs.jpg,https://i.etsystatic.com/37058139/r/il/40f972/7805018334/il_fullxfull.7805018334_ewjv.jpg,https://i.etsystatic.com/37058139/r/il/0ab5d5/7852960133/il_fullxfull.7852960133_hgkx.jpg,https://i.etsystatic.com/37058139/r/il/188444/7805018380/il_fullxfull.7805018380_ibad.jpg,https://i.etsystatic.com/37058139/r/il/89cf2f/7805018374/il_fullxfull.7805018374_fu8i.jpg,https://i.etsystatic.com/37058139/r/il/18e0b0/7852960171/il_fullxfull.7852960171_cqrh.jpg,https://i.etsystatic.com/37058139/r/il/e3eea0/7805018458/il_fullxfull.7805018458_4wuk.jpg,https://i.etsystatic.com/37058139/r/il/9fd09f/7852960231/il_fullxfull.7852960231_mrdy.jpg,https://i.etsystatic.com/37058139/r/il/732d68/7805018462/il_fullxfull.7805018462_33ug.jpg,,,,,,,,1
"DIY Tiered Plant Stand Plans | A-Frame Wood Ladder Shelf Blueprint (Digital Download)","Display Your Greenery with Style using DIY Tiered Plant Stand Plans!

Looking for the perfect way to organize your favorite flowers and herbs? Build your own beautiful and sturdy outdoor ladder shelf with our comprehensive tiered plant stand plans. This elegant A-frame design is the ideal DIY planter stand design for your porch, patio, or indoor garden nook, offering a professional look that elevates any space.

Whether you need a functional tiered ladder herb garden for your kitchen or a decorative plant shelf stand for your backyard, these step-by-step instructions make the build process smooth and enjoyable. It’s the ultimate plant stand template for woodworkers of all levels!

📐 PLANT STAND DIMENSIONS:

Overall Width: 42 inches
Overall Depth: 18 1/8 inches
Overall Height: 42 1/2 inches

🛠️ WHAT IS INCLUDED IN THIS DIGITAL DOWNLOAD?

Detailed Building Plans: Clear, step-by-step instructions with 3D illustrations.
Comprehensive Material List: Know exactly what lumber and hardware to buy.
Precise Cut List: Minimize wood waste and save money on your herb box tiered planter plans.
Measurements: Easy-to-follow dimensions to ensure a perfectly balanced and sturdy ladder shelf.
Assembly Tips: Everything you need to know, from framing the A-legs to securely attaching the multi-tier slats.

💡 WHY CHOOSE OUR PLANS?

Our wood plant stand 2 tier and 3 tier designs are engineered for durability and style. This ladder shelf for plants provides maximum airflow and sunlight for your greenery while keeping everything organized. It’s a much more rewarding and higher-quality alternative to store-bought plastic stands.

⚠️ PLEASE NOTE: This is a DIGITAL DOWNLOAD only. No physical items, pots, plants, hardware, or lumber will be shipped. You will receive high-quality PDF files instantly upon purchase.

Start your woodworking project today and create a stunning vertical garden for your home!",5,USD,89,"tiered_plant_stand,outdoor_ladder,plant_stand_plans,diy_plant_stand,ladder_shelf,herb_planter_diy,plant_stand_diy,wood_plant_stand,garden_plant_shelf,flower_stand_plans,tiered_herb_garden,plant_stand_pdf,woodworking_plans",Wood,https://i.etsystatic.com/37058139/r/il/af71b6/7766472312/il_fullxfull.7766472312_ttme.jpg,https://i.etsystatic.com/37058139/r/il/f59148/7814417411/il_fullxfull.7814417411_4nke.jpg,https://i.etsystatic.com/37058139/r/il/a37ba7/7766472318/il_fullxfull.7766472318_i715.jpg,https://i.etsystatic.com/37058139/r/il/a025d5/7766472306/il_fullxfull.7766472306_9mt3.jpg,https://i.etsystatic.com/37058139/r/il/83b564/7766472298/il_fullxfull.7766472298_5iqv.jpg,https://i.etsystatic.com/37058139/r/il/8e9246/7766472296/il_fullxfull.7766472296_krkf.jpg,https://i.etsystatic.com/37058139/r/il/63573c/7814417445/il_fullxfull.7814417445_6f1q.jpg,https://i.etsystatic.com/37058139/r/il/e30490/7814417449/il_fullxfull.7814417449_sitt.jpg,,,,,,,,,1
"Farm Stand DIY Plans | Roadside Plant, Flower, Fruit Stand | Portable Egg, Vegetable Cart | Bakery, Sourdough Display | Farmer's Market","Handcrafted by You, For Your Dream: Build the Perfect Farmstand Today! 

With our digital DIY plans, you can easily create a beautiful wooden stand to showcase your fresh produce, artisan goods, or vibrant flowers. Download the Instant PDF Guide and start your building adventure now!

Every farm-fresh egg, every vibrant bouquet, and every loaf of artisan sourdough has a story. Now, it’s time to give that story the beautiful stage it deserves.

These detailed woodworking plans were designed not just to help you build a stand, but to create a charming destination for your passion. Whether you're greeting smiling customers at a roadside stand, becoming the star of the local farmer's market, or setting up a lovely flower cart in your neighborhood, this versatile and portable cart will be your greatest asset.

✨ Why You'll Love These Plans:

Step-by-Step Simplicity: No complex jargon here! Whether you're a seasoned woodworker or just starting, our easy-to-follow instructions and detailed 3D diagrams will guide you confidently through every cut and screw.

Save Time & Avoid Guesswork: Our complete shopping list and precise cut list mean you'll walk into the hardware store knowing exactly what you need. No wasted trips, no wasted materials.

A Canvas for Your Creativity: Consider this your starting point! Paint it a cheerful color, add a chalkboard sign, or hang a basket for herbs. Our classic design is the perfect foundation for your unique brand and style.

🌱 Perfect For A Variety Of Uses:

Roadside Produce Stand: Showcase your garden's bounty in style.

Egg Selling Stand: A charming and professional display for your fresh eggs.

Flower & Plant Cart: Create an eye-catching mobile nursery for your plants and bouquets.

Bakery & Sourdough Display: A perfect cart for your delicious handmade breads and pastries.

Lemonade or Coffee Bar: The cutest pop-up for neighborhood events and parties!

📦 WHAT YOUR DIGITAL DOWNLOAD INCLUDES:

A comprehensive, multi-page PDF guide.

A complete materials and shopping list.

A detailed cut list

Helpful tips and tricks to ensure a smooth build.

⚠️ PLEASE NOTE!

This listing is for a DIGITAL PRODUCT ONLY. You are purchasing a PDF file with DIY plans, not a physical farmstand. No physical item will be shipped to you. Upon purchase, the file will be available for instant download in your Etsy account. Due to the nature of digital products, refunds cannot be issued.

You're just one step away from building the stand of your dreams. Click 'Add to Cart' now and start your next favorite project today!",16,USD,88,"DIY_Farmstand,Roadside_Plant,Flower_Cart,Fruit_Stand,Vegetable_Stands,Roadside_Egg,Bakery_Cart,Sourdough_Cart,driveway_farmstand,farmer's_market,Flower_Stand,Mobile_Farm_Cart","Digital Download,PDF File,Digital Instructions,Instant Download,Printable File",https://i.etsystatic.com/37058139/r/il/2f761d/7165194896/il_fullxfull.7165194896_tumx.jpg,https://i.etsystatic.com/37058139/r/il/d3aa77/7213182633/il_fullxfull.7213182633_j7bq.jpg,https://i.etsystatic.com/37058139/r/il/d7e323/7165194902/il_fullxfull.7165194902_72vg.jpg,https://i.etsystatic.com/37058139/r/il/7cd6e6/7165194912/il_fullxfull.7165194912_e6eb.jpg,https://i.etsystatic.com/37058139/r/il/32e6b1/7233784320/il_fullxfull.7233784320_h638.jpg,https://i.etsystatic.com/37058139/r/il/c9d2bd/7233784318/il_fullxfull.7233784318_s53w.jpg,https://i.etsystatic.com/37058139/r/il/6aad18/7112557918/il_fullxfull.7112557918_l9jq.jpg,https://i.etsystatic.com/37058139/r/il/55af1d/7160528159/il_fullxfull.7160528159_lbo4.jpg,,,,,,,,,1
"DIY Outdoor Storage Cabinet Plans | Tall Outdoor Shed Blueprint | Garden Tool Closet PDF","Organize Your Backyard with Premium DIY Tall Outdoor Storage Cabinet Plans!

Tired of a cluttered patio or an unorganized garage? Build the ultimate storage solution with our comprehensive outdoor storage cabinet plans. Standing an impressive 10 feet tall, this massive tall outdoor shed features beautiful slatted doors that provide excellent ventilation—perfect for storing damp hoses, patio cushions, soil bags, and gardening tools safely out of the elements.

Whether you are looking for a dedicated patio cushion storage cabinet or a heavy-duty outdoor storage closet to upgrade your garden organization, these step-by-step woodworking blueprints will guide you to a professional-quality build.

📐 CABINET DIMENSIONS:

Overall Width: 51 3/8 inches
Overall Depth: 24 inches
Overall Height: 121 inches

🛠️ WHAT IS INCLUDED IN THIS DIGITAL DOWNLOAD?

Detailed Building Plans: Clear, step-by-step instructions with 3D illustrations for your diy plans outdoor wood cabinet project.
Comprehensive Material List: Know exactly what weather-resistant lumber, hinges, and hardware to buy.
Precise Cut List: Minimize wood waste and save money with our accurate outdoor cabinet plans.
Assembly Tips: Professional advice on framing this tall structure, building the beautiful slatted doors, and ensuring a perfectly level and stable base.

💡 WHY CHOOSE OUR PLANS?

Building your own patio outdoor storage cupboard is incredibly rewarding and saves you hundreds of dollars compared to buying flimsy, plastic store-bought sheds. This solid wood design offers superior durability, resists harsh weather when properly sealed, and adds a high-end, custom architectural look to your outdoor living space!

⚠️ PLEASE NOTE: This is a DIGITAL DOWNLOAD only. No physical items, gardening tools, soil, hardware, or lumber will be shipped. You will receive high-quality PDF files instantly upon purchase.",5,USD,95,"outdoor_cabinet,tall_outdoor_shed,storage_cabinet_diy,patio_storage_closet,garden_shed_plans,tool_storage_diy,outdoor_closet_pdf,cushion_storage,wood_cabinet_plans,patio_cupboard,tall_cabinet_plan,outdoor_furniture,woodworking_plans",Wood,https://i.etsystatic.com/37058139/r/il/41a741/7777430596/il_fullxfull.7777430596_odiz.jpg,https://i.etsystatic.com/37058139/r/il/8bc0e1/7825359073/il_fullxfull.7825359073_afca.jpg,https://i.etsystatic.com/37058139/r/il/a3dfcc/7777430598/il_fullxfull.7777430598_llqu.jpg,https://i.etsystatic.com/37058139/r/il/680104/7825359087/il_fullxfull.7825359087_b7zh.jpg,https://i.etsystatic.com/37058139/r/il/8b532c/7825359085/il_fullxfull.7825359085_kvi7.jpg,https://i.etsystatic.com/37058139/r/il/56b6de/7825359103/il_fullxfull.7825359103_7t5i.jpg,https://i.etsystatic.com/37058139/r/il/7ec731/7777430664/il_fullxfull.7777430664_lbte.jpg,https://i.etsystatic.com/37058139/r/il/e8b3ad/7777430600/il_fullxfull.7777430600_7hg2.jpg,https://i.etsystatic.com/37058139/r/il/8498ba/7825359141/il_fullxfull.7825359141_ta7j.jpg,https://i.etsystatic.com/37058139/r/il/17cc99/7777430642/il_fullxfull.7777430642_azq0.jpg,,,,,,,1
"Egg Stand Plans | Roadside Egg Selling Stand Plans | Farmstand Plans | Roadside Plant, Flower, Fruit Stand | Portable Egg, Vegetable Cart","Handcrafted by You, For Your Dream: Build the Perfect Farmstand Today! 

With our digital DIY plans, you can easily create a beautiful wooden stand to showcase your fresh produce, artisan goods, or vibrant flowers. Download the Instant PDF Guide and start your building adventure now!

Every farm-fresh egg, every vibrant bouquet, and every loaf of artisan sourdough has a story. Now, it’s time to give that story the beautiful stage it deserves.

These detailed woodworking plans were designed not just to help you build a stand, but to create a charming destination for your passion. Whether you're greeting smiling customers at a roadside stand, becoming the star of the local farmer's market, or setting up a lovely flower cart in your neighborhood, this versatile and portable cart will be your greatest asset.

✨ Why You'll Love These Plans:

Step-by-Step Simplicity: No complex jargon here! Whether you're a seasoned woodworker or just starting, our easy-to-follow instructions and detailed diagrams will guide you confidently through every cut and screw.

Save Time & Avoid Guesswork: Our complete shopping list and precise cut list mean you'll walk into the hardware store knowing exactly what you need. No wasted trips, no wasted materials.

A Canvas for Your Creativity: Consider this your starting point! Paint it a cheerful color, add a chalkboard sign, or hang a basket for herbs. Our classic design is the perfect foundation for your unique brand and style.

🌱 Perfect For A Variety Of Uses:

Roadside Produce Stand: Showcase your garden's bounty in style.

Egg Selling Stand: A charming and professional display for your fresh eggs.

Flower & Plant Cart: Create an eye-catching mobile nursery for your plants and bouquets.

Bakery & Sourdough Display: A perfect cart for your delicious handmade breads and pastries.

Lemonade or Coffee Bar: The cutest pop-up for neighborhood events and parties!

Format: High-Resolution, Printable PDF guide you can view on any device.

📦 WHAT YOUR DIGITAL DOWNLOAD INCLUDES:

A comprehensive, multi-page PDF guide.

A complete materials and shopping list.

A detailed cut list

Helpful tips and tricks to ensure a smooth build.

⚠️ PLEASE NOTE!

This listing is for a DIGITAL PRODUCT ONLY. You are purchasing a PDF file with DIY plans, not a physical farmstand. No physical item will be shipped to you. Upon purchase, the file will be available for instant download in your Etsy account. Due to the nature of digital products, refunds cannot be issued.

You're just one step away from building the stand of your dreams. Click 'Add to Cart' now and start your next favorite project today!",20,USD,55,"DIY_Farmstand,Roadside_Plant,Flower_Cart,Fruit_Stand,Vegetable_Stands,Roadside_Egg,Bakery_Cart,Sourdough_Cart,driveway_farmstand,farmer's_market,Flower_Stand,Mobile_Farm_Cart","Digital Download,PDF File,Digital Instructions,Instant Download,Printable File",https://i.etsystatic.com/37058139/r/il/0fb1cf/7213276403/il_fullxfull.7213276403_hci5.jpg,https://i.etsystatic.com/37058139/r/il/1d36be/7213276407/il_fullxfull.7213276407_q0kh.jpg,https://i.etsystatic.com/37058139/r/il/a79dbf/7213276409/il_fullxfull.7213276409_m9wa.jpg,https://i.etsystatic.com/37058139/r/il/472fe1/7165288922/il_fullxfull.7165288922_jenm.jpg,https://i.etsystatic.com/37058139/r/il/7e63a8/7249467620/il_fullxfull.7249467620_8gbp.jpg,https://i.etsystatic.com/37058139/r/il/55af1d/7160528159/il_fullxfull.7160528159_lbo4.jpg,https://i.etsystatic.com/37058139/r/il/6aad18/7112557918/il_fullxfull.7112557918_l9jq.jpg,,,,,,,,,,1
"DIY Duck House Plan PDF | Wooden Duck Coop Blue Prints | Modern Duck Shed Build | Small Chicken Coup Design | Backyard Poultry Blueprint","Build a Beautiful, Safe, and Cozy Home for Your Flock!

100% Satisfaction & Money-Back Guarantee! We are so confident that you will love building this project that we offer a 100% money-back guarantee. If you are not completely satisfied with these plans for any reason, we will refund your purchase—no questions asked!

Ongoing Support via Etsy Messages We are here for you! If you have any questions, need technical advice, or require help during your build process, simply send us a message through Etsy. We provide full, ongoing support to ensure your backyard project is a total success.

About This Build Treat your waterfowl to the ultimate backyard upgrade with this premium Duck House Plan! Unlike a basic Coop Plans a Frame or standard A Frame Duck House Plans, this Modern Duck House features a charming rustic aesthetic with a functional heart-shaped ventilation window, an easy-access ramp tailored for waddling ducks, and an elevated floor to keep your flock dry and secure from predators.

This highly versatile Duck Coop Building Plan gives you everything you need to construct a durable shelter. Whether you need a dedicated Duck Shed Build, a high-quality Small Chicken Coup Design, or adaptable Quail Cottage Plans, this structure fits the bill perfectly. By adding skids to the sturdy base legs, you can easily convert this into a Movable Duck Coop to rotate your flock around the yard!

If you have been browsing Chicken Coop, Designs, and Plans but need something specifically tailored, these Duck Coop Blue Prints are exactly what you are looking for. It serves beautifully as a standalone Chicken House or Kurnik, and is the perfect starting point if you want to attach a Small Coop With Run later on.

Dimensions

Width: 59-1/2""
Depth: 65-3/4""
Overall Height: 68-15/16"" (Designed with a spacious interior and elevated legs for optimal drainage and predator protection)

What You Will Get in This PDF

Instant Digital Download: Get your Duck House Diy started today!

Step-by-Step Instructions: Clear, logical guide for builders of all skill levels.

Detailed 3D CAD Illustrations: Visual aids for framing, siding, and roofing.

Comprehensive Material List: Know exactly what lumber to buy.

Exact Cut List: Minimize waste and save money at the hardware store.

Stop searching through endless Duck Shed Plans or complex Chicken Castle Plans. Download this detailed, easy-to-follow blueprint today and build a sturdy, beautiful home your ducks will love!",10,USD,80,"Duck_House_Plan,Duck_Coop_Plan,Duck_Shed_Build,Movable_Duck_Coop,Small_Chicken_Coup,Modern_Duck_House,Quail_Cottage_Plans,DIY_Animal_Shelter,Woodworking_Plans,Backyard_Poultry,Duck_Enclosure_DIY,Wooden_Coop_Build,Duck_Coop",,https://i.etsystatic.com/37058139/r/il/105e95/7976592572/il_fullxfull.7976592572_yzpm.jpg,https://i.etsystatic.com/37058139/r/il/9f5a40/8024546903/il_fullxfull.8024546903_tmgh.jpg,https://i.etsystatic.com/37058139/r/il/94f596/8024546905/il_fullxfull.8024546905_njjq.jpg,https://i.etsystatic.com/37058139/r/il/2d0077/8024546909/il_fullxfull.8024546909_4rzs.jpg,https://i.etsystatic.com/37058139/r/il/87c0f9/7976592570/il_fullxfull.7976592570_aejy.jpg,https://i.etsystatic.com/37058139/r/il/38309c/8024546911/il_fullxfull.8024546911_bw9s.jpg,https://i.etsystatic.com/37058139/r/il/d55500/7989793421/il_fullxfull.7989793421_dg5z.jpg,https://i.etsystatic.com/37058139/r/il/a07c82/7941835568/il_fullxfull.7941835568_dwk7.jpg,https://i.etsystatic.com/37058139/r/il/54cce6/7941835576/il_fullxfull.7941835576_1ghe.jpg,,,,,,,,1
"DIY Kids Playhouse Plans | Outdoor Lofted Playhouse PDF | 2 Story Wooden Clubhouse Build | Treehouse Blueprint | Playground Fort Plans","Build the Ultimate Two-Story Backyard Playhouse!

Give your kids the backyard of their dreams with these comprehensive DIY Kids Playhouse Plans! This impressive, large-scale wooden clubhouse features a raised, lofted design, a full wrap-around front porch, sturdy stairs, and an enclosed upper cabin. It is the perfect foundation for the ultimate kids outdoor play structure.

Skip the flimsy pre-made kits and use this playhouse plans blueprint to build a durable, heavy-duty play fort that will last throughout their childhood. Whether you call it a treehouse, a fort, or a DIY kids club house, this project is guaranteed to be the centerpiece of your backyard.

📐 OVERALL DIMENSIONS:

Width (Roof Peak): 146-15/16 inches (Approx. 12.2 Feet)
Base Width/Depth: 134-3/4 inches (Approx. 11.2 Feet)
Overall Height: 222-3/8 inches (Approx. 18.5 Feet)

🛠️ WHAT'S INCLUDED IN THIS DIGITAL DOWNLOAD?

High-quality Playground PDF blueprints instantly available after purchase.
Detailed material list and exact cut list for this large-scale build.
Step-by-step 3D illustrated assembly instructions.
Perfect guide for building an outdoor lofted playhouse.

💡 WHY CHOOSE THESE WOODWORKING PLANS?

Massive Play Area: The two-story design offers both a shaded ground area (perfect for a sandbox!) and a secure upper fort.
Premium Design: Features classic siding details, windows, and an outdoor playhouse with front porch.
Digital Format: Print the blueprints out or view them easily on your tablet on the job site.

Please Note: This is a DIGITAL DOWNLOAD only. No physical item will be shipped. Due to the nature of digital products, we do not accept returns or cancellations.

Start building their dream fort today! Add these Playhouse Plans to your cart and get instant access.",9.99,USD,97,"Playhouse_Plans,Kids_Playhouse_DIY,Lofted_Playhouse,Wooden_Clubhouse,Treehouse_Plans,Playground_Fort_Plan,Outdoor_Play_Set,DIY_Kids_Club_House,Playset_Build_Plan,2_Story_Playhouse,Playhouse_Blueprint,Backyard_Playground,Wood_Fort_Plans_PDF","Digital Download,PDF File,Digital Instructions,Instant Download,Printable File",https://i.etsystatic.com/37058139/r/il/9c1139/7805177406/il_fullxfull.7805177406_nh5r.jpg,https://i.etsystatic.com/37058139/r/il/6057c0/7853119855/il_fullxfull.7853119855_qow2.jpg,https://i.etsystatic.com/37058139/r/il/71cbc9/7853119897/il_fullxfull.7853119897_ko1e.jpg,https://i.etsystatic.com/37058139/r/il/9352b3/7805177438/il_fullxfull.7805177438_f6et.jpg,https://i.etsystatic.com/37058139/r/il/3f905f/7853119909/il_fullxfull.7853119909_153h.jpg,https://i.etsystatic.com/37058139/r/il/92321e/7853119905/il_fullxfull.7853119905_tmq9.jpg,https://i.etsystatic.com/37058139/r/il/5d3de6/7853119921/il_fullxfull.7853119921_nnx2.jpg,https://i.etsystatic.com/37058139/r/il/966170/7805177472/il_fullxfull.7805177472_mhw7.jpg,https://i.etsystatic.com/37058139/r/il/c475c5/7853119929/il_fullxfull.7853119929_8fnz.jpg,,,,,,,,1
"DIY Mobile Table & Miter Saw Station Plans PDF | Rolling Tool Cart Blueprint | Woodworking Shop Workbench | Portable Power Tool Stand","Build the Ultimate Mobile Workstation for Your Workshop!

100% Satisfaction & Money-Back Guarantee!

We are so confident that you will love building this project that we offer a 100% money-back guarantee. If you are not completely satisfied with these plans for any reason, we will refund your purchase—no questions asked! Plus, if you need any help or have questions during the build, we are always here to provide full support and guidance via Etsy messages.

About This Build

Take your workshop organization to the next level with this incredibly sturdy and versatile DIY rolling tool stand! While the custom frame design is a perfect home for a table saw, it also serves as an excellent mobile workstation for your miter saw, planer, or other heavy benchtop power tools.

This heavy-duty rolling cart features a secure upper framing system to lock your tools in place and smooth-rolling casters for ultimate mobility around your garage or shop. It also includes two spacious lower shelves, providing plenty of room to store accessories, blades, and scrap wood. It is a brilliant, beginner-friendly woodworking project that adds immense value to any workspace.

Dimensions

Width: 3'-4"" (40 inches)
Depth: 2'-9"" (33 inches)
Overall Height: 3'-2"" (38 inches)

Stop working on the floor or cluttered, wobbly tables. Download your detailed mobile workbench plan today and build a dedicated, professional station for your power tools!",5,USD,80,"Miter_Saw_Table,Table_Saw_Stand,Mobile_Workbench,Tool_Cart_DIY,Woodworking_Plans,Rolling_Shop_Cart,Power_Tool_Stand,Workbench_Blueprint,Workshop_Storage,Garage_Organization,DIY_Saw_Stand,Portable_Work_Table,Shop_Furniture_Plan",,https://i.etsystatic.com/37058139/r/il/890bdc/7941835552/il_fullxfull.7941835552_m0u9.jpg,https://i.etsystatic.com/37058139/r/il/ca7a98/7989793417/il_fullxfull.7989793417_syfi.jpg,https://i.etsystatic.com/37058139/r/il/194b1c/7941835554/il_fullxfull.7941835554_awep.jpg,https://i.etsystatic.com/37058139/r/il/0b6d6c/7941835550/il_fullxfull.7941835550_g6yd.jpg,https://i.etsystatic.com/37058139/r/il/ba5483/7941835562/il_fullxfull.7941835562_kam1.jpg,https://i.etsystatic.com/37058139/r/il/ebea92/7941835560/il_fullxfull.7941835560_lskt.jpg,https://i.etsystatic.com/37058139/r/il/3e73a7/7989793423/il_fullxfull.7989793423_ce10.jpg,https://i.etsystatic.com/37058139/r/il/3eee87/7989793427/il_fullxfull.7989793427_aiyi.jpg,https://i.etsystatic.com/37058139/r/il/d55500/7989793421/il_fullxfull.7989793421_dg5z.jpg,https://i.etsystatic.com/37058139/r/il/a07c82/7941835568/il_fullxfull.7941835568_dwk7.jpg,,,,,,,1
"DIY Outdoor Bar Plans | Slatted Wood Mobile Bar Blueprint (PDF Download)","Entertain in Style with Premium DIY Mobile Outdoor Bar Plans!

Ready to become the ultimate backyard host? Build your own stunning and highly functional mobile bar with our comprehensive woodworking plans. This premium outdoor bar features a beautiful slatted wood design, a spacious serving top, and heavy-duty caster wheels, making it the perfect build bar on wheels project for your patio, deck, or poolside.

Whether you are looking for stylish backyard bar plans for summer BBQs or elegant wedding bar plans for a special event, these step-by-step blueprints will guide you to a professional-quality, heavy-duty build.

📐 BAR DIMENSIONS:

Overall Width: 98 7/16 inches
Overall Depth: 33 15/16 inches
Overall Height: 45 inches

🛠️ WHAT IS INCLUDED IN THIS DIGITAL DOWNLOAD?

Detailed Building Plans: Clear, step-by-step instructions with 3D illustrations for your diy bar plans project.
Comprehensive Material List: Know exactly what weather-resistant lumber, hardware, and heavy-duty wheels to buy.
Precise Cut List: Minimize wood waste and save money with our accurate outdoor bar blueprint.
Assembly Tips: Professional advice on framing the bar structure, assembling the slatted front panels, and ensuring a perfectly level, mobile serving surface.

💡 WHY CHOOSE OUR PLANS?

Building your own diy outdoor bar is incredibly rewarding and saves you thousands of dollars compared to buying high-end, prefabricated outdoor furniture. This solid wood design is far more durable than mass-produced alternatives. Plus, you can easily customize the finish with your favorite outdoor stain or paint to perfectly match your backyard decor!

⚠️ PLEASE NOTE: This is a DIGITAL DOWNLOAD only. No physical items, wheels, hardware, beverages, or lumber will be shipped. You will receive high-quality PDF files instantly upon purchase.",5,USD,82,"mobile_bar_plans,outdoor_bar_diy,bar_on_wheels,patio_bar_plans,backyard_bar,portable_bar_diy,wedding_bar_plans,diy_bar_blueprint,wood_bar_design,outdoor_furniture,outside_bar_plan,beverage_station,woodworking_plans",Wood,https://i.etsystatic.com/37058139/r/il/e7be7e/7825443415/il_fullxfull.7825443415_qho5.jpg,https://i.etsystatic.com/37058139/r/il/0bbae7/7825443405/il_fullxfull.7825443405_cm80.jpg,https://i.etsystatic.com/37058139/r/il/aaf4fa/7777515824/il_fullxfull.7777515824_1rr6.jpg,https://i.etsystatic.com/37058139/r/il/faf283/7825443403/il_fullxfull.7825443403_ts04.jpg,https://i.etsystatic.com/37058139/r/il/80d118/7777515826/il_fullxfull.7777515826_engj.jpg,https://i.etsystatic.com/37058139/r/il/d5dd44/7825443417/il_fullxfull.7825443417_lqay.jpg,https://i.etsystatic.com/37058139/r/il/3da85b/7777515930/il_fullxfull.7777515930_j2n3.jpg,https://i.etsystatic.com/37058139/r/il/b55bea/7777515922/il_fullxfull.7777515922_ipcn.jpg,https://i.etsystatic.com/37058139/r/il/99aa69/7777515892/il_fullxfull.7777515892_js9x.jpg,https://i.etsystatic.com/37058139/r/il/e94995/7777515888/il_fullxfull.7777515888_592j.jpg,,,,,,,1
"DIY Collapsible Coffee Cart Plans | Mobile Espresso Bar Blueprint (PDF)","☕ Build the Perfect Station for Your Coffee Business!
Turn your passion into a business with these professional Coffee Cart Blueprint plans. Designed specifically for heavy-duty use, this cart is the ideal foundation for a mobile espresso bar, a pop-up bakery, or a professional Foldable Stall for market vendors.
Unlike flimsy tables, this Mobile Coffee Cart Build is engineered to handle the weight of professional espresso machines while maintaining a sleek, modern look. The 36-inch height is ergonomically perfect for barista work.
Why This Design is a Game Changer:
Massive Workspace: With the wings extended, you get a whopping 74 inches of width! This makes it a truly versatile Collapsible Cart Custom build, giving you ample room for your grinder, tamper station, and POS system.
Smart Foldable Design: Need to fit through a standard door or into a van? Just fold down the side wings to reduce the width to 50 inches. It is the ultimate Diy Portable Foldable Carts solution.
Barista-Ready Height: Standing at 36 inches high, this cart is at standard counter height. This is critical for operating tall espresso machines comfortably without reaching too high.
Open Storage Access: The rear features a clean, open shelving layout (Main Body Box: 48"" x 24""), allowing quick access to milk, cups, and supplies during a rush.
Versatile Template: While designed for coffee, this Cart Drawings set is perfect for a Diy Snack Bar Template, a Jewelry Cart Diy, or even a portable DJ booth.
📂 What You Will Receive:
Step-by-Step PDF Guide: Beginner-friendly instructions.
Detailed Cut List: Optimized to reduce wood waste.
Assembly Diagrams: Visual guides for the frame, the Foldable Coffee Cart mechanisms, and caster installation.
Mobile Coffee Cart Pdf: Instant download access.
Perfect For:
Professional Mobile Baristas
Wedding Catering & Collapsible Charcuterie Cart setups
Farmers Market Vendors requiring a Mobile Cart
Startups looking for a budget-friendly Coffee Cart Build Template
Stop dreaming and start building. Get the Coffee Cart Measurements and plans you need to launch your mobile business today!

If you have any questions about the build process or materials, please send me a message. I am happy to help!",15,USD,13,"Custom_food_cart,Charcuterie_cart,foldable_cart,bar_carts,DIY_Cart,Party_cart,beverage_cart,coffee_cart,collapsible_cart,wedding_cart,Mobile_bar,vendor_cart,bar_cart","Digital Download,PDF File,Digital Instructions,Instant Download,Printable File",https://i.etsystatic.com/37058139/r/il/09b5b4/7532073947/il_fullxfull.7532073947_2mne.jpg,https://i.etsystatic.com/37058139/r/il/97bbf2/7484147806/il_fullxfull.7484147806_me55.jpg,https://i.etsystatic.com/37058139/r/il/344f37/7532073967/il_fullxfull.7532073967_kzjs.jpg,https://i.etsystatic.com/37058139/r/il/8f187b/7484147820/il_fullxfull.7484147820_1048.jpg,https://i.etsystatic.com/37058139/r/il/66bfe8/7484147818/il_fullxfull.7484147818_7qmp.jpg,https://i.etsystatic.com/37058139/r/il/e96859/7484147786/il_fullxfull.7484147786_2seq.jpg,https://i.etsystatic.com/37058139/r/il/0999b2/7484147790/il_fullxfull.7484147790_4659.jpg,https://i.etsystatic.com/37058139/r/il/4c7d0b/7484147788/il_fullxfull.7484147788_2nlv.jpg,https://i.etsystatic.com/37058139/r/il/f22612/7532073953/il_fullxfull.7532073953_5f27.jpg,https://i.etsystatic.com/37058139/r/il/09fbb0/7484148952/il_fullxfull.7484148952_kew6.jpg,,,,,,,1
"DIY Humidor Build Plans | Glass Top Cigar Box Blueprint | Humidor Pattern PDF | DIY Woodworking Gifts","Craft the Perfect Elegant Keepsake with DIY Humidor Build Plans!

Looking for the ultimate present for a cigar aficionado or searching for sophisticated diy woodworking gifts? Build your own stunning glass-top desktop humidor with our comprehensive step-by-step blueprints! This elegant design features a display glass top, front-mounted hygrometer placement, and a tight seal to keep humidity levels perfectly balanced.

Whether you are looking for wood projects small enough to build in a weekend or highly detailed plans for wooden boxes to challenge your craftsmanship, these humidor build plans will guide you to a flawless, professional-quality finish.

📐 HUMIDOR DIMENSIONS:

Overall Width: 7.13 inches
Overall Depth: 11.00 inches
Overall Height: 3.41 inches

🛠️ WHAT IS INCLUDED IN THIS DIGITAL DOWNLOAD?

Detailed Building Plans: Clear, step-by-step instructions with 3D illustrations for your humidor pattern project.
Comprehensive Material List: Know exactly what premium hardwood, glass, and hardware (like the hygrometer and dials) to buy.
Accurate Wood Project Cut List: Minimize expensive wood waste and save money with our exact measurements.
Assembly Tips: Professional advice on achieving a perfect, airtight seal and installing the glass panel securely.

💡 WHY CHOOSE OUR PLANS?

A high-end, solid wood humidor can cost hundreds of dollars. This wood crafts blueprint allows you to create a luxury, custom piece at a fraction of the cost. It's a prime example of trending woodworking that makes a truly unforgettable, handcrafted gift!

⚠️ PLEASE NOTE: This is a DIGITAL DOWNLOAD only. No physical items, wood, glass, cigars, or hardware will be shipped. You will receive high-quality PDF files instantly upon purchase.",4.99,USD,98,"humidor_build_plans,humidor_pattern,diy_woodworking_gift,wood_projects_small,plans_for_wooden_box,wood_craft_blueprint,cigar_box_diy,project_cut_list,desktop_humidor,humidor_cnc_file,humidor_svg,trending_woodworking,wood_boxes_pattern","Digital Download,PDF File,Digital Instructions,Instant Download,Printable File",https://i.etsystatic.com/37058139/r/il/1c1206/7804884508/il_fullxfull.7804884508_5eb6.jpg,https://i.etsystatic.com/37058139/r/il/c655bc/7804884514/il_fullxfull.7804884514_7if6.jpg,https://i.etsystatic.com/37058139/r/il/9a9d97/7804884520/il_fullxfull.7804884520_d7zr.jpg,https://i.etsystatic.com/37058139/r/il/250a31/7852825831/il_fullxfull.7852825831_pxg1.jpg,https://i.etsystatic.com/37058139/r/il/c6d7ec/7804884528/il_fullxfull.7804884528_65w0.jpg,https://i.etsystatic.com/37058139/r/il/f70c30/7852825827/il_fullxfull.7852825827_d80b.jpg,https://i.etsystatic.com/37058139/r/il/d16656/7852825841/il_fullxfull.7852825841_2afx.jpg,https://i.etsystatic.com/37058139/r/il/8c38ba/7804884540/il_fullxfull.7804884540_gq4g.jpg,,,,,,,,,1
"Tall Planter Box Plans | Modern Tapered Wood Outdoor Blueprint (PDF Download)","Elevate Your Greenery with Premium DIY Tall Planter Box Plans!

Looking to add a touch of modern elegance to your front porch, patio, or living room? Build your own stunning, high-end display with our comprehensive tall planter box plans. This beautiful tapered and slatted design is the perfect entryway planter to showcase your favorite tall plants, ferns, or small indoor trees.

Whether you need a durable planter outside large wooden build to withstand the elements or sleek natural wood planters to complement your interior decor, these step-by-step woodworking blueprints will guide you to a flawless finish.

📐 PLANTER DIMENSIONS:

Overall Width (Top): 23 13/16 inches
Overall Depth (Top): 17 3/16 inches
Overall Height: 36 3/16 inches

🛠️ WHAT IS INCLUDED IN THIS DIGITAL DOWNLOAD?

Detailed Building Plans: Clear, step-by-step instructions with 3D illustrations for your tall wood planter project.
Comprehensive Material List: Know exactly what weather-resistant lumber (like cedar or redwood) and hardware to buy.
Precise Cut List: Minimize wood waste and save money with our accurate tall outside planter guide.
Assembly Tips: Professional advice on framing the tapered shape, assembling the stylish slatted sides, and ensuring proper drainage for your plants.

💡 WHY CHOOSE OUR PLANS?

Buying a large, solid wood tall ceramic planter pot or designer wooden box can cost hundreds of dollars. Building your own floor planters wood project is incredibly rewarding and allows you to customize the stain or paint to perfectly match your home's aesthetic. This sturdy design is built to last and won't crack like cheap plastic alternatives!

⚠️ PLEASE NOTE: This is a DIGITAL DOWNLOAD only. No physical items, soil, plants, hardware, or lumber will be shipped. You will receive high-quality PDF files instantly upon purchase.",5,USD,90,"tall_planter_box,tall_wood_planter,entryway_planter,outdoor_planter_diy,large_wooden_planter,diy_planter_plans,floor_planters_wood,cedar_flower_pots,tall_outside_planter,natural_wood_planter,slatted_planter_box,wood_plant_pot,woodworking_plans",Wood,https://i.etsystatic.com/37058139/r/il/9de31d/7825369135/il_fullxfull.7825369135_2zry.jpg,https://i.etsystatic.com/37058139/r/il/af0ff2/7777440962/il_fullxfull.7777440962_4a8o.jpg,https://i.etsystatic.com/37058139/r/il/84520f/7777441002/il_fullxfull.7777441002_i635.jpg,https://i.etsystatic.com/37058139/r/il/aef1c0/7825369147/il_fullxfull.7825369147_i425.jpg,https://i.etsystatic.com/37058139/r/il/143cc0/7777441008/il_fullxfull.7777441008_17rq.jpg,https://i.etsystatic.com/37058139/r/il/1f7dd6/7825369097/il_fullxfull.7825369097_2pno.jpg,https://i.etsystatic.com/37058139/r/il/9730f6/7777441028/il_fullxfull.7777441028_h6gf.jpg,https://i.etsystatic.com/37058139/r/il/d44674/7777441054/il_fullxfull.7777441054_k7dq.jpg,,,,,,,,,1
"DIY Outdoor Grill Station Plans | BBQ Kitchen Cart Blueprint | Wooden Grill Table Build Guide","Upgrade Your Living Room with a Premium DIY Lift Top Coffee Table!

Are you looking for the perfect blend of style and functionality? Build your own stunning, multifunctional centerpiece with our comprehensive coffee table blueprint. Featuring a sleek mid-century modern design with a built-in drawer, open display shelves, and a hidden compartment, this project is the ultimate DIY coffee table with storage.

Whether you are working from the couch or enjoying a meal in front of the TV, the elevated top provides maximum convenience. These clear, step-by-step table instructions will guide woodworkers through creating a high-quality, custom piece of furniture.

📐 COFFEE TABLE DIMENSIONS:

Overall Width: 73 1/2 inches
Overall Depth: 28 3/4 inches
Overall Height: 31 11/16 inches

🛠️ WHAT IS INCLUDED IN THIS DIGITAL DOWNLOAD?

Detailed Building Plans: Clear, step-by-step instructions with 3D illustrations.
Comprehensive Material List: Know exactly what lumber and lift-top hardware to buy.
Precise Cut List: Minimize wood waste and save money on your build.
High-Quality Lift Top Coffee Table PDF: Instantly download and view on your devices or print it out for the workshop.
Assembly Tips: Everything you need to know, from attaching the angled legs to properly installing the lifting mechanism and drawer slides.

💡 WHY CHOOSE OUR PLANS?

Stop overpaying for factory-made furniture. This wooden coffee table digital product provides a sturdy, elegant design that offers both hidden and display storage, helping you keep your living space organized and clutter-free. It is a highly rewarding project that brings incredible utility and style to your home.

⚠️ PLEASE NOTE: This is a DIGITAL DOWNLOAD only. No physical items, hardware (including the lift mechanism), or lumber will be shipped. You will receive the coffee table PDF files instantly upon purchase.

Start your woodworking project today and transform your living space with this multifunctional design!",10,USD,67,"grill_station_plans,bbq_cart_plans,outdoor_kitchen_diy,grill_table_plans,bbq_grill_station,diy_grill_cart,griddle_stand_diy,bbq_table_plans,wooden_grill_cart,outdoor_bbq_kitchen,patio_grill_build,grill_station_pdf,woodworking_plans",Wood,https://i.etsystatic.com/37058139/r/il/942760/7825202633/il_fullxfull.7825202633_cde6.jpg,https://i.etsystatic.com/37058139/r/il/b4a764/7825202619/il_fullxfull.7825202619_8nk5.jpg,https://i.etsystatic.com/37058139/r/il/773b92/7825202661/il_fullxfull.7825202661_n0vy.jpg,https://i.etsystatic.com/37058139/r/il/0a862e/7825202645/il_fullxfull.7825202645_pytn.jpg,https://i.etsystatic.com/37058139/r/il/79167c/7825202643/il_fullxfull.7825202643_bkwz.jpg,https://i.etsystatic.com/37058139/r/il/fe653a/7777273416/il_fullxfull.7777273416_f6ez.jpg,https://i.etsystatic.com/37058139/r/il/c78742/7825202681/il_fullxfull.7825202681_e4hm.jpg,https://i.etsystatic.com/37058139/r/il/97d912/7777273442/il_fullxfull.7777273442_n30d.jpg,https://i.etsystatic.com/37058139/r/il/c24972/7777273438/il_fullxfull.7777273438_ljiu.jpg,https://i.etsystatic.com/37058139/r/il/f21dd7/7825202679/il_fullxfull.7825202679_a24w.jpg,,,,,,,1
"Personalized Mother's Day Newspaper Gift | Printable Card (Canva Template)","Create a Personalized Mother's Day Gift with Our Editable Newspaper Template! 

Make this Mother's Day unforgettable with our editable newspaper template—a unique, heartfelt gift that can be easily customized to celebrate the incredible woman in your life! Whether you're expressing gratitude, love, or simply saying ""Happy Mother's Day!"", this template lets you design a keepsake that will be cherished forever. 

Why You'll Love This Gift: 

Simple & Stress-Free: Easily add your own text, photos, and personal touches.
Fully Customizable: Personalize the design using Canva (a free account is all you need!).
Perfect for Framing: Create a stunning, one-of-a-kind Mother's Day card or gift.
Instant Access: After purchasing, you'll receive a PDF with links to the Canva template for immediate customization.
🚨***THIS TEMPLATE IS EDITABLE ON CANVA. NOT ON THE PDF***🚨 PLEASE FOLLOW INSTRUCTIONS ON THE PDF THAT IS SENT TO YOUR EMAIL THAT IS ATTACHED TO YOUR ETSY ACCOUNT* If you have any trouble, please message me.

How It Works:

1️⃣ Add to Cart & Purchase – Complete your purchase and get instant access to your template.

2️⃣ Open Your Files – Receive a PDF with direct links to the editable Canva template.

3️⃣ Sign In to Canva (Free Account) – It’s free and easy to sign up if you don’t already have an account.

4️⃣ Personalize Your Design – Edit text, images, and colors to make it uniquely yours.

5️⃣ Save Your Work – Your design is saved, so you can return to it whenever needed.

6️⃣ Download & Print – Once you're happy with your creation, download and print it at home, through Canva, or at your local print shop.

Perfect for:

🎁 Mother’s Day Gifts for your mom, aunt, grandma, etc.
💐 Personalized Cards
🌷 Keepsakes
👩‍👧‍👦 Family Memories

🚫 This is solely a Digital Download Only! A physical product will NOT be shipped.
💳 All Sales Are Final",7,USD,7,,,https://i.etsystatic.com/37058139/r/il/9e63c3/6831770614/il_fullxfull.6831770614_r114.jpg,https://i.etsystatic.com/37058139/r/il/58a80b/6831770560/il_fullxfull.6831770560_o7v9.jpg,https://i.etsystatic.com/37058139/r/il/e2bfcd/6879746085/il_fullxfull.6879746085_gexy.jpg,https://i.etsystatic.com/37058139/r/il/8bfbd2/6879746095/il_fullxfull.6879746095_1yli.jpg,https://i.etsystatic.com/37058139/r/il/9488e0/6831770464/il_fullxfull.6831770464_kgh8.jpg,https://i.etsystatic.com/37058139/r/il/0ca870/6879746159/il_fullxfull.6879746159_8jia.jpg,https://i.etsystatic.com/37058139/r/il/0a3fef/6879746223/il_fullxfull.6879746223_gb2c.jpg,https://i.etsystatic.com/37058139/r/il/c220b6/6879746123/il_fullxfull.6879746123_csy6.jpg,,,,,,,,,10
"DIY Wooden Bench with Pergola and Planters | Outdoor Garden Seating & Trellis Woodworking Plan","Transform Your Backyard with Premium DIY Pergola Swing Chair Plans!

Create the ultimate relaxation spot in your garden or on your patio! Our comprehensive pergola swing chair plans provide everything you need to build a stunning, free standing swing that combines the elegance of a pergola with the comfort of a modern porch swing. This sturdy and stylish outdoor swing bed plans project is designed to be the centerpiece of your outdoor living area.

Whether you are looking for a diy swing frame that stands on its own or a sophisticated pergola swing set to enhance your landscape, these step-by-step instructions will help you craft a professional-quality piece of furniture. It is the perfect weekend project for any DIY enthusiast!

📐 SWING PERGOLA DIMENSIONS:

Overall Width: 114 3/16 inches
Overall Depth: 74 13/16 inches
Overall Height: 101 5/8 inches

🛠️ WHAT IS INCLUDED IN THIS DIGITAL DOWNLOAD?

Detailed Building Plans: Clear, step-by-step instructions with 3D illustrations for the swing set instructions.
Comprehensive Material List: Know exactly what lumber, heavy-duty hangers, and hardware to buy.
Precise Cut List: Minimize wood waste and save money on your diy pergola swing.
Measurements: Easy-to-follow dimensions to ensure a perfectly balanced and safe structure.
Assembly Tips: Everything you need to know, from anchoring the posts to securely hanging the wood swing chair.

💡 WHY CHOOSE OUR PLANS?

Our free standing swing frame design is engineered for both stability and aesthetic appeal. Building your own porch swing with frame is much more durable and cost-effective than buying flimsy, mass-produced sets. This modern porch swing design adds incredible value and comfort to your home.

⚠️ PLEASE NOTE: This is a DIGITAL DOWNLOAD only. No physical items, swing cushions, hanging chains, hardware, or lumber will be shipped. You will receive high-quality PDF files instantly upon purchase.

Start your woodworking project today and enjoy your new favorite spot to relax!",10,USD,62,"pergola_swing_chair,outdoor_swing_plans,free_standing_swing,porch_swing_plans,diy_swing_frame,pergola_swing_set,modern_porch_swing,wooden_swing_diy,swing_set_plans,patio_swing_plans,diy_pergola_pdf,outdoor_furniture,woodworking_plans",Wood,https://i.etsystatic.com/37058139/r/il/ce46cd/7766513674/il_fullxfull.7766513674_7zk7.jpg,https://i.etsystatic.com/37058139/r/il/2637e0/7766513618/il_fullxfull.7766513618_gn70.jpg,https://i.etsystatic.com/37058139/r/il/7265b0/7814458525/il_fullxfull.7814458525_rxd7.jpg,https://i.etsystatic.com/37058139/r/il/759858/7814458457/il_fullxfull.7814458457_ttpk.jpg,https://i.etsystatic.com/37058139/r/il/4f2e0f/7814458527/il_fullxfull.7814458527_kmu5.jpg,https://i.etsystatic.com/37058139/r/il/5e72b7/7814458523/il_fullxfull.7814458523_rm0o.jpg,https://i.etsystatic.com/37058139/r/il/214419/7766513718/il_fullxfull.7766513718_9g0m.jpg,https://i.etsystatic.com/37058139/r/il/3a5591/7814458547/il_fullxfull.7814458547_9zxa.jpg,https://i.etsystatic.com/37058139/r/il/a559b4/7766513710/il_fullxfull.7766513710_2kau.jpg,https://i.etsystatic.com/37058139/r/il/7ebb45/7814458557/il_fullxfull.7814458557_lrj5.jpg,,,,,,,1
"DIY Drum Carder Plans: Hand Crank Wool Fiber Tool (PDF Guide)","🤩 Build Your Own Petite Drum Carder – Affordable, Compact & Essential! 🐑
Tired of endless hand-carding or looking for a professional-grade solution that doesn't break the bank? With this step-by-step DIY Petite Drum Carder Plan, you can build your very own, fully functional wool carding machine for a fraction of the cost!

Perfect for fiber artists, hand spinners, and felters, this plan provides an affordable, high-quality, and homemade solution for your fiber prep needs. Give your fleece and mills ends to spin the perfect preparation!

What’s Inside the Digital PDF Guide?
This comprehensive guide takes the guesswork out of building your machine, making it a truly beginner-friendly project:

✅ Complete Shopping List: Includes budget-friendly and easy-to-source materials.
✅ Detailed Step-by-Step Instructions: Simple directions for assembly.
✅ Clear Diagrams & Sketches: Visual guides for every stage of construction.
✅ Full-Size Printable Templates: The exact Drum Carder Template and Pattern you need to accurately trace and cut all parts.
✅ Tips for Optimal Carding: Advice for achieving smooth, beautiful fiber batts every time.

Why Choose This DIY Carder Plan?
(Addressing customer benefits and using key phrases)

💰 Affordable Solution: Build a high-quality Small Drum Carder for hundreds less than commercial models like a Strauch Petite or Clemes Drum Carder.

📏 Perfect Compact Size: Finished dimensions are 24 inches wide x 18 inches deep x 14 inches high, making it a true Mini Wool Carder ideal for any small studio space. (Plans are in US Measurements - inches & feet).

🧵 Fiber-Artist Approved: Perfectly processes wool, alpaca, mohair, and blends—an essential addition to your Tools for Spinning.

🛠️ Beginner-Friendly Build: Designed to be completed with basic woodworking tools and no special woodworking experience required.

Product Details:
📂 Instant digital download (PDF): Get started immediately after purchase.

📏 Easy-to-Follow Format: Print the Wool Carder Plans or view them directly on any device.

This DIY Drum Carder Plan empowers you to create a high-quality, long-lasting carding machine at home. Enjoy endless hours of creative fiber blending and preparation for all your spinning and textile projects!

✨ Download the plans today and transform your fiber art journey with your very own handmade carder!",9,USD,37,"Drum_Carder,DIY_Drum_Carder,Drum_Carder_Plan","Digital Download,PDF File,Digital Instructions,Instant Download,Printable File",https://i.etsystatic.com/37058139/r/il/a162d0/7246394266/il_fullxfull.7246394266_d9x4.jpg,https://i.etsystatic.com/37058139/r/il/4e641b/7294354407/il_fullxfull.7294354407_tw90.jpg,https://i.etsystatic.com/37058139/r/il/893e67/7294354401/il_fullxfull.7294354401_hrb0.jpg,https://i.etsystatic.com/37058139/r/il/59ad5e/7294354397/il_fullxfull.7294354397_mqq5.jpg,https://i.etsystatic.com/37058139/r/il/d7bbd5/7294354405/il_fullxfull.7294354405_t9kv.jpg,https://i.etsystatic.com/37058139/r/il/6d3f0c/7294354403/il_fullxfull.7294354403_4n0d.jpg,https://i.etsystatic.com/37058139/r/il/64dc4e/7294354437/il_fullxfull.7294354437_n9bn.jpg,https://i.etsystatic.com/37058139/r/il/f9ac22/7286099401/il_fullxfull.7286099401_ooi8.jpg,https://i.etsystatic.com/37058139/r/il/273b44/7144919048/il_fullxfull.7144919048_amqt.jpg,,,,,,,,1
"Costco Party Pack Bundle | Birthday Decorations, Signs, Invite (Digital Download)","Costco Party Pack | Customizable Price Signs PDF | Costco Birthday Party & Sign | Costco Themed Birthday Decorations | Printable Costco Pack

Get ready to throw the ultimate Costco party with our comprehensive Costco Party Pack! This Costco Party Pack includes everything you need for a memorable Costco themed birthday decorations celebration, from a Costco Birthday Party Invite to an awesome Costco Birthday Cake.

What's Included in Your Costco Party Pack?

This Costco Party Pack is loaded with Costco party supplies to make your event a hit. You'll receive:

Costco Cake Topper

Costco Favor Tags

Costco Invite

Costco Item Price Signs (4 variations)

Costco Food Court Signs

Costco Welcome Sign

Costco Employee of the Month Sign

Costco Employee Name Badges (suggest to put in plastic name badge holders)

Costco Name Badge Signs

Costco Membership Sign

Costco Membership Cards

Costco Hours Sign

Costco Holidays Closed Sign

Costco Exit/Entrance Signs

2 Party Games: Price is Right Costco Edition & Fun Costco Trivia

Perfect for Any Costco Celebration!
Whether you're planning a Costco Themed Birthday Decorations, a Costco Baby Shower, or even a Costco Themed First Birthday, this Costco Party Pack Starter has you covered. With a Costco Party Welcome Sign and a Costco Happy Birthday Sign, your guests will instantly feel like they've stepped into their favorite warehouse store.

This Costco Party Digital download offers Costco Printable designs for easy setup. Get all the Costco Decorations you need to shout ""Happy Birthday Costco!"" and create an unforgettable event!",7,USD,36,"Costco_Party_Pack,Costco_Decorations,Costco_Invite,Costco_Printable,Costco_Digital,Costco_Cake_Topper,Costco_Favor_Tags,Costco_Party_Games,Costco_Birthday,Printable_Costco,Costco_Themed,Costco_Supplies,Customizable_Signs","Digital File,PDF,Canva Editable,Printable,Instant Download,Customizable Template,Party Kit,Party Decorations,Birthday Supplies,Themed Party,Event Planning,DIY Party,Digital Product",https://i.etsystatic.com/37058139/r/il/5a427f/7097411385/il_fullxfull.7097411385_5npm.jpg,https://i.etsystatic.com/37058139/r/il/85be59/7097411307/il_fullxfull.7097411307_ofzy.jpg,https://i.etsystatic.com/37058139/r/il/9fb614/7097411357/il_fullxfull.7097411357_l6f1.jpg,https://i.etsystatic.com/37058139/r/il/ad7f98/7097411325/il_fullxfull.7097411325_i4in.jpg,https://i.etsystatic.com/37058139/r/il/939516/7097411297/il_fullxfull.7097411297_m39b.jpg,https://i.etsystatic.com/37058139/r/il/1b2a10/7097411321/il_fullxfull.7097411321_pep2.jpg,https://i.etsystatic.com/37058139/r/il/f8677b/7049447090/il_fullxfull.7049447090_bg9p.jpg,https://i.etsystatic.com/37058139/r/il/320ca2/7049447068/il_fullxfull.7049447068_hhsl.jpg,https://i.etsystatic.com/37058139/r/il/6deab7/7097411463/il_fullxfull.7097411463_kvwb.jpg,https://i.etsystatic.com/37058139/r/il/321b86/7097411457/il_fullxfull.7097411457_o5a8.jpg,,,,,,,1
"Champagne Cart DIY Plans | Mobile Bar with Storage Cabinets & Sink | Wedding Event Cart | Wooden Prosecco Bar Blueprint | Digital PDF","🥂 Build the Ultimate Mobile Event Bar!
Take your events to the next level with these premium plans for a Custom Champagne Cart featuring professional storage solutions. This isn't just a display cart; it is a fully functional workstation designed for high-volume service at weddings, parties, and corporate events.
Unlike smaller models, this Champagne Cart Custom Build includes spacious lower cabinets with glass doors, a cutout for an ice bucket or sink, and extending side shelves for maximum serving space. It is the perfect blueprint for a Personalized Mobile Bar Cart.
Why Choose These Plans?
Professional Functionality: This design operates as a full-service station. With the built-in cabinet space, it’s an ideal Catering Rolling Cart where you can hide supplies, creating a clean look.
Versatile Serving Options: The large countertop and side wings make it perfect as a Unique Charcuterie Cart or a Caviar Cart. The overhead racks are designed to hold plenty of stemware for a busy Bubbly Bar Cart.
Customizable Style: Whether you want a rustic wood finish, a modern white wedding look, or a sleek Black Champagne Cart aesthetic, these plans give you the foundation. You can easily add a Champagne Cart With Logo on the front panel for a truly Monogrammed Champagne Cart.
Sturdy & Mobile: The design features heavy-duty caster wheels for movement and a large decorative Champagne Cart Wheels aesthetic on the side.
📏 Dimensions (Finished Build):
Total Height: 85 inches
Roof Width: 62 inches
Base Width: 58 inches
Total Depth: 22 inches (Roof depth 24 inches)
Countertop Height: 40 inches
Countertop Width: 60 inches (plus side extensions)
📂 What You Will Receive:
Comprehensive PDF Plans: Detailed step-by-step instructions.
Cut List & Material Guide: Efficient lumber layout to save money.
Assembly Diagrams: Visual guides for building the cabinets, roof structure, and Bar Cart Custom elements.
Hardware List: Links and suggestions for hinges, handles, and wheels.
Perfect For:
Event Cart Rent Businesses (High ROI item due to storage features)
Luxury Weddings & Outdoor Receptions
Prosecco Cart & Cocktail Stations
Hotels and Venues needing a Collasapable Cart feature (side wings) for flexible setups.
Stop searching for a Champagne Cart Buy that might not fit your needs—build the perfect one yourself! Download these plans and start your Pvc Sweet Cart alternative project today using real, durable wood.

Questions about the build? Send me a message anytime!",15,USD,13,"Custom_food_cart,Charcuterie_cart,foldable_cart,bar_carts,DIY_Cart,Party_cart,beverage_cart,coffee_cart,collapsible_cart,wedding_cart,Mobile_bar,vendor_cart,bar_cart","Digital Download,PDF File,Digital Instructions,Instant Download,Printable File",https://i.etsystatic.com/37058139/r/il/3ce9d3/7532084899/il_fullxfull.7532084899_bdty.jpg,https://i.etsystatic.com/37058139/r/il/03878a/7484158352/il_fullxfull.7484158352_mxr0.jpg,https://i.etsystatic.com/37058139/r/il/d5098a/7484158342/il_fullxfull.7484158342_b2iy.jpg,https://i.etsystatic.com/37058139/r/il/100a5b/7484158354/il_fullxfull.7484158354_r3dh.jpg,https://i.etsystatic.com/37058139/r/il/c09049/7484158346/il_fullxfull.7484158346_o0gf.jpg,https://i.etsystatic.com/37058139/r/il/4c1021/7532084893/il_fullxfull.7532084893_jjqa.jpg,https://i.etsystatic.com/37058139/r/il/0f4c21/7484158364/il_fullxfull.7484158364_9rme.jpg,https://i.etsystatic.com/37058139/r/il/33cf5c/7484158356/il_fullxfull.7484158356_25yw.jpg,https://i.etsystatic.com/37058139/r/il/e99991/7532084887/il_fullxfull.7532084887_t83f.jpg,https://i.etsystatic.com/37058139/r/il/5e5253/7484158372/il_fullxfull.7484158372_29ii.jpg,,,,,,,1
"DIY Outdoor Double Chair Plans | Wooden Porch Furniture Blueprint | Double Seat Bench with Table PDF","Relax in Style with Premium DIY Outdoor Double Chair Plans!

Upgrade your front porch, patio, or backyard with the ultimate seating experience! Build your own stunning outdoor double chair with our comprehensive woodworking plans. This beautiful and sturdy design features two comfortable angled seats separated by a convenient built-in tabletop—perfect for enjoying your morning coffee or evening drinks.

Whether you are looking for stylish wooden porch furniture to elevate your home's curb appeal or challenging garden furniture blue prints for a weekend DIY project, these step-by-step instructions will help you craft a professional-quality build.

📐 DOUBLE CHAIR DIMENSIONS:

Overall Width: 73 inches
Overall Depth: 66 inches
Overall Height: 35 inches

🛠️ WHAT IS INCLUDED IN THIS DIGITAL DOWNLOAD?

Detailed Building Plans: Clear, step-by-step instructions with 3D illustrations for your diy double chair project.
Comprehensive Material List: Know exactly what weather-resistant lumber and hardware to buy.
Precise Cut List: Minimize wood waste and save money with our accurate outdoor bench plans.
Assembly Tips: Professional advice on framing the sturdy base, achieving the perfect angled backrest for comfort, and securely attaching the shared center table.

💡 WHY CHOOSE OUR PLANS?

Buying a high-quality, solid wood ""Jack and Jill"" style double bench can cost hundreds of dollars. Building your own outdoor bench chair is incredibly rewarding and ensures you have a heavy-duty piece of furniture that won't blow away in the wind. You can easily customize it with your favorite outdoor stain or paint to perfectly match your deck!

⚠️ PLEASE NOTE: This is a DIGITAL DOWNLOAD only. No physical items, hardware, cushions, or lumber will be shipped. You will receive high-quality PDF files instantly upon purchase.",5,USD,93,"diy_double_chair,outdoor_bench_plans,double_chair_plans,wooden_porch_bench,garden_furniture_pdf,adirondack_bench,bench_with_table,2_seater_bench_diy,outdoor_bench_chair,jack_and_jill_bench,patio_seating_diy,wood_chair_plans,woodworking_plans","Digital Download,PDF File,Digital Instructions,Instant Download,Printable File",https://i.etsystatic.com/37058139/r/il/aae6d6/7852749373/il_fullxfull.7852749373_6sgg.jpg,https://i.etsystatic.com/37058139/r/il/244e3d/7804808030/il_fullxfull.7804808030_1e1u.jpg,https://i.etsystatic.com/37058139/r/il/b0842b/7804808108/il_fullxfull.7804808108_nibx.jpg,https://i.etsystatic.com/37058139/r/il/cb5856/7804808106/il_fullxfull.7804808106_s7x4.jpg,https://i.etsystatic.com/37058139/r/il/a7a698/7852749399/il_fullxfull.7852749399_s58n.jpg,https://i.etsystatic.com/37058139/r/il/153af8/7804808084/il_fullxfull.7804808084_r1ox.jpg,https://i.etsystatic.com/37058139/r/il/d939f9/7852749413/il_fullxfull.7852749413_g7sk.jpg,https://i.etsystatic.com/37058139/r/il/c6da33/7804808146/il_fullxfull.7804808146_7s6j.jpg,https://i.etsystatic.com/37058139/r/il/4b6054/7852749461/il_fullxfull.7852749461_f5im.jpg,https://i.etsystatic.com/37058139/r/il/8f758d/7804808148/il_fullxfull.7804808148_njdj.jpg,,,,,,,1
"DIY Standing Wall Shelf Plans PDF | Wooden Shoe Rack & Storage Organizer | Multi-Purpose Slatted Wood Console","Build a Stylish and Practical Wooden Shelf to Organize Your Home!

100% Satisfaction & Money-Back Guarantee!

We are so confident that you will love building this project that we offer a 100% money-back guarantee. If you are not completely satisfied with these plans for any reason, we will refund your purchase—no questions asked! Plus, if you need any help or have questions during the build, we are always here to provide full support and guidance via Etsy messages.

About This Build

Maximize your space with this elegant and versatile standing wall shelf! Whether you need a durable shoe rack for your entryway, a rustic display console for your living room, or extra storage for your bathroom or plant collection, this design fits perfectly anywhere in your home.

Featuring a wide, slatted top surface and two lower tiers, keeping your items beautifully organized has never been easier. This highly practical and sturdy design is also a perfect weekend woodworking project for beginners looking to build something truly useful.

Dimensions (Metric)
Width: 95 cm
Depth: 30 cm
Height: 42 cm

Take pride in building your own furniture! Say goodbye to flimsy, store-bought shelves. Download your detailed wooden shelf plan today and start building a piece that will last a lifetime.",5,USD,80,"Standing_Wall_Shelf,Wooden_Shoe_Rack,Shelf_Plans,Storage_Organizer,DIY_Wood_Shelf,Woodworking_Plans,Multi_Purpose_Shelf,Console_Table_Plan,DIY_Shoe_Organizer,Wood_Furniture_Plan,Entryway_Shelf,Plant_Stand_DIY,Wood_Projects",,https://i.etsystatic.com/37058139/r/il/a8d086/7941815626/il_fullxfull.7941815626_ii2s.jpg,https://i.etsystatic.com/37058139/r/il/c834ae/7989773559/il_fullxfull.7989773559_edz5.jpg,https://i.etsystatic.com/37058139/r/il/d3ee51/7989773579/il_fullxfull.7989773579_axmx.jpg,https://i.etsystatic.com/37058139/r/il/f385da/7989773573/il_fullxfull.7989773573_6m83.jpg,https://i.etsystatic.com/37058139/r/il/c4c48f/7941815636/il_fullxfull.7941815636_es71.jpg,https://i.etsystatic.com/37058139/r/il/752fdc/7989773567/il_fullxfull.7989773567_ip6s.jpg,https://i.etsystatic.com/37058139/r/il/e5c5cc/7989773585/il_fullxfull.7989773585_mv0s.jpg,https://i.etsystatic.com/37058139/r/il/0d0da2/7989773577/il_fullxfull.7989773577_bwxw.jpg,https://i.etsystatic.com/37058139/r/il/95ec19/7941815632/il_fullxfull.7941815632_bmbz.jpg,,,,,,,,1
"Narrow Sideboard DIY Plans | Space-Saving Buffet Cabinet Blueprint (PDF Download)","Maximize Your Kitchen Storage in Style! 🍳✨

Are you struggling with a cluttered kitchen but lack the floor space for massive furniture? If you need a smart, elegant storage solution, these kitchen sideboard DIY plans are exactly what you've been looking for.

Designed with a highly practical 14-inch depth, these narrow sideboard plans easily fit into tight kitchens, dining rooms, or hallways without blocking your walking path. The design is packed with multi-functional storage: a handy side towel bar, easy-access open shelves, and a spacious 2-door cabinet. Plus, with the integrated kitchen drawer plans, you will finally have the perfect spot for your flatware and smaller gadgets.

Wondering how to build a cabinet by yourself? We have got you covered! You don't need to be a master woodworker to tackle this project. These easy cabinet plans are specifically formatted as cabinet plans for beginners. By following our step-by-step buffet cabinet blueprint and kitchen cabinet plans PDF, you can skip the frustration and build a stunning, sturdy piece of custom furniture over the weekend.

🔨 Why You Will Love These Buffet Building Plans:

Space-Saving Footprint: The slim 14"" depth is a lifesaver for smaller homes and tight spaces.
Smart Organization: Beautifully combines hidden drawer/cabinet storage with open display shelving.
Highly Visual Guide: Clear 3D instructions make these sideboard buffet plans incredibly easy to follow.

Cost-Effective: Achieve a premium, custom-built look for a fraction of store-bought prices.

📐 Overall Dimensions:

Overall Width: 48-3/4""
Overall Height: 37-1/2""
Overall Depth: 14""

📥 What’s Inside Your Digital PDF Download?

Instant Access: Start your woodworking project immediately after purchase.
Detailed 3D Illustrations: Visual guides for every single step of the assembly.
Complete Material & Tool Lists: Shop efficiently with zero guesswork at the hardware store.
Precise Cut List: Maximize your lumber, minimize waste, and save money.

(Friendly Reminder: This is a DIGITAL DOWNLOAD for a sideboard blueprint. No physical item will be shipped to you.)

Ready to build the perfect kitchen storage solution? Download your plans today, grab your tools, and let's get to work!",8,USD,72,"kitchen_sideboard,narrow_sideboard,buffet_cabinet_diy,cabinet_plans_pdf,diy_kitchen_cabinet,buffet_building_plan,sideboard_blueprint,woodworking_plans,easy_cabinet_plans,kitchen_drawer_plans,diy_furniture_plans,storage_cabinet_diy,build_a_cabinet","Digital Download,PDF File,Digital Instructions,Instant Download,Printable File",https://i.etsystatic.com/37058139/r/il/2c764c/7739910986/il_fullxfull.7739910986_n60u.jpg,https://i.etsystatic.com/37058139/r/il/1f84b4/7739910970/il_fullxfull.7739910970_tn7m.jpg,https://i.etsystatic.com/37058139/r/il/fa10c0/7739910984/il_fullxfull.7739910984_6evu.jpg,https://i.etsystatic.com/37058139/r/il/9a1d55/7787866849/il_fullxfull.7787866849_jmy5.jpg,https://i.etsystatic.com/37058139/r/il/dbf516/7739910988/il_fullxfull.7739910988_lsxx.jpg,https://i.etsystatic.com/37058139/r/il/09d72f/7787866853/il_fullxfull.7787866853_8r5v.jpg,https://i.etsystatic.com/37058139/r/il/0df516/7739910998/il_fullxfull.7739910998_35s4.jpg,https://i.etsystatic.com/37058139/r/il/fe0560/7739911002/il_fullxfull.7739911002_hwjj.jpg,https://i.etsystatic.com/37058139/r/il/1f603e/7739910980/il_fullxfull.7739910980_6j8n.jpg,https://i.etsystatic.com/37058139/r/il/70d55f/7787866869/il_fullxfull.7787866869_4biv.jpg,,,,,,,1
"Customizable Costco Font SVG Pack, PNG, JPG (Digital Download)","Unleash Your Creativity with Our Customizable Costco Font Digital Pack!

Elevate your DIY projects, personalized gifts, and small business branding with our versatile collection of Costco-inspired font designs. This comprehensive digital pack includes SVG, PNG, and JPG formats, perfect for a wide range of applications from custom apparel to unique party decorations.

What's Included in Your Pack:

Customizable Costco Logos: Featuring the classic Costco Wholesale logo, plus options to personalize with ""YOUR NAME"" or ""YOUR NAME SIGNATURE"" to create unique branding or gifts.

Signature Designs: ""Kirkland Signature"" and ""Your Name Signature"" options for a personalized touch on various items.

Celebration & Event Designs: ""Happy Birthday"" and ""Welcome to the Party"" in the iconic Costco style, perfect for creating memorable event decor or invitations.

Unique ""In May Costco Era"" Design: A fun and trendy option for those special ""era"" themed creations.

""Costco SVG Pack"" Design: Clearly indicating the contents of your valuable digital download.

File Formats for Every Project:

SVG (Scalable Vector Graphics): Ideal for cutting machines like Cricut, Silhouette, and more. Easily resize without losing quality.

PNG (Portable Network Graphics): High-resolution files with transparent backgrounds, perfect for digital designs, printing, and sublimation.

JPG (Joint Photographic Experts Group): Standard image files suitable for various digital and print uses.

Why Choose Our Costco Font Pack?

Fully Customizable: Many designs allow you to add your own name or personalized text.

High-Quality Files: Professionally crafted to ensure crisp lines and vibrant colors.

Instant Digital Download: Get immediate access to your files after purchase, no waiting!

Versatile Use: Perfect for t-shirts, mugs, tumblers, decals, signs, party decorations, scrapbooking, digital art, and so much more!

Canva Editable: Some elements are designed to be easily customized within Canva for added convenience (as indicated in the listing image).

Perfect for:

Costco enthusiasts

Small business owners

Crafters and DIY lovers

Birthday parties and events

Personalized gifts

Please Note:

This is a digital product; no physical item will be shipped.

Files are for personal and small commercial use (please refer to our shop policies for detailed commercial use terms).

Knowledge of how to use SVG, PNG, or JPG files with your specific software/machine is recommended.

Bring your Costco-inspired visions to life! Add this essential digital pack to your cart today!",5,USD,82,"Costco_Food_Court,Hot_Dog_Sign,Price_Tag_Template,Costco_Birthday,Digital_Download,Party_Decor,Restaurant_Sign,Instant_Download,Canva_Template,Custom_Sign,Foodie_Gift,Costco_Font_SVG,Costco_Font_PNG","Digital File,PNG,JPG,PDF,Canva Link,High Resolution,Printable",https://i.etsystatic.com/37058139/r/il/511e7e/7028916862/il_fullxfull.7028916862_tbrp.jpg,https://i.etsystatic.com/37058139/r/il/95f522/7076895537/il_fullxfull.7076895537_nhdb.jpg,https://i.etsystatic.com/37058139/r/il/89de10/7028916860/il_fullxfull.7028916860_56vv.jpg,https://i.etsystatic.com/37058139/r/il/e59b49/7076895541/il_fullxfull.7076895541_tufw.jpg,https://i.etsystatic.com/37058139/r/il/c9d093/7076895547/il_fullxfull.7076895547_r8x7.jpg,,,,,,,,,,,,1
"DIY Kids Rocking Chair Plans | Toddler Rocking Chair Pattern | Wood Working Plans Kids Rocker PDF","Craft the Perfect Keepsake with DIY Kids Rocking Chair Plans!

Looking for a meaningful, handcrafted woodworking project for your little one? Build a beautiful, heirloom-quality piece of nursery furniture with our comprehensive kids rocker plan. This adorable and sturdy wooden design is the perfect size for toddlers and young children, making it an ideal toddler rocking chair pattern for parents or grandparents to build as a special gift.

Whether you are searching for a cute bear rocking chair style project or detailed wood working plans kids rocker blueprints, these step-by-step instructions will guide you to a flawless, safe, and professional-quality build.

📐 CHAIR DIMENSIONS:

Overall Width: 21-15/16 inches
Overall Depth: 19-3/4 inches
Overall Height: 21-15/16 inches

🛠️ WHAT IS INCLUDED IN THIS DIGITAL DOWNLOAD?

Detailed Building Plans: Clear, step-by-step instructions with 3D illustrations for your diy kids chair project.
Comprehensive Material List: Know exactly what solid wood and child-safe hardware to buy.
Precise Cut List: Minimize wood waste and save money with our accurate childrens rocking chair blueprint.
Assembly Tips: Professional advice on cutting the curved rockers smoothly, ensuring a perfectly balanced rocking motion, and safely sanding all edges for little hands.

💡 WHY CHOOSE OUR PLANS?

Mass-produced plastic toys break easily, but a solid kids wooden chair diy project is built to last for generations. Building your own wooden rocker is an incredibly rewarding experience that allows you to customize the piece with non-toxic, colorful paints or beautiful natural stains.

⚠️ PLEASE NOTE: This is a DIGITAL DOWNLOAD only. No physical items, hardware, or lumber will be shipped. You will receive high-quality PDF files instantly upon purchase.",4.99,USD,97,"kids_rocker_plan,toddler_rocker_diy,childrens_chair_plan,kids_rocking_chair,diy_kids_chair,wood_working_rocker,bear_rocking_chair,toddler_chair_pdf,kids_wooden_chair,wooden_toy_plans,nursery_furniture,rocking_chair_diy,wood_furniture_plan","Digital Download,PDF File,Digital Instructions,Instant Download,Printable File",https://i.etsystatic.com/37058139/r/il/db0e68/7852817741/il_fullxfull.7852817741_mb0z.jpg,https://i.etsystatic.com/37058139/r/il/111c62/7852817731/il_fullxfull.7852817731_8qgy.jpg,https://i.etsystatic.com/37058139/r/il/a14dc0/7852817751/il_fullxfull.7852817751_2y9n.jpg,https://i.etsystatic.com/37058139/r/il/60501a/7852817739/il_fullxfull.7852817739_7v2x.jpg,https://i.etsystatic.com/37058139/r/il/038bb6/7804876410/il_fullxfull.7804876410_8iki.jpg,https://i.etsystatic.com/37058139/r/il/b0bd3a/7804876412/il_fullxfull.7804876412_ro8n.jpg,https://i.etsystatic.com/37058139/r/il/a04a18/7852817753/il_fullxfull.7852817753_41gp.jpg,https://i.etsystatic.com/37058139/r/il/30613a/7804876450/il_fullxfull.7804876450_l8oa.jpg,https://i.etsystatic.com/37058139/r/il/ce9733/7852817781/il_fullxfull.7852817781_1tu6.jpg,,,,,,,,1
"DIY Potting Bench with Storage Plans | Potting Station Blueprint | Garden Workbench PDF","Transform Your Gardening Experience with the Ultimate DIY Potting Bench Plans!

Get ready to take your gardening to the next level! Build your own stunning and highly functional potting station with our comprehensive woodworking plans. This premium potting bench with storage features a beautiful protective canopy, a slatted backboard for hanging tools, a spacious workspace, and enclosed bottom cabinets with rustic X-pattern doors to hide away soil bags and pots.

Whether you are looking for a complete potting workbench to organize your backyard or easy-to-follow potting table plans to upgrade your patio, these step-by-step blueprints will guide you to a professional-quality build.

📐 POTTING BENCH DIMENSIONS:

Overall Width: 275.5 cm
Overall Depth: 270.5 cm 
Overall Height: 278.1 cm

🛠️ WHAT IS INCLUDED IN THIS DIGITAL DOWNLOAD?

Detailed Building Plans: Clear, step-by-step instructions with 3D illustrations for your diy potting table project.
Comprehensive Material List: Know exactly what weather-resistant lumber and hardware to buy.
Precise Cut List: Minimize wood waste and save money with our accurate potting table blueprint.
Assembly Tips: Professional advice on framing the garden potting bench canopy, building the sturdy cabinet doors, and ensuring a perfectly level work surface.

💡 WHY CHOOSE OUR PLANS?

Building your own potting stand is incredibly rewarding and saves you hundreds of dollars compared to buying flimsy, prefabricated garden furniture. This heavy-duty solid wood design offers superior durability, keeps all your gardening supplies organized in one place, and adds a beautiful architectural focal point to your outdoor space!

⚠️ PLEASE NOTE: This is a DIGITAL DOWNLOAD only. No physical items, soil, plants, tools, hardware, or lumber will be shipped. You will receive high-quality PDF files instantly upon purchase.",5,USD,93,"potting_bench_plans,potting_station,potting_table_diy,potting_workbench,garden_bench_plans,planting_bench,outdoor_workbench,bench_with_storage,potting_stand_pdf,garden_furniture_diy,woodworking_plans,diy_garden_projects,potting_table_build",Wood,https://i.etsystatic.com/37058139/r/il/45b80c/7825421079/il_fullxfull.7825421079_alx9.jpg,https://i.etsystatic.com/37058139/r/il/eee59c/7825421073/il_fullxfull.7825421073_2488.jpg,https://i.etsystatic.com/37058139/r/il/e11258/7777493158/il_fullxfull.7777493158_sv67.jpg,https://i.etsystatic.com/37058139/r/il/3c15ff/7825421097/il_fullxfull.7825421097_m7zt.jpg,https://i.etsystatic.com/37058139/r/il/a6d097/7777493154/il_fullxfull.7777493154_mrpb.jpg,https://i.etsystatic.com/37058139/r/il/1bb58b/7825421109/il_fullxfull.7825421109_jw4k.jpg,https://i.etsystatic.com/37058139/r/il/4be183/7825421169/il_fullxfull.7825421169_621u.jpg,https://i.etsystatic.com/37058139/r/il/4c4397/7825421167/il_fullxfull.7825421167_p7wb.jpg,https://i.etsystatic.com/37058139/r/il/acbfc6/7777493208/il_fullxfull.7777493208_ogw8.jpg,https://i.etsystatic.com/37058139/r/il/22119b/7777493206/il_fullxfull.7777493206_tp83.jpg,,,,,,,1
"8ft Garage Workbench Plans | DIY Woodshop Table with Shelves (PDF Download)","Garage Workbench Plans | 8ft Large Woodshop Table DIY | Heavy Duty Workbench with Shelves & Drawers

Stop working on the floor or shaky plastic tables. It’s time to build the workspace you deserve. These Garage Workbench Plans will guide you in building a massive, rock-solid 8-foot (96"") workstation that serves as the command center for all your future projects.

Designed for serious DIYers and woodworkers, this isn't just a table; it's a complete Garage Organization System. With a perfect balance of open storage and heavy-duty drawers, you can keep your power tools accessible and your hand tools organized.

Why This is the Ultimate ""Large Workbench Table"" Plan:

Massive Workspace: At 8 feet long, it doubles as an assembly table or a miter saw station. You'll never run out of room.

Hybrid Storage: Features open Workbench Shelves on the left for large tools (routers, circular saws) and 8 spacious drawers on the right for screws, chisels, and clamps.

Rock-Solid Build: Designed to handle heavy loads, hammering, and serious work. It won't wobble.

Standard Lumber: No fancy materials needed. Built using standard construction lumber easily found at Home Depot or Lowe's.

📏 Technical Dimensions (Huge Capacity!):

Total Length: 96 inches (8 ft / 244 cm) – A true beast of a bench!

Total Height: 35 inches (89 cm) – Standard counter height for ergonomic working.

Depth: 24 inches (61 cm) – Deep enough for large projects, slim enough to fit in a garage.

📂 What You Get in the Digital Download:

Step-by-Step PDF Guide: Beginner-friendly instructions with clear 3D illustrations.

Detailed Cut List: Know exactly every piece of wood you need to cut.

Material & Hardware List: Save time at the hardware store.

Assembly Diagrams: Visual guides to help you screw it all together correctly.

💡 Perfect For:

Setting up a new Basement Work Bench.

Creating a dedicated Miter Saw Station.

Organizing a cluttered garage with a Work Bench with Tool Box functionality.

Build it this weekend, use it for a lifetime. Download these plans today and start building the backbone of your dream workshop!

Please Note: This listing is for a DIGITAL FILE (PDF Plans) only. No physical workbench or wood will be shipped.",7,USD,18,"Garage_Workbench,Work_Bench_Plan,Workbench_Shelves,Large_Woodshop_Table,DIY_Workshop,Basement_Work_Bench,Worktable_Plan,Garage_Organization,Woodworking_Plans,8ft_Workbench,Tool_Storage_Bench,Assembly_Table,Digital_Blueprint","Digital Download,PDF File,Digital Instructions,Instant Download,Printable File",https://i.etsystatic.com/37058139/r/il/d2cf4f/7679056257/il_fullxfull.7679056257_8tlr.jpg,https://i.etsystatic.com/37058139/r/il/bd5008/7679056287/il_fullxfull.7679056287_4w6p.jpg,https://i.etsystatic.com/37058139/r/il/28504c/7631105064/il_fullxfull.7631105064_1kf7.jpg,https://i.etsystatic.com/37058139/r/il/17e0a6/7679056269/il_fullxfull.7679056269_c28u.jpg,https://i.etsystatic.com/37058139/r/il/0dad46/7631105136/il_fullxfull.7631105136_8ohm.jpg,https://i.etsystatic.com/37058139/r/il/1cbbd3/7631105128/il_fullxfull.7631105128_mvj0.jpg,https://i.etsystatic.com/37058139/r/il/8f5a24/7679056255/il_fullxfull.7679056255_cgxg.jpg,https://i.etsystatic.com/37058139/r/il/dace5f/7631105146/il_fullxfull.7631105146_npv6.jpg,https://i.etsystatic.com/37058139/r/il/3f3c98/7679056283/il_fullxfull.7679056283_ojqv.jpg,https://i.etsystatic.com/37058139/r/il/a6cc2f/7631105130/il_fullxfull.7631105130_ias0.jpg,,,,,,,1
"DIY Floating Bed Frame Plans | Rustic Wood, King Size (PDF Furniture)","Create a Unique and Stylish Sanctuary with Our DIY Bed Frame Plans

Transform your bedroom into a comfortable and stylish retreat with our easy-to-follow woodworking plans. This DIY bed frame project is perfect for woodworkers of all skill levels, allowing you to build a sturdy and beautiful piece of bedroom furniture that will last for years.

Why Build Your Own Bed Frame?
Building your own bed frame isn't just a creative endeavor—it’s a way to get the exact style and size you want. Whether you're looking for a low profile design, a floating king size bed, or a rustic wood plank aesthetic, our plans offer the flexibility you need. Our solid wood bed design provides a stable foundation for a great night's sleep, elevating your sleep experience and adding a personal, handmade touch to your space. Give yourself the restful sleep you deserve in a bed built with your own hands.

What You'll Get:
This downloadable PDF furniture plans package includes everything you need to build the custom bed frame shown in the images. The detailed woodworking plans feature:

Step-by-step instructions with clear diagrams.

A complete cutting list with all dimensions in millimeter measurements (or inches, please specify if you want both).

A list of required tools and materials.

This handmade wooden bed is more than just a place to sleep; it’s a testament to your craftsmanship and creativity. Download the plans today and start building the perfect centerpiece for your bedroom.

Please note: This listing is for a digital PDF plan, not the physical bed frame.",20,USD,99,"woodworking_plans,Custom_Bed,Handmade_Wooden_Bed,PDF_Furniture,Bedroom_Furniture,DIY_Woodworking,Wooden_Bed_Frame,Solid_Wood_Bed,Rustic_Bed","Digital Download,PDF File,Digital Instructions,Instant Download,Printable File",https://i.etsystatic.com/37058139/r/il/d2141c/7209989459/il_fullxfull.7209989459_qo83.jpg,https://i.etsystatic.com/37058139/r/il/ffa301/7209989449/il_fullxfull.7209989449_kva7.jpg,https://i.etsystatic.com/37058139/r/il/c57a71/7209989465/il_fullxfull.7209989465_2ljk.jpg,https://i.etsystatic.com/37058139/r/il/c11eb7/7162000382/il_fullxfull.7162000382_mr4x.jpg,https://i.etsystatic.com/37058139/r/il/d3ffc0/7209989457/il_fullxfull.7209989457_tnzq.jpg,https://i.etsystatic.com/37058139/r/il/ead293/7209989461/il_fullxfull.7209989461_nzl7.jpg,,,,,,,,,,,1
"DIY Outdoor Bar Plan: Folding Wooden Patio Bar Blueprint (PDF Digital Download)","Craft Your Perfect Event with Our Portable & Collapsible Wooden Bar!

Looking for a versatile and stylish solution for your next gathering? Our Portable & Collapsible Wooden Bar is the ultimate DIY event bar! Whether you're planning a birthday bar, a sophisticated special event bar, or a charming wooden coffee bar, this design provides the flexibility and elegance you need.

Key Features:

Effortless Portability: Designed as a folding bar and collapsible bar, it's incredibly easy to transport and set up anywhere. Perfect for portable event bar needs, pop-up cafes, or backyard parties.

DIY Friendly: Our detailed bar blueprint and DIY plan make assembly straightforward, even for beginners. You'll love the satisfaction of building your own portable coffee bar or food bar plan.

High-Quality Wood Construction: Crafted from durable wood, this bar offers a sturdy and attractive surface for serving drinks and snacks. Its rustic charm complements any decor.

Multi-Functional: Use it as a portable coffee bar for morning events, a food bar plan for a buffet, or a vibrant birthday bar for celebrations. The possibilities are endless!

Why Choose Our Bar?

Forget renting expensive equipment! Our DIY coffee bar and portable bar solution gives you the freedom to host memorable events with a personal touch. Its compact design ensures easy storage when not in use. Get ready to impress your guests with this functional and beautiful addition to your event arsenal.",15,USD,79,"birthday_bar,DIY_plan,event_bar,wooden_coffee_bar,bar_blueprint,folding_bar,DIY_coffee_bar,portable_bar,collapsible_bar,portable_event_bar,food_bar_plan,portable_coffee_bar,special_event_bar","Digital Download,PDF File,Digital Instructions,Instant Download,Printable File",https://i.etsystatic.com/37058139/r/il/29368c/7267181987/il_fullxfull.7267181987_scij.jpg,https://i.etsystatic.com/37058139/r/il/c2e5c8/7267181985/il_fullxfull.7267181985_7kv7.jpg,https://i.etsystatic.com/37058139/r/il/3ce3db/7219214544/il_fullxfull.7219214544_3vjf.jpg,https://i.etsystatic.com/37058139/r/il/74ff4f/7267181993/il_fullxfull.7267181993_e5lg.jpg,https://i.etsystatic.com/37058139/r/il/3940c2/7219214562/il_fullxfull.7219214562_33wb.jpg,https://i.etsystatic.com/37058139/r/il/f43426/7219214548/il_fullxfull.7219214548_r4o6.jpg,https://i.etsystatic.com/37058139/r/il/5c4a7c/7219214558/il_fullxfull.7219214558_d7im.jpg,https://i.etsystatic.com/37058139/r/il/e4e781/7267182005/il_fullxfull.7267182005_osg5.jpg,https://i.etsystatic.com/37058139/r/il/23d77b/7267181999/il_fullxfull.7267181999_jb7s.jpg,https://i.etsystatic.com/37058139/r/il/579d1e/7267182007/il_fullxfull.7267182007_e3lm.jpg,,,,,,,1
"DIY Catio Plans | Curved Cat House Enclosure Build Guide | Small Outdoor Cat Cage PDF","Give Your Indoor Cat the Purr-fect Outdoor Experience with DIY Window Catio Plans!

Does your feline friend love watching birds from the window? Give them a safe, breezy outdoor space with our comprehensive DIY Window Catio Plans. This beautiful, compact, and uniquely curved outdoor cat cage is designed to attach securely outside a window or sit perfectly on a small balcony. It provides all the sights, sounds, and fresh air of the outdoors without any of the risks!

Whether you are looking for a simple catio build plan for the weekend or stylish indoor outdoor cat condos to upgrade your pet's life, these step-by-step woodworking blueprints make it easy to build a professional-quality enclosure.

📐 CATIO DIMENSIONS (Compact Window-Box Size):
Overall Width: 2' 7"" (31 inches)
Overall Depth: 1' 8"" (20 inches)
Overall Height: 1' 7 1/8"" (approx. 19.1 inches)

🛠️ WHAT IS INCLUDED IN THIS DIGITAL DOWNLOAD?

Detailed Building Plans: Clear, step-by-step instructions with 3D illustrations for your diy plans catio project.
Comprehensive Material List: Know exactly what weather-resistant lumber, hardware, and pet-safe wire mesh to buy.
Precise Cut List: Minimize wood waste and save money with our accurate cat enclosure kit blueprint.
Assembly Tips: Professional advice on framing the elegant curved front, securing the safety mesh, and building a solid floor for your cat to lounge on.

💡 WHY CHOOSE OUR PLANS?

Buying a pre-built cat house outdoor or custom window box can be surprisingly expensive. Building your own catio is a highly rewarding woodworking project that allows you to ensure maximum safety for your pet. Plus, you can paint or stain the wood to perfectly match your home's exterior!

⚠️ PLEASE NOTE: This is a DIGITAL DOWNLOAD only. No physical items, wire mesh, hardware, or lumber will be shipped. You will receive high-quality PDF files instantly upon purchase.",4.99,USD,93,"catio_build_plan,window_catio_plan,cat_enclosure_diy,cat_window_box,outdoor_cat_cage,cat_playpen_diy,diy_plans_catio,cat_condo_plans,small_catio_pdf,pet_furniture_diy,wood_cat_enclosure,outdoor_cat_house,woodworking_plans","Digital Download,PDF File,Digital Instructions,Instant Download,Printable File",https://i.etsystatic.com/37058139/r/il/c3c89f/7852805169/il_fullxfull.7852805169_cf0b.jpg,https://i.etsystatic.com/37058139/r/il/919afd/7804863904/il_fullxfull.7804863904_lwvq.jpg,https://i.etsystatic.com/37058139/r/il/9c5f58/7852805173/il_fullxfull.7852805173_7cay.jpg,https://i.etsystatic.com/37058139/r/il/5b67a3/7852805175/il_fullxfull.7852805175_2g47.jpg,https://i.etsystatic.com/37058139/r/il/5d2869/7804863928/il_fullxfull.7804863928_sw7p.jpg,https://i.etsystatic.com/37058139/r/il/deb6c2/7852805177/il_fullxfull.7852805177_7eoj.jpg,https://i.etsystatic.com/37058139/r/il/feea7b/7852805189/il_fullxfull.7852805189_bw4j.jpg,https://i.etsystatic.com/37058139/r/il/9e5edc/7852805195/il_fullxfull.7852805195_o0se.jpg,https://i.etsystatic.com/37058139/r/il/d7b616/7852805211/il_fullxfull.7852805211_d2ic.jpg,,,,,,,,1
"8x16 Firewood Shed DIY Plans PDF | 2 Cord Wood Storage Rack Blueprint | Extra Large Dry Wood Shelter","DIY 8x16 Firewood Shed Plans PDF | 2 Cord Wood Storage Rack Blueprint

Stop letting your valuable firewood rot under cheap plastic tarps! This comprehensive digital woodworking blueprint provides the exact, step-by-step instructions to build a massive, heavy-duty 8x16 Firewood Shed. Designed with an extra-deep profile to hold 2 full cords of wood, this structure is the ultimate high-capacity storage solution for homesteaders, cabin owners, and anyone who relies heavily on a wood stove to heat their home through the winter.

Engineered for Perfect Seasoning & Extreme Protection:

Extra-Deep Storage Capacity: The massive 96-inch depth allows you to stack multiple rows of standard-cut logs from front to back, maximizing your storage footprint and securely holding your 2 cords of wood.

Maximum Airflow Design: Firewood needs to breathe to dry properly. The slatted back and side walls, combined with the elevated floor, ensure continuous cross-ventilation, naturally seasoning your wood faster and preventing mold or rot.

Heavy-Duty Sloped Roof: The slanted roof design ensures heavy snow and rain slide right off, keeping your massive wood supply bone-dry and ready to burn.

Reinforced Framing: Storing 2 cords of wood means holding thousands of pounds. This blueprint features a heavily reinforced frame and thick dividers to prevent the structure from bowing under immense lateral and vertical pressure.

Fully Assembled Dimensions:

Overall Width: 192 inches
Overall Depth: 96 inches (Extra-deep design for multi-row stacking)
Overall Height: 95-1/4 inches (Slanted roofline)

Inside Your Digital PDF Download:

Your instant download provides a professional, frustration-free woodworking guide:

Measurement Standards: All structural details and cut lists are provided strictly in Imperial (inches).

Precise Material & Cut Lists: Take the exact shopping list to the hardware store and follow our precise cutting guide to eliminate costly wood waste.

Step-by-Step 3D Assembly: Crystal-clear visual instructions that walk you through framing the massive elevated base, erecting the heavy-duty posts, and attaching the slatted airflow walls.

(Please Note: This listing is for a digital PDF woodworking instruction book only. No physical shed, firewood, or lumber will be shipped.)

Invest in a permanent home for your firewood. Download your plans today and start building your ultimate dry wood shelter!",5,USD,97,"8x16_firewood_shed,2_cord_wood_rack,large_wood_shelter,wood_storage_pdf,outdoor_log_store,shed_with_firewood,fire_wood_rack_diy,heavy_duty_log_rack,woodworking_plans,backyard_shed_diy,log_storage_build,winter_wood_shed,wood_seasoning_rack",,https://i.etsystatic.com/37058139/r/il/c15863/7920897770/il_fullxfull.7920897770_bqz0.jpg,https://i.etsystatic.com/37058139/r/il/865e90/7968848797/il_fullxfull.7968848797_rxxj.jpg,https://i.etsystatic.com/37058139/r/il/a59352/7920897946/il_fullxfull.7920897946_88gm.jpg,https://i.etsystatic.com/37058139/r/il/ced87e/7920897956/il_fullxfull.7920897956_6rnc.jpg,https://i.etsystatic.com/37058139/r/il/c31628/7968849377/il_fullxfull.7968849377_cmry.jpg,https://i.etsystatic.com/37058139/r/il/0e74a1/7968849333/il_fullxfull.7968849333_ocl4.jpg,https://i.etsystatic.com/37058139/r/il/f668c2/7920897494/il_fullxfull.7920897494_liqk.jpg,https://i.etsystatic.com/37058139/r/il/71c5f1/7968848901/il_fullxfull.7968848901_8uut.jpg,https://i.etsystatic.com/37058139/r/il/af424a/7968849217/il_fullxfull.7968849217_7plq.jpg,,,,,,,,1
"DIY Extra-Long Mobile Workbench Plans | Garage Workstation (Digital Download)","Extra-Long Workbench Plans | DIY 96-Inch Mobile Workstation | Heavy-Duty Garage Table

Tired of feeling cramped while working on your projects? It's time to build a workbench that can handle anything you throw at it. Our DIY Extra-Long Workbench Plans provide a complete guide to constructing a professional-grade, heavy-duty workstation that offers an incredible amount of space and versatility for your workshop or garage.

This is more than just a bench; it's a true workhorse. This digital download gives you all the details to build a massive 96-inch long bench, giving you all the room you need for large-scale projects, assembly, and storage. Despite its size, the integrated heavy-duty casters make this mobile workbench easy to move, allowing you to reconfigure your workspace whenever you need.

Workbench Features and Dimensions
Our plans are designed for durability and function, incorporating features that make this an essential tool for any serious woodworker or DIY enthusiast.

Massive Size: At 96"" L x 26"" W x 35"" H, this bench provides an expansive, rock-solid surface for all your projects.

Integrated Storage: A full-length bottom shelf is perfect for storing lumber, tools, and equipment, keeping your work area clutter-free.

Smart Design: The built-in backsplash prevents items from rolling off the back, while the overall design ensures it's both sturdy and visually appealing.

Heavy-Duty Mobility: The plans are built around robust casters, allowing you to easily roll this entire 96-inch workstation into place or out of the way.

What You Get with Your Purchase
This is not just a diagram; it's a comprehensive guide to building your dream workbench. Your digital download includes:

Step-by-Step Instructions: Easy-to-follow directions that are suitable for all skill levels.

Complete Material & Cut Lists: A full breakdown of everything you need, simplifying the shopping and building process.

Detailed Schematics: Clear, professional-quality drawings of every component.

Stop compromising on your workspace. Get your workbench plans today and build a solid foundation for all your future projects.",7,USD,78,"woodworking,plans,beginner,small_workbench,small_shop_workbench,garage_workbench,diy_workbench,garden_bench,workbench,how_to_make,build,how_to_build","Digital Download,PDF File,Digital Instructions,Instant Download,Printable File",https://i.etsystatic.com/37058139/r/il/b1efa9/7158984260/il_fullxfull.7158984260_9rbz.jpg,https://i.etsystatic.com/37058139/r/il/b0d9f8/7206973957/il_fullxfull.7206973957_euc6.jpg,https://i.etsystatic.com/37058139/r/il/b3f224/7206973959/il_fullxfull.7206973959_i4vd.jpg,https://i.etsystatic.com/37058139/r/il/a6ae35/7206973949/il_fullxfull.7206973949_h1mn.jpg,https://i.etsystatic.com/37058139/r/il/4b3231/7158984250/il_fullxfull.7158984250_8ulu.jpg,https://i.etsystatic.com/37058139/r/il/9c4cd3/7206973951/il_fullxfull.7206973951_giez.jpg,https://i.etsystatic.com/37058139/r/il/8884f3/7158984280/il_fullxfull.7158984280_r04d.jpg,https://i.etsystatic.com/37058139/r/il/60b69f/7206973987/il_fullxfull.7206973987_rjvi.jpg,https://i.etsystatic.com/37058139/r/il/4b1367/7045515514/il_fullxfull.7045515514_1jyi.jpg,https://i.etsystatic.com/37058139/r/il/d74773/7045515490/il_fullxfull.7045515490_gw2f.jpg,,,,,,,1
"4x10 Firewood Shed DIY Plans PDF | Wood Storage Rack Blueprint | Large Dry Wood Shelter","DIY 4x10 Firewood Shed Plans PDF | 1 Cord Wood Storage Rack Blueprint

Stop letting your valuable firewood rot under cheap plastic tarps! This comprehensive digital woodworking blueprint provides the exact, step-by-step instructions to build a heavy-duty, 4x10 Firewood Shed. Designed with a perfect 1-cord capacity, this structure is the ideal storage solution for homesteaders, cabin owners, and anyone who relies on a wood stove to heat their home through the winter.

Engineered for Perfect Seasoning & Protection:

Maximum Airflow Design: Firewood needs to breathe to dry properly. The slatted back and side walls, combined with the elevated floor, ensure continuous cross-ventilation, naturally seasoning your wood faster and preventing mold or rot.

Heavy-Duty Sloped Roof: The slanted roof design ensures heavy snow and rain slide right off, keeping your wood bone-dry and ready to burn.

Reinforced Framing: Storing a full cord of wood means holding thousands of pounds. This blueprint features a reinforced frame and heavy-duty dividers to prevent the structure from bowing under immense lateral pressure.

Fully Assembled Dimensions:

Overall Width: 120 inches

Overall Depth: 48 inches

Overall Height: 94 inches (Slanted roofline)

Inside Your Digital PDF Download:

Your instant download provides a professional, frustration-free woodworking guide:

Measurement Standards: All structural details and cut lists are provided strictly in Imperial (inches).

Precise Material & Cut Lists: Take the exact shopping list to the hardware store and follow our cutting guide to eliminate costly wood waste.

Step-by-Step 3D Assembly: Crystal-clear visual instructions that walk you through framing the elevated base, erecting the heavy-duty posts, and attaching the slatted airflow walls.

(Please Note: This listing is for a digital PDF woodworking instruction book only. No physical shed, firewood, or lumber will be shipped.)

Invest in a permanent home for your firewood. Download your plans today and start building your ultimate dry wood shelter!",5,USD,99,"4x10_firewood_shed,1_cord_wood_rack,single_cord_storage,wood_storage_pdf,dry_wood_shelter,outdoor_log_store,shed_with_firewood,fire_wood_rack_diy,heavy_duty_log_rack,woodworking_plans,backyard_shed_diy,log_storage_build,wood_seasoning_rack",,https://i.etsystatic.com/37058139/r/il/a7fcf4/7968816317/il_fullxfull.7968816317_jisq.jpg,https://i.etsystatic.com/37058139/r/il/84e036/7968815873/il_fullxfull.7968815873_id6k.jpg,https://i.etsystatic.com/37058139/r/il/8607d0/7920864616/il_fullxfull.7920864616_68qn.jpg,https://i.etsystatic.com/37058139/r/il/7aee66/7920864738/il_fullxfull.7920864738_997d.jpg,https://i.etsystatic.com/37058139/r/il/2bd8d1/7920864574/il_fullxfull.7920864574_rnfb.jpg,https://i.etsystatic.com/37058139/r/il/a768a5/7920864578/il_fullxfull.7920864578_eucv.jpg,https://i.etsystatic.com/37058139/r/il/e05247/7968816377/il_fullxfull.7968816377_1ec7.jpg,https://i.etsystatic.com/37058139/r/il/001454/7968816335/il_fullxfull.7968816335_f3xr.jpg,https://i.etsystatic.com/37058139/r/il/c6620c/7920864750/il_fullxfull.7920864750_fns9.jpg,,,,,,,,1
"DIY Toy Chest Bench Plans: Wooden Storage Furniture (Digital Download)","The Ultimate DIY Wooden Toy Chest & Storage Bench Plans

🌟 Transform Clutter into Charm with Our Easy-to-Build Plans! 🌟

Tired of tripping over toys? Ready for a stylish storage solution that actually works? Our DIY Toy Chest Bench Plans are the perfect answer for organizing your home, especially the kids' room or living area!

This is not just a storage box; it’s a robust wooden storage bench that doubles as comfortable seating, making tidying up a breeze and adding functional décor to any space.

📐 Project Specifications (As Pictured)
These plans are designed for a spacious and sturdy chest, ideal for storing everything from blocks to blankets.

Width (Genişlik): 36 inches

Depth (Derinlik): 16 inches

Height (Yükseklik): 19 
4
1
​
  inches

✨ Why Choose Our DIY Plans?
Beginner-Friendly: Clear, step-by-step instructions make this project perfect for all skill levels. You don't need to be a master woodworker!

Multi-Functional: Use it as a Toy Chest, a sturdy Storage Bench for extra seating, or even a classic Treasure Chest for your little one's keepsakes.

SEO Optimized: We've included key phrases like Wooden Storage Box, Storage Furniture, Storage Cubbies, and DIY Chest so buyers can easily find your beautiful creation.

Customizable: Build it with the wood and finish (natural, painted, or stained) that perfectly matches your home's style.

🛠️ What You Will Receive:
This is a digital download of detailed woodworking plans and instructions. You will receive:

Comprehensive materials and cutting list.

Step-by-step assembly guides with clear illustrations.

Tips for a safe and professional finish.

(Please Note: This listing is for a digital PDF plan/instruction set, not the physical chest.)

💖 A Personal Touch
There’s nothing quite like the pride of building something beautiful and useful with your own hands. Give your child the gift of an organized room and a timeless piece of custom woodworking furniture you built together.

Click 'Add to Cart' now and start your next rewarding DIY project today!",4,USD,32,"DIY_Plans,Woodworking_Plans,Toy_Storage,Storage_Bench,Toy_Chest,Wooden_Chest,Cabinet_Plans,Storage_Furniture,Outdoor_Storage,Workbench_Plans,Storage_Cubbies,Treasure_Chest,Wooden_Storage_Box","Digital Download,PDF File,Digital Instructions,Instant Download,Printable File",https://i.etsystatic.com/37058139/r/il/af2376/7254103060/il_fullxfull.7254103060_mdll.jpg,https://i.etsystatic.com/37058139/r/il/fc14c3/7302051697/il_fullxfull.7302051697_1n7p.jpg,https://i.etsystatic.com/37058139/r/il/c6413e/7254103088/il_fullxfull.7254103088_i8l3.jpg,https://i.etsystatic.com/37058139/r/il/75a843/7302051683/il_fullxfull.7302051683_gp13.jpg,https://i.etsystatic.com/37058139/r/il/a62023/7254103070/il_fullxfull.7254103070_hrps.jpg,https://i.etsystatic.com/37058139/r/il/485410/7302051677/il_fullxfull.7302051677_8933.jpg,https://i.etsystatic.com/37058139/r/il/b34ec3/7254103058/il_fullxfull.7254103058_t6ih.jpg,https://i.etsystatic.com/37058139/r/il/cc3d9e/7254103086/il_fullxfull.7254103086_qmsm.jpg,https://i.etsystatic.com/37058139/r/il/193504/7254103080/il_fullxfull.7254103080_tp80.jpg,https://i.etsystatic.com/37058139/r/il/068740/7254103068/il_fullxfull.7254103068_1te3.jpg,,,,,,,1
"Tiered Planter Box Plans | Wooden Garden Build Guide (PDF Download)","Grow Your Own Beautiful Garden with DIY Tiered Planter Box Plans!

Maximize your growing space and add a touch of rustic charm to your backyard, patio, or balcony with our comprehensive tiered planter box plans. This sturdy, stepped wooden design features two spacious planting levels, making it the perfect planters for vegetables, fresh herbs, or a vibrant floral display.

Whether you are looking for an easy vertical garden diy project for the weekend or professional garden planters plans to build a durable outdoor growing station, these step-by-step woodworking blueprints will guide you to a perfect build.

📐 PLANTER DIMENSIONS:

Overall Width: 72 3/4 inches
Overall Depth: 19 3/4 inches
Overall Height: 42 inches

🛠️ WHAT IS INCLUDED IN THIS DIGITAL DOWNLOAD?

Detailed Building Plans: Clear, step-by-step instructions with 3D illustrations for your planter build plan.
Comprehensive Material List: Know exactly what weather-resistant lumber and hardware to buy.
Precise Cut List: Minimize wood waste and save money with our accurate wooden planter pattern guide.
Assembly Tips: Professional advice on framing, ensuring proper soil drainage, and building a rock-solid base that can handle the weight of wet soil.

💡 WHY CHOOSE OUR PLANS?

Building your own stepped planter is a highly rewarding way to get premium garden furniture at a fraction of the retail cost. Unlike thin, flimsy store-bought plastic planters, this solid wood design is built to withstand the outdoor elements for years. It’s an ideal outdoor herb garden rack project that will elevate your gardening experience!

⚠️ PLEASE NOTE: This is a DIGITAL DOWNLOAD only. No physical items, soil, seeds, plants, hardware, or lumber will be shipped. You will receive high-quality PDF files instantly upon purchase.",5,USD,96,"tiered_planter_box,planter_build_plan,garden_planter_plans,vertical_garden_diy,vegetable_planter,stepped_planter_diy,wood_planter_pattern,2_tier_planter,raised_garden_bed,outdoor_herb_garden,patio_planter_diy,flower_box_plans,woodworking_plans",Wood,https://i.etsystatic.com/37058139/r/il/0a81ae/7825309451/il_fullxfull.7825309451_9vif.jpg,https://i.etsystatic.com/37058139/r/il/09e9d6/7825309421/il_fullxfull.7825309421_mt9s.jpg,https://i.etsystatic.com/37058139/r/il/452af5/7777380798/il_fullxfull.7777380798_lg14.jpg,https://i.etsystatic.com/37058139/r/il/7ea848/7825309501/il_fullxfull.7825309501_d6fi.jpg,https://i.etsystatic.com/37058139/r/il/315d65/7777380800/il_fullxfull.7777380800_t1hr.jpg,https://i.etsystatic.com/37058139/r/il/9de52a/7825309491/il_fullxfull.7825309491_sgjs.jpg,https://i.etsystatic.com/37058139/r/il/422e80/7825309483/il_fullxfull.7825309483_947b.jpg,https://i.etsystatic.com/37058139/r/il/1a4482/7777380828/il_fullxfull.7777380828_s0do.jpg,https://i.etsystatic.com/37058139/r/il/ffa1a1/7825309509/il_fullxfull.7825309509_nw6b.jpg,,,,,,,,1
"Rotating Bookshelf | Revolving Bookcase | Furniture Plans for Woodworkers | DIY Bookcase Plans PDF | Easy-to-Build Wooden Bookshelf","Unlock Your Inner Craftsman with These Ultimate Woodworking Plans!

Are you searching for your next inspiring woodworking project? Look no further! This comprehensive DIY plan is your all-in-one guide to building a stunning and highly functional rotating bookshelf. Designed for woodworkers of all skill levels, our detailed blueprints turn a complex-looking project into a rewarding and achievable experience. This isn't just a book shelf; it’s a centerpiece of conversation, a space-saving solution, and a testament to your craft.

Why This Revolving Bookcase is Your Next Masterpiece:

Space-Saving Design: The unique 360° rotating bookshelf footprint allows you to store a massive number of books, decor, and collectibles in a compact space.

Stunning Aesthetics: The elegant, cylindrical design of this bookcase adds a rustic yet modern touch to any living room, study, or library. It’s a piece of furniture that will be admired for years to come.

Comprehensive & Easy-to-Follow: Our furniture plans are meticulously crafted. We've included everything you need to know, from the initial cuts to the final assembly. No more guesswork!

Built to Last: Follow our instructions to create a durable, heirloom-quality book case that will withstand the test of time and heavy loads.

What You'll Get in This DIY Plan Package:

This digital download provides instant access to everything you need to get started on your woodworking plans:

Step-by-Step Instructions: A detailed, written guide that walks you through each phase of construction, from preparing your materials to applying the final finish.

Precise Cutting List: A clearly organized table with exact dimensions (in both inches and centimeters) for every single piece of the bookcase.

High-Resolution Diagrams: Easy-to-understand diagrams and illustrations for every joint and assembly step. See exactly how the pieces fit together!

Start your next woodworking project today and bring this beautiful revolving book case to life. These are more than just bookshelf plans—they're your blueprint for creating a masterpiece.",10,USD,92,"bookshelf_plans,diy_bookshelf,bookcase_plans,woodworking_plans,wooden_bookcase,wall_bookshelves,built_in_bookcase,books_cabinet,small_bookcase_plans,easy_bookshelf,woodworking_project,corner_bookshelf,Rotating_Bookshelf","Digital Download,PDF File,Digital Instructions,Instant Download,Printable File",https://i.etsystatic.com/37058139/r/il/052a77/7202274449/il_fullxfull.7202274449_xo4x.jpg,https://i.etsystatic.com/37058139/r/il/8d28a4/7202274443/il_fullxfull.7202274443_jwio.jpg,https://i.etsystatic.com/37058139/r/il/3d93bc/7154283962/il_fullxfull.7154283962_3rri.jpg,https://i.etsystatic.com/37058139/r/il/87d411/7202274423/il_fullxfull.7202274423_ef95.jpg,https://i.etsystatic.com/37058139/r/il/788e05/7202274427/il_fullxfull.7202274427_2xgb.jpg,https://i.etsystatic.com/37058139/r/il/5216da/7201579933/il_fullxfull.7201579933_1g8m.jpg,https://i.etsystatic.com/37058139/r/il/689a55/7153586172/il_fullxfull.7153586172_6gd1.jpg,,,,,,,,,,1
"DIY Wardrobe Plan | Closet Storage Cabinet Blueprint | Wooden Tall Dresser Plans PDF","Maximize Your Bedroom Storage with Premium DIY Wardrobe Plans!

Running out of space for your clothes? Build your own beautiful and spacious closet storage cabinet with our comprehensive wardrobe plan. This classic double-door design features a generous hanging area and two large bottom drawers, making it the perfect diy closet build for bedrooms, entryways, or guest rooms.

Whether you are looking for built-in wardrobe plans to customize your space or detailed cabinet plans to improve your woodworking skills, these step-by-step instructions will help you craft a professional-quality, sturdy piece of furniture that beats flimsy store-bought alternatives.

📐 WARDROBE DIMENSIONS:

Overall Width: 48 1/2 inches
Overall Depth: 17 inches
Overall Height: 84 1/2 inches

🛠️ WHAT IS INCLUDED IN THIS DIGITAL DOWNLOAD?

Detailed Building Plans: Clear, step-by-step instructions with 3D illustrations for your wardrobe built in plywood or solid wood project.

Comprehensive Material List: Know exactly what lumber, drawer slides, and cabinet hinges to buy.
Precise Cut List: Minimize wood waste and save money with our accurate tall dresser plan guide.
Assembly Tips: Professional advice on how to build a cabinet, ensuring perfectly square frames and smooth drawer installation.

💡 WHY CHOOSE OUR PLANS?

Building your own closet cabinet plans allows you to create high-quality, durable furniture tailored to your exact needs. This robust design provides essential organization while adding a touch of elegance to your home decor. It’s an incredibly rewarding project for any DIY enthusiast seeking practical walk in closet storage ideas or standalone bedroom furniture.

⚠️ PLEASE NOTE: This is a DIGITAL DOWNLOAD only. No physical items, hardware, clothes, or lumber will be shipped. You will receive high-quality PDF files instantly upon purchase.",10,USD,97,"wardrobe_plan,diy_closet_build,cabinet_plans,closet_storage,built_in_wardrobe,tall_dresser_plan,closet_organizer,wood_wardrobe_pdf,closet_cabinet_diy,bedroom_furniture,clothes_closet_build,wood_cabinet_plans,woodworking_plans",Wood,https://i.etsystatic.com/37058139/r/il/67c4d1/7776991188/il_fullxfull.7776991188_lzd5.jpg,https://i.etsystatic.com/37058139/r/il/fbb673/7776991170/il_fullxfull.7776991170_ajg1.jpg,https://i.etsystatic.com/37058139/r/il/875b0a/7824919369/il_fullxfull.7824919369_aagv.jpg,https://i.etsystatic.com/37058139/r/il/76d566/7776991182/il_fullxfull.7776991182_6xdh.jpg,https://i.etsystatic.com/37058139/r/il/ce5869/7824919381/il_fullxfull.7824919381_ogv6.jpg,https://i.etsystatic.com/37058139/r/il/72a018/7776991180/il_fullxfull.7776991180_kja7.jpg,https://i.etsystatic.com/37058139/r/il/5bca3b/7776991228/il_fullxfull.7776991228_3wn4.jpg,https://i.etsystatic.com/37058139/r/il/a665b7/7824919419/il_fullxfull.7824919419_2k7z.jpg,https://i.etsystatic.com/37058139/r/il/fd0635/7776991232/il_fullxfull.7776991232_g38l.jpg,https://i.etsystatic.com/37058139/r/il/a14bbc/7824919431/il_fullxfull.7824919431_5xjz.jpg,,,,,,,1
"DIY Workbench Plans | Garage Workbench with Pegboard PDF | Wood Workbench Shelf | Easy DIY Garage Workshop Workbench","Build the Ultimate Classic Garage Workbench!

Every great project starts with a solid foundation. Transform your garage or shop with these comprehensive DIY Workbench Plans 72 Inch! This heavy-duty, traditional design features a massive 6-foot solid wood work surface, a sturdy lower wood workbench shelf for heavy equipment, and a full-size integrated pegboard backer to keep all your essential tools organized and within arm's reach.

Whether you need a reliable station for workbench home & hobby projects, or you are looking for an easy DIY garage workshop workbench to finally get organized, this blueprint provides everything you need. Stop working on the floor and build a professional-grade bench!

📐 OVERALL DIMENSIONS:

Width: 72 inches (6 Feet)
Overall Height: 84 inches (7 Feet)
Depth: 36 inches

🛠️ WHAT'S INCLUDED IN THIS DIGITAL DOWNLOAD?

High-quality Garage Workbench blueprints instantly available in PDF format.
Detailed material list and exact cut list to optimize your lumber.
Step-by-step 3D illustrated assembly instructions.
Perfect guide for building a heavy-duty woodworking bench DIY.

💡 WHY CHOOSE THESE WOODWORKING PLANS?

Massive Work Area: The 36-inch depth gives you plenty of room for large assemblies or machinery.
Built-in Organization: The large pegboard backer makes tool storage a breeze.

Digital Format: Print the digital products woodworking plans in your shop or follow along easily on your tablet.

Please Note: This is a DIGITAL DOWNLOAD only. No physical item will be shipped. Due to the nature of digital products, we do not accept returns or cancellations.

Get your garage organized this weekend! Add these Workbench Plans to your cart and start building your custom workspace.",4.99,USD,98,"Workbench_Plans_72,Garage_Workbench,Pegboard_Workbench,Wood_Workbench_Shelf,DIY_Workbench_PDF,Woodworking_Bench,Workshop_Table_Plan,Easy_DIY_Workbench,Tool_Storage_Bench,Heavy_Duty_Workbench,Craft_Table_Plans,DIY_Shop_Furniture,Garage_Organization","Digital Download,PDF File,Digital Instructions,Instant Download,Printable File",https://i.etsystatic.com/37058139/r/il/569fff/7805317200/il_fullxfull.7805317200_53gn.jpg,https://i.etsystatic.com/37058139/r/il/547300/7853261089/il_fullxfull.7853261089_tuuq.jpg,https://i.etsystatic.com/37058139/r/il/c96f08/7805317192/il_fullxfull.7805317192_45sl.jpg,https://i.etsystatic.com/37058139/r/il/cf684b/7853261093/il_fullxfull.7853261093_3is0.jpg,https://i.etsystatic.com/37058139/r/il/a3da0e/7853261099/il_fullxfull.7853261099_r5hr.jpg,https://i.etsystatic.com/37058139/r/il/62b0cd/7853261097/il_fullxfull.7853261097_jfwr.jpg,https://i.etsystatic.com/37058139/r/il/e90ab4/7853261109/il_fullxfull.7853261109_36rl.jpg,https://i.etsystatic.com/37058139/r/il/2df2ac/7805317206/il_fullxfull.7805317206_hb4l.jpg,https://i.etsystatic.com/37058139/r/il/998796/7853261111/il_fullxfull.7853261111_8w1i.jpg,,,,,,,,1
"DIY Pyramid Strawberry Planter Plans | Wooden Strawberry Tower PDF | 4 Tier Planter Box Blueprint | Stacked Garden Bed","Build the Ultimate Pyramid Strawberry Tower!

Maximize your garden space and grow a massive harvest with this comprehensive DIY Pyramid Strawberry Planter Plan! This beautiful, space-saving 4-tier design is perfect for growing strawberries, herbs, or cascading flowers. Whether you are looking for a stunning wooden strawberry tower for your backyard or highly efficient tiered planter plans for a patio, this blueprint has you covered.

Forget buying expensive, flimsy plastic towers. Use these pyramid planter plans to build a sturdy, rot-resistant stacked strawberry pyramid that will last for years. The tiered design ensures all plants get plenty of sunlight and makes harvesting an absolute breeze!

📐 OVERALL DIMENSIONS:

Width: 179.25 cm (Approx. 70.5 inches)
Depth: 179.25 cm (Approx. 70.5 inches)
Height: 182.06 cm (Approx. 71.6 inches)

🛠️ WHAT'S INCLUDED IN THIS DIGITAL DOWNLOAD?

High-quality Outdoor Planter Plan instantly available in PDF format.
Detailed material list and exact cut list to optimize your lumber.
Step-by-step 3D illustrated assembly instructions.
Perfect guide for building a functional and beautiful strawberry planter box.

💡 WHY CHOOSE THESE WOODWORKING PLANS?

Space Saving: The vertical tiered strawberry planter design holds dozens of plants in a compact footprint.
Easy to Build: Clear instructions make this wood pyramid planter accessible even for beginner woodworkers.
Digital Format: Print the garden box blueprints in your shop or follow along easily on your phone or tablet.

Please Note: This is a DIGITAL DOWNLOAD only. No physical item will be shipped. Due to the nature of digital products, we do not accept returns or cancellations.

Get ready for planting season! Add these Strawberry Tower Planter Plans to your cart and start building your garden centerpiece today.",3.99,USD,87,"Pyramid_Planter,Strawberry_Tower,Tiered_Planter_Box,Strawberry_Planter,Wood_Pyramid_Planter,Stacked_Planter,Garden_Box_Blueprint,Outdoor_Planter_Plan,DIY_Garden_Planter,4_Tier_Planter_Box,Wood_Planter_Tower,Raised_Garden_Bed,Strawberry_Pyramid","Digital Download,PDF File,Digital Instructions,Instant Download,Printable File",https://i.etsystatic.com/37058139/r/il/831173/7805158064/il_fullxfull.7805158064_k6ew.jpg,https://i.etsystatic.com/37058139/r/il/beb2fb/7805158058/il_fullxfull.7805158058_9mdg.jpg,https://i.etsystatic.com/37058139/r/il/984987/7853100507/il_fullxfull.7853100507_s164.jpg,https://i.etsystatic.com/37058139/r/il/dc46a3/7853100505/il_fullxfull.7853100505_ve43.jpg,https://i.etsystatic.com/37058139/r/il/432178/7805158084/il_fullxfull.7805158084_a1xq.jpg,https://i.etsystatic.com/37058139/r/il/e07628/7853100511/il_fullxfull.7853100511_7lqc.jpg,https://i.etsystatic.com/37058139/r/il/c367c3/7853100545/il_fullxfull.7853100545_agpw.jpg,https://i.etsystatic.com/37058139/r/il/a3fe40/7853100519/il_fullxfull.7853100519_ssp9.jpg,https://i.etsystatic.com/37058139/r/il/652859/7853100559/il_fullxfull.7853100559_6dkb.jpg,https://i.etsystatic.com/37058139/r/il/72b0c8/7805158130/il_fullxfull.7805158130_oozf.jpg,,,,,,,1
"Wood Pet Bed | DIY Dog Bed With Legs Plan | DIY Raised Dog Bed Furniture | Build a Custom Wooden Pet Bed | Elevated Dog Bed for Large Dogs","Create a Comfy and Stylish Haven for Your Best Friend with Our DIY Dog Bed Plans

Elevate your pet’s comfort and your home's style with our easy-to-follow woodworking plans. This DIY dog bed project is perfect for woodworkers of all skill levels, allowing you to build a sturdy and beautiful piece of dog furniture that will last for years.

Why an Elevated Dog Bed?

A raised dog bed isn't just a design choice—it's a health-conscious one. By lifting your pet off the floor, this bed provides better air circulation, keeping your dog cooler in the summer and warmer in the winter. This elevated pet furniture also helps protect your dog's joints by keeping them off cold, hard floors, which is especially beneficial for older dogs or breeds prone to hip issues. Give your dog the restful sleep they deserve.

What You'll Get:

This downloadable PDF includes everything you need to build the custom dog bed shown in the images. The detailed woodworking plans feature:

Step-by-step instructions with clear diagrams.

A complete cutting list with all dimensions in inches.

A list of required tools and materials.

Final Product Dimensions:

Once completed, your large dog bed will have the following dimensions, perfect for medium-sized breeds (26-50 lbs):

Overall Width (W): 32 inches (81.3 cm)

Overall Depth (D): 22 inches (55.9 cm)

Overall Height (H): 11 inches (27.9 cm)

This wooden dog bed is more than a place to sleep; it's a testament to your love for your furry family member. Download the plans today and start building a perfect space for them to relax and dream.

Please note: This listing is for a digital PDF plan, not the physical dog bed.",5,USD,77,"pet_bed,DIY_plans,dog_bed,dog_beds,woodworking_plans,dog_furniture,dog_bed_furniture,custom_dog_bed,large_dog_bed,wooden_dog_bed,diy_Dog_bed","Digital Download,PDF File,Digital Instructions,Instant Download,Printable File",https://i.etsystatic.com/37058139/r/il/65ffb7/7159214358/il_fullxfull.7159214358_3ak0.jpg,https://i.etsystatic.com/37058139/r/il/2671eb/7207203761/il_fullxfull.7207203761_tcj6.jpg,https://i.etsystatic.com/37058139/r/il/2cf5a0/7159214360/il_fullxfull.7159214360_6gsd.jpg,https://i.etsystatic.com/37058139/r/il/04de4b/7207203769/il_fullxfull.7207203769_fefi.jpg,https://i.etsystatic.com/37058139/r/il/a00ffe/7207203771/il_fullxfull.7207203771_owgg.jpg,https://i.etsystatic.com/37058139/r/il/4c2d9c/7207203779/il_fullxfull.7207203779_45mp.jpg,https://i.etsystatic.com/37058139/r/il/9aad5e/7159214356/il_fullxfull.7159214356_ssr1.jpg,https://i.etsystatic.com/37058139/r/il/5a3d40/7207203777/il_fullxfull.7207203777_ow2q.jpg,https://i.etsystatic.com/37058139/r/il/c7b8e9/7159214362/il_fullxfull.7159214362_fijh.jpg,,,,,,,,1
"DIY Chicken and Duck Coop Plans PDF | 8x4 Modern Duck House | Lightweight Chicken Coop Build | Quail Cottage Blueprint | Kippenhok DIY","Build a Safe, Spacious, and Easy-to-Clean Home for Your Multi-Species Flock!

100% Satisfaction & Money-Back Guarantee! We are so confident that you will love building this project that we offer a 100% money-back guarantee. If you are not completely satisfied with these plans for any reason, we will refund your purchase—no questions asked!

Ongoing Support via Etsy Messages We are here for you! If you have any questions, need technical advice, or require help during your build process, simply send us a message through Etsy. We provide full, ongoing support to ensure your backyard farm is a total success.

About This Build Whether you are raising a mixed flock or just need a highly versatile animal shelter, this multi-purpose 8x4 blueprint is the ultimate weekend Duck House Project! Designed with a central access ramp and two massive side-opening doors, cleaning and egg collection have never been easier.

This spacious, elevated design is incredibly adaptable. It serves perfectly as a Modern Duck House, a secure Poultry Grow Out Pen, or a Lightweight Chicken Coop. Looking for something specific? This layout works beautifully for Quail Cottage Plans (or a smaller Quial Coop), a Geese House Blueprint, or a traditional Kurnik and Kippenhok.

If you want the footprint of a 4x8 Chicken Tractor but prefer a sturdy, stationary build, this is the perfect solution. You can easily adapt the central entrance for a Chicken Coop Automatic door, or attach it directly to a larger Duck Run and Coop setup. Add this premium Duck Shed Build to your personal Chicken Coop House Book of favorite farm projects!

Dimensions

Width: 96"" (8 Feet)

Depth: 48"" (4 Feet)

Overall Height: 74-5/16"" (Elevated base protects from predators and keeps the floor perfectly dry for your birds!)

What You Will Get in This PDF

Instant Digital Download: Get your Duck House DIY started today!

Step-by-Step Instructions: Clear, logical guide for builders of all skill levels.

Detailed 3D CAD Illustrations: Visual aids for framing, siding, and installing the corrugated roof.

Comprehensive Material List: Know exactly what lumber and hardware to buy.

Precision Cut List: Meticulously calculated to account for specific mounting allowances and exact material thicknesses, ensuring a perfect, professional fit with minimal waste.

Stop searching for random Duck Enclosure Plans Free that leave out crucial steps. Download these premium Duck Coop Plans today and give your birds the best Duck Homes possible!",10,USD,81,"Duck_House_Plan,Duck_Coop_Plans,Lightweight_Coop_DIY,Modern_Duck_House,Duck_Shed_Build,Quail_Cottage_Plans,4x8_Chicken_Coop,Poultry_Grow_Out_Pen,Chicken_Castle_Plans,Kippenhok,Kurnik,Duck_Run_and_Coop,Duck_Pen_Plan",,https://i.etsystatic.com/37058139/r/il/02d160/8024575087/il_fullxfull.8024575087_3fe9.jpg,https://i.etsystatic.com/37058139/r/il/b80ef7/8024575069/il_fullxfull.8024575069_2itb.jpg,https://i.etsystatic.com/37058139/r/il/2910ff/8024575077/il_fullxfull.8024575077_1gvb.jpg,https://i.etsystatic.com/37058139/r/il/e687e6/8024575071/il_fullxfull.8024575071_ak5n.jpg,https://i.etsystatic.com/37058139/r/il/0cfa4a/7976621370/il_fullxfull.7976621370_kwpn.jpg,https://i.etsystatic.com/37058139/r/il/a4b5d9/7976621368/il_fullxfull.7976621368_10rk.jpg,https://i.etsystatic.com/37058139/r/il/0b6c2a/8024575083/il_fullxfull.8024575083_eunw.jpg,https://i.etsystatic.com/37058139/r/il/d1a094/8024575079/il_fullxfull.8024575079_bqvf.jpg,https://i.etsystatic.com/37058139/r/il/3f4154/8024575099/il_fullxfull.8024575099_3j2g.jpg,https://i.etsystatic.com/37058139/r/il/670e50/7976621404/il_fullxfull.7976621404_lbs6.jpg,,,,,,,1
"DIY Small Chicken Coop Plans with Run PDF | Woodworking Plans for Modern Chicken Coops | Backyard Poultry Breeding Pen | Quail Cottage Build","Build a Safe, Simple, and Beautiful Home for Your Small Flock!

100% Satisfaction & Money-Back Guarantee! We are so confident that you will love building this project that we offer a 100% money-back guarantee. If you are not completely satisfied with these plans for any reason, we will refund your purchase—no questions asked!

Ongoing Support via Etsy Messages We are here for you! If you have any questions, need technical advice, or require help during your build process, simply send us a message through Etsy. We provide full, ongoing support to ensure your backyard farm is a total success.

About This Build Are you looking for the perfect Chicken Coop Design for a small backyard flock? This
comprehensive PDF guide includes two complete builds: a sturdy, raised wooden coop and a large, fully enclosed walk-in predator-proof run with a corrugated roof.

This layout utilizes a highly efficient Coops Inside Run setup, ensuring your birds are protected from predators and harsh weather 24/7. It is one of the most practical Modern Chicken Coops you can build, serving perfectly as Chicken Coops for 3 Chickens, a secure Breeding Chicken Coop, or even Quail Cottage Plans. If you need to separate birds, this setup is also ideal for Chicken Coop Breeding Pens or specialized Rooster Coop Plans.

Forget the hassle of buying a flimsy, expensive Chicken Coop Assembled from the store. With our detailed Woodworking Plans, you get a much higher quality build. Whether you want to build the Chicken Coop Only or the full Chicken Coop and Run Simple combo, this guide has you covered. It's a fantastic alternative to complex A Frame Chicken Coop designs, a Triangular Chicken Coop, or a fragile Greenhouse Chicken House.

You can easily customize this build to include Simple Chicken Coop Outside Egg collection boxes or integrate Coop Plans With Pvc Feeders to make daily chores a breeze. Inspired by premium layouts like the Chicken Coop Plans Model C30, this design is universally adaptable, making it a top choice whether you are building locally or looking for Chicken Coop Plans UK compatible designs.

Dimensions

The Covered Walk-In Run: 120"" Width x 96"" Depth x 80-1/8"" Height
The Raised Chicken Coop: 48"" Width x 36"" Depth x 47-1/4"" Height

What You Will Get in This PDF

Instant Digital Download: Get your Small Chicken Coop Plans started today!

Step-by-Step Instructions: Clear, logical guide for both the coop and the run.

Detailed 3D CAD Illustrations: Visual aids for framing, siding, wire-mesh installation, and roofing.

Comprehensive Material List: Know exactly what lumber and hardware to buy.

Exact Cut List: Minimize waste and save money at the hardware store.

Stop searching for the perfect Chicken Coop With Run Plans and start building it! Download this detailed, easy-to-follow blueprint today and give your flock the safe, comfortable home they deserve.",10,USD,81,"Chicken_Coop_Plan,Small_Chicken_Coop,Woodworking_Plans,Coop_With_Run_DIY,Breeding_Pen_Build,Backyard_Poultry,Quail_Coop_DIY,Modern_Chicken_Coop,DIY_Farm_Build,Chicken_Enclosure,Wooden_Coop_Design,Predator_Proof_Run,DIY_Animal_Shelter",,https://i.etsystatic.com/37058139/r/il/62e289/7976607272/il_fullxfull.7976607272_lit8.jpg,https://i.etsystatic.com/37058139/r/il/22ba96/7976607274/il_fullxfull.7976607274_ong4.jpg,https://i.etsystatic.com/37058139/r/il/01762d/7976607268/il_fullxfull.7976607268_1w01.jpg,https://i.etsystatic.com/37058139/r/il/35f2bc/8024561401/il_fullxfull.8024561401_caie.jpg,https://i.etsystatic.com/37058139/r/il/96190e/8024561395/il_fullxfull.8024561395_h49t.jpg,https://i.etsystatic.com/37058139/r/il/8d70af/8024561405/il_fullxfull.8024561405_ozbf.jpg,https://i.etsystatic.com/37058139/r/il/c6ff44/8024561403/il_fullxfull.8024561403_2l01.jpg,https://i.etsystatic.com/37058139/r/il/5bdc4a/8024561427/il_fullxfull.8024561427_mwog.jpg,https://i.etsystatic.com/37058139/r/il/0ed5c1/8024561443/il_fullxfull.8024561443_535d.jpg,,,,,,,,1
"DIY Chicken Coop Plans With Run PDF | Large Chicken Coop Plan | Walk in Chicken Coop Plan | Garden Chicken Coop and Run | Duck Coop Plans","Build the Ultimate Predator-Proof Paradise for Your Flock!

100% Satisfaction & Money-Back Guarantee!

We are so confident that you will love building this project that we offer a 100% money-back guarantee. If you are not completely satisfied with these plans for any reason, we will refund your purchase—no questions asked!

Ongoing Support via Etsy Messages

Building a backyard farm is an exciting journey, and we are here to help! If you have any questions or need advice during your build, simply send us a message through Etsy. We provide full, ongoing support for your project.

About This Build

Elevate your backyard homesteading with this premium Chicken Coop with Chicken Run blueprint! Designed to keep your flock completely safe, happy, and productive, this large chicken coop DIY project features a spacious elevated hen house and a massive, fully enclosed walk-in run.

Whether you are looking for chicken coop plans 8-12 chickens or expanding your flock to need chicken coop plans 20 chickens, this spacious 16x12 ft run provides plenty of grazing room. It is an incredibly versatile walk in chicken coop plan! Looking for something else? This design easily doubles as duck coop plans (making a perfect duck coop 12 chickens layout), a breeding chicken coop, or can even be adapted for quail cottage plans.

Save big on typical chicken coop blueprints cost by building it yourself! This comprehensive chicken coop bundle includes everything you need. You can customize the interior to create a chicken coop with poop shelves, easily add coop plans with PVC feeders, use a classic wood frame, or adapt the roof for chicken coop plans metal sheeting. It's a fantastic, high-quality alternative to a 10x20 chicken and duck coop, a standard chicken coop 8x12 walk in, or a large chicken coop 8x24.

Dimensions

The Coop (Hen House): 96"" Wide x 60"" Deep x 75"" High (8x5 ft)

The Enclosed Run (Fence): 192"" Wide x 144"" Deep x 80"" High (16x12 ft)

(Features an elevated coop to protect from predators and a convenient access ramp!)

What You Will Get in This PDF

Instant Digital Download: Get your garden chicken coop and run started today!

Step-by-Step Instructions: Clear, easy-to-follow guide for all skill levels.

Complete Material List & Cut List: Save money at the hardware store (easily adaptable if you want to use recycled wood for palette coop plans).

Stop settling for flimsy, expensive, store-bought coops. Download your detailed chicken coup plan today and build a beautiful, fortress-like home for your birds!",10,USD,81,"Chicken_Coop_Plan,Walk_in_Chicken_Coop,Garden_Chicken_Coop,Duck_Coop_Plans,Quail_Cottage_Plans,DIY_Chicken_Coup,Backyard_Poultry,Woodworking_Plans,12_Chickens_Coop,Predator_Proof_Coop,Farm_Animal_Housing,Chicken_Coop_Run,Large_Chicken_Coop",,https://i.etsystatic.com/37058139/r/il/0c20c4/7976568270/il_fullxfull.7976568270_2bwp.jpg,https://i.etsystatic.com/37058139/r/il/18b0b5/7976568276/il_fullxfull.7976568276_5hjm.jpg,https://i.etsystatic.com/37058139/r/il/2afd4c/8024522747/il_fullxfull.8024522747_gv9s.jpg,https://i.etsystatic.com/37058139/r/il/31f2cc/7976568278/il_fullxfull.7976568278_21dp.jpg,https://i.etsystatic.com/37058139/r/il/302f7c/8024522773/il_fullxfull.8024522773_biua.jpg,https://i.etsystatic.com/37058139/r/il/33fc43/7976568302/il_fullxfull.7976568302_2f29.jpg,https://i.etsystatic.com/37058139/r/il/a83375/8024522959/il_fullxfull.8024522959_1yg7.jpg,https://i.etsystatic.com/37058139/r/il/e4ecfe/8024522957/il_fullxfull.8024522957_ildq.jpg,https://i.etsystatic.com/37058139/r/il/3b4e6b/8024522945/il_fullxfull.8024522945_ozah.jpg,https://i.etsystatic.com/37058139/r/il/d55500/7989793421/il_fullxfull.7989793421_dg5z.jpg,,,,,,,1
"6x12 Firewood Shed Plans: DIY Sloped Roof Woodshed (PDF Download)","🔥 Stop Burning Wet Wood! Build Your Dream Woodshed Today! 🔥
Tired of struggling with soggy, smoking logs? Our 6x12 Firewood Shed Plans are the perfect solution to keep your wood dry, seasoned, and ready for the fire pit or stove. This isn't just a shed; it's the ultimate DIY project to enhance your backyard and ensure perfectly seasoned fuel all winter long!

🏡 About These 6x12 Wood Shed Plans 🏡
These are complete DIY plans to build a sturdy, attractive 6' x 12' Firewood Storage Shed (or Woodshed) with an approximate 3 Cord Wood capacity. The design features a classic Sloped Roof (or Lean-To style) and open-slat sides for maximum ventilation, ensuring your firewood seasons quickly and stays perfectly dry.

What makes these plans perfect for you?

Optimal Seasoning: The steeply Sloped Roof (ideal for Tin or shingle roofing) and the slatted sides promote excellent airflow, guaranteeing your wood is perfectly dried and ready to burn.

Ideal Capacity: The 6x6x12 Firewood Shelter footprint is compact yet spacious, holding roughly 3 Cord Wood—enough to keep you warm through the cold months.

Simple DIY: Designed for the beginner to intermediate builder. Our plans make this a satisfying weekend project you'll be proud of.

Classic Design: A beautiful and sturdy Wood Shed Design that looks great in any backyard or homestead setting.

✨ What You Get with Your Purchase (Instant Digital PDF Download) ✨

Your purchase is an instant digital download. No physical shed or materials will be shipped. You will receive a high-quality PDF featuring:

Detailed 3D Illustrations: Clear, easy-to-follow, step-by-step visuals for every stage of the build.

Complete Material List: A full list of lumber, hardware (screws, nails, etc.), and roofing material (e.g., Wood Shed Tin).

Precise Cut List: Accurately measured cuts for all components to minimize waste and save you time.

Essential Building Tips: Helpful advice for framing, foundation, and installing the Sloped Roof.

Ready to stop buying expensive, pre-built racks and create your own professional-grade firewood storage? Click 'Add to Cart' and get your instant Wood Shed Plans today! Happy building!",4,USD,2,"Firewood_Shed,Woodshed_Plans,Outdoor_Storage,Wood_Rack,DIY_Plans,Firewood_Rack,2_Cord_Wood,Tool_Shed,1_Cord_Wood,Pallet_Wood,Shed_Plans,Firewood_Holder,6x8_Firewood","Digital Download,PDF File,Digital Instructions,Instant Download,Printable File",https://i.etsystatic.com/37058139/r/il/ec6288/7305929223/il_fullxfull.7305929223_bvf3.jpg,https://i.etsystatic.com/37058139/r/il/a97b2d/7257981132/il_fullxfull.7257981132_rnp2.jpg,https://i.etsystatic.com/37058139/r/il/1107cf/7257981128/il_fullxfull.7257981128_n45d.jpg,https://i.etsystatic.com/37058139/r/il/0ec8bf/7257981130/il_fullxfull.7257981130_71il.jpg,https://i.etsystatic.com/37058139/r/il/eece01/7257981126/il_fullxfull.7257981126_fqwp.jpg,https://i.etsystatic.com/37058139/r/il/fdd03c/7257981144/il_fullxfull.7257981144_dfsh.jpg,https://i.etsystatic.com/37058139/r/il/008c44/7305929277/il_fullxfull.7305929277_9cca.jpg,,,,,,,,,,1
"DIY Outdoor Corner Bench Plans | L Shaped Planter Bench Blueprint | Wooden Garden Seating PDF","Create the Ultimate Backyard Oasis with DIY L-Shaped Corner Bench Plans!

Upgrade your patio, garden, or fire pit area with our stunning outdoor corner bench plans. This unique L-shaped design features a beautiful built-in planter box at the center, allowing you to seamlessly blend comfortable seating with your favorite flowers, herbs, or ambient lighting. It is the perfect diy garden seating project to elevate your outdoor living space.

Whether you are looking for an L shaped bench for entertaining guests or a cozy corner nook for relaxing in your backyard, our step-by-step woodworking blueprints will guide you through the entire build.

📐 BENCH DIMENSIONS:

Left Bench Length: 81 9/16 inches
Right Bench Length: 62 7/8 inches
Bench Depth: 18 1/16 inches
Corner Planter Box: 18 1/16"" x 17 9/16""

🛠️ WHAT IS INCLUDED IN THIS DIGITAL DOWNLOAD?

Detailed Building Plans: Clear, step-by-step instructions with 3D illustrations for your planter bench diy project.
Comprehensive Material List: Know exactly what weather-resistant lumber and hardware to buy.
Precise Cut List: Minimize wood waste and save money with our accurate bench building plans.
Assembly Tips: Professional advice on framing, leveling the L-shape, and constructing a durable planter box that can withstand the elements.

💡 WHY CHOOSE OUR PLANS?

Building your own corner bench is a fantastic and rewarding weekend project. Unlike flimsy store-bought patio furniture, this heavy-duty solid wood design is built to last for years. The integrated planter adds a high-end, custom architectural feel to your home that will impress all your guests!

⚠️ PLEASE NOTE: This is a DIGITAL DOWNLOAD only. No physical items, soil, plants, hardware, LED lights, or lumber will be shipped. You will receive high-quality PDF files instantly upon purchase.",5,USD,88,"corner_bench_plans,planter_bench_diy,l_shaped_bench,outdoor_bench_pdf,garden_bench_plans,patio_seating_diy,diy_corner_bench,wood_bench_plans,bench_with_planter,outdoor_furniture,corner_seating_plan,corner_nook_diy,woodworking_plans",Wood,https://i.etsystatic.com/37058139/r/il/894972/7824953345/il_fullxfull.7824953345_o6zw.jpg,https://i.etsystatic.com/37058139/r/il/f07959/7824953363/il_fullxfull.7824953363_9taj.jpg,https://i.etsystatic.com/37058139/r/il/a252c0/7824953369/il_fullxfull.7824953369_g7m2.jpg,https://i.etsystatic.com/37058139/r/il/dedd6d/7824953357/il_fullxfull.7824953357_2n9d.jpg,https://i.etsystatic.com/37058139/r/il/d053de/7824953365/il_fullxfull.7824953365_ev4r.jpg,https://i.etsystatic.com/37058139/r/il/fd8b5d/7777024904/il_fullxfull.7777024904_gjfq.jpg,https://i.etsystatic.com/37058139/r/il/62bd91/7777024914/il_fullxfull.7777024914_3yiu.jpg,https://i.etsystatic.com/37058139/r/il/ecaac6/7777024920/il_fullxfull.7777024920_9037.jpg,https://i.etsystatic.com/37058139/r/il/ea2404/7777024936/il_fullxfull.7777024936_hcns.jpg,https://i.etsystatic.com/37058139/r/il/2eff96/7824953393/il_fullxfull.7824953393_f662.jpg,,,,,,,1
"DIY Rolling Tool Station Plans | Mobile Tool Storage Cabinet PDF | Wood Tool Cabinet on Wheels | Hobby Organizer Cart | Garage Storage","Build the Ultimate Mobile Tool & Storage Station!

Maximize your workshop or craft room efficiency with this incredibly versatile DIY Rolling Tool Station Plan. Designed with mobility and maximum storage in mind, this tall organizer cart features multiple shallow shelves perfect for storing hand tools, hardware, sandpaper, or acting as a high-capacity hobby organizer for your craft supplies and paints.

Whether you need a functional tool storage cabinet that rolls right up to your workbench, or a dedicated model tool station for your creative projects, this blueprint provides the perfect solution. Say goodbye to clutter and build your own custom tool cabinet on wheels!

📐 OVERALL DIMENSIONS:

Width: 22 inches
Height: 55 inches (Including casters)
Depth: 14 inches

🛠️ WHAT'S INCLUDED IN THIS DIGITAL DOWNLOAD?

High-quality Rolling Tool Box blueprints instantly available in PDF format.
Detailed material list and efficient cut list for your plywood.
Step-by-step 3D illustrated assembly instructions.
Perfect guide for building a sturdy garage tool cabinet.

💡 WHY CHOOSE THESE WOODWORKING PLANS?

Total Mobility: Built on casters so your tools and supplies go exactly where you need them.
Versatile Storage: Features numerous tiered shelves and a large bottom cubby for bulkier items.
Digital Format: Print the workshop storage plans in your shop or follow along easily on your tablet.

Please Note: This is a DIGITAL DOWNLOAD only. No physical item will be shipped. Due to the nature of digital products, we do not accept returns or cancellations.

Roll into a more organized workspace! Add these Mobile Tool Station Plans to your cart and start building your custom storage today.",4.99,USD,95,"Rolling_Tool_Box,Tool_Station_Plan,Tool_Storage_Cabinet,Garage_Tool_Cabinet,Hobby_Organizer_Plan,Model_Paint_Station,Mobile_Tool_Cart,Wood_Toolbox_DIY,Sandpaper_Storage,Craft_Station_Cart,Rolling_Tool_Chest,Workshop_Storage,DIY_Storage_Rack","Digital Download,PDF File,Digital Instructions,Instant Download,Printable File",https://i.etsystatic.com/37058139/r/il/38577a/7805298226/il_fullxfull.7805298226_cz8d.jpg,https://i.etsystatic.com/37058139/r/il/760dda/7805298232/il_fullxfull.7805298232_p8ah.jpg,https://i.etsystatic.com/37058139/r/il/e30a35/7805298242/il_fullxfull.7805298242_7a5q.jpg,https://i.etsystatic.com/37058139/r/il/ec780a/7853241805/il_fullxfull.7853241805_88j8.jpg,https://i.etsystatic.com/37058139/r/il/c12be7/7853241801/il_fullxfull.7853241801_qzy1.jpg,https://i.etsystatic.com/37058139/r/il/af16cc/7805298246/il_fullxfull.7805298246_o3ow.jpg,https://i.etsystatic.com/37058139/r/il/c42225/7805298236/il_fullxfull.7805298236_jsos.jpg,https://i.etsystatic.com/37058139/r/il/afec39/7805298258/il_fullxfull.7805298258_fiv8.jpg,https://i.etsystatic.com/37058139/r/il/0354ba/7805298252/il_fullxfull.7805298252_q4ea.jpg,https://i.etsystatic.com/37058139/r/il/4a60f5/7853241821/il_fullxfull.7853241821_7otp.jpg,,,,,,,1
"Champagne Cart Blueprint | DIY Mobile Bar, Wedding Event Cart (Custom Build)","🥂 Build Your Own Elegant Champagne & Event Cart!
Create the ultimate focal point for your next event with these comprehensive Champagne Cart Custom Build plans. Whether you are a DIY enthusiast looking to build a beautiful piece for your home, or a rental business owner wanting to add a high-ROI item to your inventory, this design is perfect for you.
This isn't just a cart; it’s a statement piece. Designed to be sturdy yet elegant, this Personalized Mobile Bar Cart features a timeless design with large decorative wheels, gold-accented pillars, and a dedicated roof with glass racks. It serves perfectly as a Bubbly Bar Cart, a Prosecco Cart, or even a sophisticated Caviar Cart for high-end gatherings.
Why Build This Cart?
Versatile Design: While styled as a champagne cart, this design is incredibly adaptable. Use it as a Unique Charcuterie Cart, a dessert station, or a Catering Rolling Cart.
Customizable: The plans are designed so you can easily modify the finish. Paint it white for a classic wedding look, or go bold with a Black Champagne Cart finish for modern events. You can easily add a Champagne Cart With Logo or decal to the front panel for a Monogrammed Champagne Cart look.
Rental Business Ready: If you are in the event industry, this is a Champagne Cart Buy that pays for itself. It is highly sought after for Event Cart Rent purposes.
Better Than PVC: Forget flimsy Pvc Sweet Cart designs. These plans guide you to build a solid, professional-grade wooden cart that lasts.
📏 Dimensions (Approximate Finished Size):
Height: 79 inches
Width: 48 inches
Depth: 18 inches
📂 What You Will Receive:
Step-by-Step Instructions: Clear, beginner-friendly guides.
Material & Cut List: Know exactly what wood and hardware to buy to minimize waste.
Assembly Guide: Detailed diagrams showing how to assemble your Bar Cart Custom build.
Pro Tips: Advice on how to make it a Collasapable Cart (collapsible) for easier transport if needed.
perfect For:
Weddings & Engagement Parties
Bridal Showers & Baby Showers
Custom Branded Carts for Corporate Events
Startups looking for a Champagne Cart With Monogram for brand activations.
Start your build today and impress your guests or clients with a Personalized Event Cart that screams luxury!

If you have any questions during your build, feel free to message me. I am here to help you create your dream cart!",15,USD,54,"Custom_food_cart,Charcuterie_cart,foldable_cart,bar_carts,DIY_Cart,Party_cart,beverage_cart,coffee_cart,collapsible_cart,wedding_cart,Mobile_bar,vendor_cart,bar_cart","Digital Download,PDF File,Digital Instructions,Instant Download,Printable File",https://i.etsystatic.com/37058139/r/il/598b00/7484112044/il_fullxfull.7484112044_cg0l.jpg,https://i.etsystatic.com/37058139/r/il/b0cf4a/7532037673/il_fullxfull.7532037673_qdx9.jpg,https://i.etsystatic.com/37058139/r/il/7aa743/7484112064/il_fullxfull.7484112064_app6.jpg,https://i.etsystatic.com/37058139/r/il/5a5d77/7484112088/il_fullxfull.7484112088_l6v8.jpg,https://i.etsystatic.com/37058139/r/il/c5614f/7532037719/il_fullxfull.7532037719_f3v2.jpg,https://i.etsystatic.com/37058139/r/il/09e5a6/7532037721/il_fullxfull.7532037721_qc4x.jpg,https://i.etsystatic.com/37058139/r/il/7a7168/7532037679/il_fullxfull.7532037679_o5to.jpg,https://i.etsystatic.com/37058139/r/il/79d3d6/7484112040/il_fullxfull.7484112040_4x3r.jpg,https://i.etsystatic.com/37058139/r/il/9dac20/7484112050/il_fullxfull.7484112050_3heh.jpg,https://i.etsystatic.com/37058139/r/il/c1c7f5/7532037705/il_fullxfull.7532037705_q3uh.jpg,,,,,,,1
"DIY Kitchen Pantry Cabinet Plans | Kitchen Organizer Build Blueprint | Standing Storage Guide","Transform Your Backyard with Premium 6x8 ft DIY Outdoor Sauna Plans!

Ready to build your own relaxing retreat? Our comprehensive DIY outdoor sauna plans are designed for both beginners and experienced DIYers. This modern, wooden backyard sauna comfortably fits 4 to 6 people, making it the perfect addition to your outdoor space for a dry sauna or traditional steam experience.

These step-by-step sauna building blueprints remove the guesswork from your DIY project, saving you time and money.

📐 SAUNA DIMENSIONS:

Width: 96 inches (8 feet)
Depth: 72 inches (6 feet)
Front Height: 110 inches (9 feet 2 inches)
Rear Height: 96 inches (8 feet)
Capacity: 4 to 6 Person Sauna

🛠️ WHAT IS INCLUDED IN THIS DIGITAL DOWNLOAD?

Detailed Building Plans: Clear, step-by-step instructions and 3D illustrations.
Comprehensive Material List: Know exactly what to buy before you start.
Precise Cut List: Minimize waste and save on lumber costs.
Dual Measurements: All plans include both Imperial and Metric units for global ease of use.
Foundation & Framing Guide: Ensuring a sturdy and insulated sauna build.

💡 WHY CHOOSE OUR PLANS? 
Whether you are planning an electric sauna or a traditional wood-fired setup, this 6x8 sauna plan provides a solid, well-designed structure. The sloped roof ensures proper drainage, while the modern aesthetic elevates any outdoor sauna design.

⚠️ PLEASE NOTE: This is a DIGITAL DOWNLOAD only. No physical items, building materials, or lumber will be shipped. You will receive high-quality PDF files instantly upon purchase.

Start your DIY sauna project today and bring the ultimate spa experience to your backyard!",10,USD,96,"kitchen_pantry_plans,pantry_cabinet_plans,canning_storage,kitchen_organizer,tall_cupboard_plans,diy_kitchen_cabinets,standing_pantry,diy_pantry_build,kitchen_storage_plan,cupboard_ideas,pantry_built_ins,wood_pantry_diy,freestanding_pantry",Wood,https://i.etsystatic.com/37058139/r/il/e032dd/7766243460/il_fullxfull.7766243460_cl8y.jpg,https://i.etsystatic.com/37058139/r/il/34886f/7814189469/il_fullxfull.7814189469_n6qt.jpg,https://i.etsystatic.com/37058139/r/il/f6ed7d/7766243476/il_fullxfull.7766243476_p32i.jpg,https://i.etsystatic.com/37058139/r/il/9ceeb0/7814189447/il_fullxfull.7814189447_9mlr.jpg,https://i.etsystatic.com/37058139/r/il/ca47c4/7766243452/il_fullxfull.7766243452_c0ek.jpg,https://i.etsystatic.com/37058139/r/il/ab0483/7814189467/il_fullxfull.7814189467_r3r7.jpg,https://i.etsystatic.com/37058139/r/il/15edac/7814189435/il_fullxfull.7814189435_liyn.jpg,https://i.etsystatic.com/37058139/r/il/48d882/7766243444/il_fullxfull.7766243444_216t.jpg,,,,,,,,,1
"8x20 Firewood Shed DIY Plans PDF | 3 Cord Wood Storage Rack Blueprint | Extra Large Dry Wood Shelter","DIY 8x20 Firewood Shed Plans PDF | 3 Cord Wood Storage Rack Blueprint

Stop letting your valuable firewood rot under cheap plastic tarps! This comprehensive digital woodworking blueprint provides the exact, step-by-step instructions to build a massive, heavy-duty 8x20 Firewood Shed. Designed with an ultra-deep profile to hold a full 3 cords of wood, this structure is the ultimate high-capacity storage solution for homesteaders, large cabin owners, and anyone who relies heavily on a wood stove to heat their home through the brutal winter.

Engineered for Perfect Seasoning & Extreme Protection:

Extra-Deep Storage Capacity: The massive 99-inch depth allows you to stack multiple rows of standard-cut logs from front to back, maximizing your storage footprint and securely holding 3 full cords of wood.

Maximum Airflow Design: Firewood needs to breathe to dry properly. The slatted back and side walls, combined with the elevated floor, ensure continuous cross-ventilation, naturally seasoning your wood faster and preventing mold or rot.

Heavy-Duty Sloped Roof: The slanted corrugated metal roof design ensures heavy snow and rain slide right off, keeping your massive wood supply bone-dry and ready to burn.

Reinforced Framing: Storing 3 cords of wood means holding thousands of pounds. This blueprint features a heavily reinforced frame and thick dividers to prevent the structure from bowing under immense lateral and vertical pressure.

Fully Assembled Dimensions:

Overall Width: 243 inches

Overall Depth: 99 inches (Extra-deep design for multi-row stacking)

Overall Height: 95-1/4 inches (Slanted roofline)

Inside Your Digital PDF Download:

Your instant download provides a professional, frustration-free woodworking guide:

Measurement Standards: All structural details and cut lists are provided strictly in Imperial (inches).

Precise Material & Cut Lists: Take the exact shopping list to the hardware store and follow our precise cutting guide to eliminate costly wood waste.

Step-by-Step 3D Assembly: Crystal-clear visual instructions that walk you through framing the massive elevated base, erecting the heavy-duty posts, and attaching the slatted airflow walls.

(Please Note: This listing is for a digital PDF woodworking instruction book only. No physical shed, firewood, or lumber will be shipped.)

Invest in a permanent home for your firewood. Download your plans today and start building your ultimate dry wood shelter!",5,USD,99,"8x20_firewood_shed,3_cord_wood_rack,large_wood_shelter,wood_storage_pdf,outdoor_log_store,shed_with_firewood,fire_wood_rack_diy,heavy_duty_log_rack,woodworking_plans,backyard_shed_diy,log_storage_build,winter_wood_shed,wood_seasoning_rack",,https://i.etsystatic.com/37058139/r/il/68c973/7920893222/il_fullxfull.7920893222_ica8.jpg,https://i.etsystatic.com/37058139/r/il/f84577/7968844471/il_fullxfull.7968844471_knqj.jpg,https://i.etsystatic.com/37058139/r/il/d91983/7968844727/il_fullxfull.7968844727_o6gl.jpg,https://i.etsystatic.com/37058139/r/il/eb095a/7968844781/il_fullxfull.7968844781_ebdg.jpg,https://i.etsystatic.com/37058139/r/il/1b8fbb/7920893240/il_fullxfull.7920893240_qeo7.jpg,https://i.etsystatic.com/37058139/r/il/65856d/7920892682/il_fullxfull.7920892682_517z.jpg,https://i.etsystatic.com/37058139/r/il/b7dc20/7920892722/il_fullxfull.7920892722_i0p3.jpg,https://i.etsystatic.com/37058139/r/il/9cc35e/7920892980/il_fullxfull.7920892980_8oa9.jpg,,,,,,,,,1
"DIY Outdoor Sauna Plans | Modern Sauna Blueprints PDF | Sauna With Window | Sauna With Shower Plans | Backyard Sauna Building Design","Build Your Own Backyard Oasis!

Transform your backyard into a luxury retreat with these comprehensive DIY Outdoor Sauna Plans. This stunning modern outdoor sauna design features a spacious hot room with a large scenic window, plus an attached covered porch perfectly designed for cooling down, storing firewood, or installing an outdoor shower—making it the ultimate match for anyone looking for sauna with shower plans.

Skip the expensive pre-fab kits. Whether you are looking to build a traditional sauna or a modern electric setup, these detailed sauna blueprints provide everything you need to construct a high-quality, weather-resistant structure from the ground up.

📐 OVERALL DIMENSIONS:

Overall Width: 157-1/2 inches (Approx. 13.1 Feet)
Overall Depth: 97-1/2 inches (Approx. 8.1 Feet)
Overall Height: 114-1/2 inches (Approx. 9.5 Feet)

🛠️ WHAT'S INCLUDED IN THIS DIGITAL DOWNLOAD?

High-quality Sauna Plans Outdoor instantly available in PDF format.
Detailed material list and exact cut list to minimize waste.
Step-by-step 3D illustrated assembly instructions.
Perfect guide for an ambitious sauna DIY build.

💡 WHY CHOOSE THESE WOODWORKING PLANS?

Modern Aesthetic: The sleek roofline and sauna with window design bring a premium, architectural look to your yard.
Dual-Purpose Space: The covered side section is incredibly versatile for seating or an outdoor shower addition.
Digital Format: Print the homemade sauna plans out in your shop or follow along easily on your tablet or smartphone.

Please Note: This is a DIGITAL DOWNLOAD only. No physical item will be shipped. Due to the nature of digital products, we do not accept returns or cancellations.

Start building your personal wellness retreat! Add these Outdoor Sauna Plans to your cart and get instant access today.",9.99,USD,89,"Outdoor_Sauna_Plan,Sauna_Blueprints,Sauna_With_Window,Sauna_Diy,Build_a_Sauna,Homemade_Sauna,Outdoor_Sauna_Design,Traditional_Sauna,Sauna_With_Shower,Backyard_Sauna_Build,Wood_Sauna_Plan,Sauna_Building,Modern_Sauna_PDF","Digital Download,PDF File,Digital Instructions,Instant Download,Printable File",https://i.etsystatic.com/37058139/r/il/c203c2/7805208504/il_fullxfull.7805208504_igyu.jpg,https://i.etsystatic.com/37058139/r/il/3fb39b/7853151357/il_fullxfull.7853151357_msty.jpg,https://i.etsystatic.com/37058139/r/il/8658fe/7805208500/il_fullxfull.7805208500_84fm.jpg,https://i.etsystatic.com/37058139/r/il/615de5/7805208498/il_fullxfull.7805208498_8qmc.jpg,https://i.etsystatic.com/37058139/r/il/bb9d06/7805208502/il_fullxfull.7805208502_5yiu.jpg,https://i.etsystatic.com/37058139/r/il/0a12c5/7853151373/il_fullxfull.7853151373_14hy.jpg,https://i.etsystatic.com/37058139/r/il/2796ee/7853151369/il_fullxfull.7853151369_e8tm.jpg,https://i.etsystatic.com/37058139/r/il/6a59a7/7853151391/il_fullxfull.7853151391_mk13.jpg,https://i.etsystatic.com/37058139/r/il/2010e3/7853151397/il_fullxfull.7853151397_s8qk.jpg,,,,,,,,1
"DIY Geometric Bookshelf Plans | Large Asymmetrical Bookcase Blueprint | Abstract Wall Book Shelves PDF","Upgrade Your Living Room with a Premium DIY Lift Top Coffee Table!

Are you looking for the perfect blend of style and functionality? Build your own stunning, multifunctional centerpiece with our comprehensive coffee table blueprint. Featuring a sleek mid-century modern design with a built-in drawer, open display shelves, and a hidden compartment, this project is the ultimate DIY coffee table with storage.

Whether you are working from the couch or enjoying a meal in front of the TV, the elevated top provides maximum convenience. These clear, step-by-step table instructions will guide woodworkers through creating a high-quality, custom piece of furniture.

📐 COFFEE TABLE DIMENSIONS:

Overall Width: 73 1/2 inches
Overall Depth: 28 3/4 inches
Overall Height: 31 11/16 inches

🛠️ WHAT IS INCLUDED IN THIS DIGITAL DOWNLOAD?

Detailed Building Plans: Clear, step-by-step instructions with 3D illustrations.
Comprehensive Material List: Know exactly what lumber and lift-top hardware to buy.
Precise Cut List: Minimize wood waste and save money on your build.
High-Quality Lift Top Coffee Table PDF: Instantly download and view on your devices or print it out for the workshop.
Assembly Tips: Everything you need to know, from attaching the angled legs to properly installing the lifting mechanism and drawer slides.

💡 WHY CHOOSE OUR PLANS?

Stop overpaying for factory-made furniture. This wooden coffee table digital product provides a sturdy, elegant design that offers both hidden and display storage, helping you keep your living space organized and clutter-free. It is a highly rewarding project that brings incredible utility and style to your home.

⚠️ PLEASE NOTE: This is a DIGITAL DOWNLOAD only. No physical items, hardware (including the lift mechanism), or lumber will be shipped. You will receive the coffee table PDF files instantly upon purchase.

Start your woodworking project today and transform your living space with this multifunctional design!",5,USD,94,"geometric_bookshelf,asymmetrical_shelf,abstract_bookcase,large_bookshelf_diy,bookcase_plans,wall_shelves_diy,modern_bookcase,wood_shelf_plans,diy_bookshelf_pdf,vertical_book_shelf,geometric_shelving,office_bookshelf,woodworking_plans",Wood,https://i.etsystatic.com/37058139/r/il/fa06c7/7777254082/il_fullxfull.7777254082_1lpn.jpg,https://i.etsystatic.com/37058139/r/il/25fa56/7777254076/il_fullxfull.7777254076_b8uy.jpg,https://i.etsystatic.com/37058139/r/il/ff5b09/7825183229/il_fullxfull.7825183229_qq2i.jpg,https://i.etsystatic.com/37058139/r/il/f200a8/7777254096/il_fullxfull.7777254096_limm.jpg,https://i.etsystatic.com/37058139/r/il/59cbfb/7825183251/il_fullxfull.7825183251_4vil.jpg,https://i.etsystatic.com/37058139/r/il/35fa55/7825183235/il_fullxfull.7825183235_qs8k.jpg,https://i.etsystatic.com/37058139/r/il/1a9341/7777254118/il_fullxfull.7777254118_dgme.jpg,https://i.etsystatic.com/37058139/r/il/02d4d9/7825183249/il_fullxfull.7825183249_c1ko.jpg,https://i.etsystatic.com/37058139/r/il/723f20/7777254112/il_fullxfull.7777254112_c8nz.jpg,https://i.etsystatic.com/37058139/r/il/4b9425/7825183253/il_fullxfull.7825183253_gicd.jpg,,,,,,,1
"DIY Outdoor Kitchen Plans PDF | Backyard Bar Blueprint | Pergola with Bar Underneath | Back Yard BBQ Shack Build | Outside Bar Woodworking","[The Hook & Support Promise]

Transform your backyard into the ultimate entertainment space with our comprehensive DIY Outdoor Kitchen & Backyard Bar Plans! Whether you are a weekend warrior or an experienced builder, we are here to ensure your project is a success. Need help or have questions during the build? Don't worry! We provide full, ongoing support via Etsy messages to guide you every step of the way.

[About This Build] 

Get ready for summer BBQs and outdoor parties! This contemporary backyard idea combines a spacious U-shaped serving bar with a sturdy, slanted roof structure. It perfectly blends the concept of an open air kitchen with a classic backyard tavern.

The design provides ample counter space for grilling prep, serving drinks, and seating your guests in the shade. It’s exactly what you need if you are looking for pergolas with bars under the roof!

[Dimensions (Overall Footprint)]

Width: 120"" (10 ft)
Depth: 72"" (6 ft)
Height: 120"" (10 ft)

[Perfect For]

Building your dream Diy Backyard Bar or Outside Bar

Planning a robust Back Yard BBQ Shack

Anyone searching for reliable Outdoor Kitchen Roofing Plans

Creating a professional-looking 2 Tier Bar for entertaining

A profitable and impressive woodworking project!

Stop searching for how to make a bar and start building your own! Download your Backyard Tavern Blueprint today and become the best host in the neighborhood.",10,USD,82,"Outdoor_Kitchen_Plan,DIY_Bar_Plan,Backyard_Bar_DIY,BBQ_Shack_Plans",,https://i.etsystatic.com/37058139/r/il/855ea9/7989604791/il_fullxfull.7989604791_tdta.jpg,https://i.etsystatic.com/37058139/r/il/40c88e/7989604777/il_fullxfull.7989604777_his7.jpg,https://i.etsystatic.com/37058139/r/il/e6de33/7989604805/il_fullxfull.7989604805_4m4s.jpg,https://i.etsystatic.com/37058139/r/il/ee4f7c/7941645348/il_fullxfull.7941645348_80tq.jpg,https://i.etsystatic.com/37058139/r/il/331a5a/7989604789/il_fullxfull.7989604789_4jfc.jpg,https://i.etsystatic.com/37058139/r/il/89de36/7941645356/il_fullxfull.7941645356_321c.jpg,https://i.etsystatic.com/37058139/r/il/4fefa2/7941645366/il_fullxfull.7941645366_i2wn.jpg,https://i.etsystatic.com/37058139/r/il/da37e6/7989604815/il_fullxfull.7989604815_n9gu.jpg,https://i.etsystatic.com/37058139/r/il/bb2e35/7941645370/il_fullxfull.7941645370_di9v.jpg,https://i.etsystatic.com/37058139/r/il/736cb3/7989604819/il_fullxfull.7989604819_di0w.jpg,,,,,,,1
"DIY Giant Connect 4 Outdoor Game Plans PDF | Backyard Yard Game Blueprint | Life Size Wooden 4-in-a-Row Strategy Game","Bring Giant-Sized Fun to Your Next Backyard Party with This DIY Connect 4 Game!

100% Satisfaction & Money-Back Guarantee!

We are so confident that you will love building this project that we offer a 100% money-back guarantee. If you are not completely satisfied with these plans for any reason, we will refund your purchase—no questions asked! Plus, if you need any help or have questions during the build, we are always here to provide full support and guidance via Etsy messages.

About This Build

Elevate your outdoor entertainment with the ultimate giant yard game! This life-size wooden Connect 4 (4-in-a-row) strategy game is the perfect addition to weddings, family reunions, birthday parties, or simple weekend hangouts.

Featuring a sturdy A-frame stand and a classic yellow-faced playing board, this backyard game is designed for durability and hours of competitive fun. The design includes a sliding release bar at the bottom to easily drop the discs and reset the game in seconds. It is a fantastic woodworking project that creates a professional-quality, high-end game that kids and adults alike will love.

Dimensions
Width: 43.5 inches
Height: 32.5 inches
Depth (Stand Base): 26 inches

Stop buying overpriced, flimsy plastic versions. Download your detailed giant outdoor game plans today and build a classic centerpiece for your backyard fun!",5,USD,81,"Connect_4_Game_DIY,Giant_Yard_Game,Backyard_Games,Outdoor_Party_Game,Wooden_Connect_4,Yard_Game_Plans,Life_Size_Game,Woodworking_Plans,Family_Game_Night,Wedding_Yard_Game,4_in_a_Row_Game,DIY_Outdoor_Fun,Strategy_Game_Build",,https://i.etsystatic.com/37058139/r/il/c70fe0/7941873404/il_fullxfull.7941873404_n8fz.jpg,https://i.etsystatic.com/37058139/r/il/d0e6d8/7941873380/il_fullxfull.7941873380_9uxv.jpg,https://i.etsystatic.com/37058139/r/il/e89783/7941873408/il_fullxfull.7941873408_1yoo.jpg,https://i.etsystatic.com/37058139/r/il/e672e0/7941873410/il_fullxfull.7941873410_o1u6.jpg,https://i.etsystatic.com/37058139/r/il/1457e1/7941873406/il_fullxfull.7941873406_4p0x.jpg,https://i.etsystatic.com/37058139/r/il/9905cc/7941873392/il_fullxfull.7941873392_df3u.jpg,https://i.etsystatic.com/37058139/r/il/21b80e/7989830327/il_fullxfull.7989830327_124x.jpg,https://i.etsystatic.com/37058139/r/il/b0f7c6/7941873426/il_fullxfull.7941873426_grdo.jpg,,,,,,,,,1
"DIY Mobile Serving Cart Plan – Charcuterie Bar, Coffee Station (PDF)","Build Your Dream Event: The Ultimate DIY Mobile Serving Cart Plan

Craft the centerpiece of your next event with our comprehensive, step-by-step project plan!

Imagine effortlessly serving your guests from a stunning, custom-built cart that perfectly complements your unique style. This isn't just a project; it's your ticket to creating the ultimate custom food cart or a show-stopping mobile bar. Our meticulously designed PDF guide gives you all the tools and knowledge to bring this elegant, modern design to life, allowing you to showcase your culinary creations with pride.

Unmatched Customization & Versatility

This is the most flexible DIY plan you'll find. It’s perfect for everything from an intimate family gathering to a grand wedding cart. Our plan includes six distinct countertop layouts, so you can tailor your cart to your specific needs.

Option 1: The Classic. A smooth, solid top for a minimalist look or a versatile workspace.

Option 2: The Charcuterie Dream. Multiple cutouts for a stunning charcuterie cart.

Option 3: The Party Pro. Two large cutouts, perfect for holding beverage tubs on ice, making it the ultimate party cart.

Options 4-6: A variety of other layouts to suit your serving style.

Effortless Portability & Smart Design

Designed with convenience in mind, this foldable cart features two sturdy folding wings that provide extra serving space when you need it and neatly tuck away when you don't. The heavy-duty 3"" locking casters ensure that your beverage cart glides effortlessly over any surface, and locks securely in place, even when fully loaded. This collapsible cart is not just beautiful; it’s a masterclass in functional, space-saving design.

The Perfect Fit for Any Occasion:

For the Entrepreneur: Transform your passion into a business with a professional-looking vendor cart.

For the Host: Impress your guests with a stunning bar cart or coffee cart.

For the DIY Enthusiast: Experience the satisfaction of building a high-quality, professional piece with our easy-to-follow guide. This is the DIY Cart project you've been waiting for.

What You Will Receive:

Upon purchase, you will receive an instant digital download of a comprehensive PDF file that includes everything you need to build your own mobile bar.

Detailed Cut List: All parts are labeled with clear letters and precise inch measurements.

Shopping List: A complete list of all required tools and hardware.

Step-by-Step Instructions: Easy-to-follow, detailed instructions for every stage of assembly, from cutting the panels to installing the casters.

Six Countertop Options: Choose the perfect layout to suit your specific serving needs.

Start building your dream cart today!

This plan is the perfect starting point for anyone looking to build a beautiful, versatile, and professional-looking serving cart. Get ready to roll out your next event with style and ease.

Note: This listing is for a digital PDF plan only. You are not purchasing a physical product.",16,USD,66,"Custom_food_cart,Charcuterie_cart,foldable_cart,bar_carts,Food_cart,DIY_Cart,Party_cart,beverage_cart,coffee_cart,collapsible_cart,wedding_cart,Mobile_bar,vendor_cart","Digital Download,PDF File,Digital Instructions,Instant Download,Printable File",https://i.etsystatic.com/37058139/r/il/fe88dd/7112557894/il_fullxfull.7112557894_ans3.jpg,https://i.etsystatic.com/37058139/r/il/974973/7160528113/il_fullxfull.7160528113_1hsr.jpg,https://i.etsystatic.com/37058139/r/il/ae0ddb/7160528111/il_fullxfull.7160528111_rpkp.jpg,https://i.etsystatic.com/37058139/r/il/d2c8a3/7160528115/il_fullxfull.7160528115_sirc.jpg,https://i.etsystatic.com/37058139/r/il/d10ac9/7112557898/il_fullxfull.7112557898_ej63.jpg,https://i.etsystatic.com/37058139/r/il/9f62be/7160528109/il_fullxfull.7160528109_p7xq.jpg,https://i.etsystatic.com/37058139/r/il/dfac44/7268045268/il_fullxfull.7268045268_e7ja.jpg,https://i.etsystatic.com/37058139/r/il/0f685d/7112557912/il_fullxfull.7112557912_oto2.jpg,https://i.etsystatic.com/37058139/r/il/55af1d/7160528159/il_fullxfull.7160528159_lbo4.jpg,https://i.etsystatic.com/37058139/r/il/6aad18/7112557918/il_fullxfull.7112557918_l9jq.jpg,,,,,,,1
"DIY Mobile Workbench with Tote Storage Plans PDF | Rolling Shop Cart & Organizer Blueprint | 3-Drawer Garage Utility Table | Woodworking","The Ultimate Workshop Hybrid: A Heavy-Duty Workbench That Organizes Itself!

100% Satisfaction & Money-Back Guarantee!

We are so confident that you will love building this project that we offer a 100% money-back guarantee. If you are not completely satisfied with these plans for any reason, we will refund your purchase—no questions asked!
Ongoing Support via Etsy Messages

We’ve got your back! If you run into any questions during your build or need a bit of technical advice, just shoot us a message through Etsy. We provide full, ongoing support to make sure your new workbench is perfect.

About This Build

Why choose between a workbench and a storage rack when you can have both? This DIY Mobile Workshop Station is designed for the maker who needs a solid work surface but is tired of the clutter.
It features a massive, sturdy top for your projects, three integrated drawers for your hand tools, and a clever hanging rail system underneath that perfectly fits three large storage totes. Mounted on high-quality casters, this unit rolls exactly where you need it and locks into place when it's time to get to work. It’s the perfect space-saving solution for small garages or professional woodshops.

Dimensions

Width: 5'-9""
Depth: 2'-5 15/16""
Overall Height: 2'-7 1/4""

(Designed to fit standard clear storage totes and built to a comfortable working height)

Stop working on a cluttered stationary table. Download your mobile workbench plans today and build the smartest piece of furniture in your shop!",10,USD,82,"Mobile_Workbench,Tote_Storage_Rack,Shop_Cart_DIY,Woodworking_Plans,Garage_Organizer,Rolling_Workbench,Tool_Storage,Utility_Cart,DIY_Furniture,Workbench_Plans,Bin_Storage_DIY,Shop_Furniture,Garage_Workshop_Plan",,https://i.etsystatic.com/37058139/r/il/c89932/7941909444/il_fullxfull.7941909444_gzto.jpg,https://i.etsystatic.com/37058139/r/il/081790/7989866141/il_fullxfull.7989866141_j06k.jpg,https://i.etsystatic.com/37058139/r/il/4bff21/7941909450/il_fullxfull.7941909450_pj04.jpg,https://i.etsystatic.com/37058139/r/il/c68d94/7989866145/il_fullxfull.7989866145_r9jh.jpg,https://i.etsystatic.com/37058139/r/il/301c39/7989866139/il_fullxfull.7989866139_3k2o.jpg,https://i.etsystatic.com/37058139/r/il/a4e1f9/7989866143/il_fullxfull.7989866143_elx5.jpg,https://i.etsystatic.com/37058139/r/il/081035/7941909460/il_fullxfull.7941909460_hqwl.jpg,https://i.etsystatic.com/37058139/r/il/0300d5/7989866155/il_fullxfull.7989866155_5snk.jpg,https://i.etsystatic.com/37058139/r/il/e6b54e/7989866149/il_fullxfull.7989866149_hky8.jpg,https://i.etsystatic.com/37058139/r/il/b83022/7989866153/il_fullxfull.7989866153_56ay.jpg,,,,,,,1
"DIY Rotating Shoe Rack Plans | Spinning Woodworking Blueprint (Digital Download)","Maximize Your Closet Space with Premium DIY Rotating Shoe Rack Plans!

Tired of messy closets and piles of shoes? Build the ultimate storage solution with our comprehensive rotating shoe rack plans. This impressive, multi-tier spinning shoe display allows you to easily store and access dozens of pairs of shoes with a simple spin. Perfect for walk-in closets, bedrooms, or entryways, this diy shoe carousel plans project will completely transform your organization.

Whether you are looking for a sturdy woodworking shoe shelf to tackle over the weekend or a professional-grade rotating shoe tower plans design to upgrade your home, these step-by-step blueprints make the build process straightforward and rewarding.

📐 SHOE RACK DIMENSIONS:

Overall Width (Base): 34 3/4 inches
Overall Height: 76 1/2 inches

🛠️ WHAT IS INCLUDED IN THIS DIGITAL DOWNLOAD?

Detailed Building Plans: Clear, step-by-step instructions with 3D illustrations for your diy rotating shoe cabinet.
Comprehensive Material List: Know exactly what lumber, hardware, and heavy-duty Lazy Susan bearing mechanism to buy.
Precise Cut List: Minimize wood waste and save money with our accurate shoe organizer diy guide.
Assembly Tips: Professional advice on creating perfectly balanced circular shelves and installing the spinning hardware for smooth rotation.

💡 WHY CHOOSE OUR PLANS?

Building your own shoe rack revolving tower is far more cost-effective and durable than buying flimsy, plastic store-bought alternatives. This solid wood design can be customized with your favorite stain or paint to match your home decor perfectly while providing high-end, boutique-style closet organization.

⚠️ PLEASE NOTE: This is a DIGITAL DOWNLOAD only. No physical items, hardware, Lazy Susan mechanisms, or lumber will be shipped. You will receive high-quality PDF files instantly upon purchase.",5,USD,96,"rotating_shoe_rack,spinning_shoe_rack,shoe_carousel_diy,shoe_tower_plans,cnc_shoe_rack,shoe_rack_revolving,diy_shoe_organizer,wood_shoe_shelf,shoe_display_stand,closet_organization,shoe_cabinet_dxf,custom_closet_diy,woodworking_plans",Wood,https://i.etsystatic.com/37058139/r/il/3c1453/7777079770/il_fullxfull.7777079770_suoc.jpg,https://i.etsystatic.com/37058139/r/il/ada8f4/7825008379/il_fullxfull.7825008379_ci4e.jpg,https://i.etsystatic.com/37058139/r/il/c15455/7825008279/il_fullxfull.7825008279_l9dp.jpg,https://i.etsystatic.com/37058139/r/il/71f759/7777079764/il_fullxfull.7777079764_5qsq.jpg,https://i.etsystatic.com/37058139/r/il/448474/7825008293/il_fullxfull.7825008293_jn2r.jpg,https://i.etsystatic.com/37058139/r/il/c0794c/7777079754/il_fullxfull.7777079754_lz04.jpg,https://i.etsystatic.com/37058139/r/il/2751d1/7777079778/il_fullxfull.7777079778_aate.jpg,https://i.etsystatic.com/37058139/r/il/fb62d6/7825008291/il_fullxfull.7825008291_ment.jpg,https://i.etsystatic.com/37058139/r/il/18d209/7825008305/il_fullxfull.7825008305_2j42.jpg,,,,,,,,1
"DIY Swingset With Playhouse Plans | Wooden Playset Plan PDF | Backyard Playground Plans","Build the Ultimate Backyard Adventure with DIY Swingset & Playhouse Plans!

Give your kids the outdoor space of their dreams! Our comprehensive wooden playset plan provides everything you need to build a professional-grade, sturdy, and fun-filled playground. This all-in-one design features a classic swingset with playhouse tower, a secure ladder, and a shaded platform, making it the perfect diy playhouse kids outdoor project for your family.

Whether you are looking for backyard playground plans that will last for years or a rewarding diy playset with plans pdf that is easy to follow, this blueprint is designed for woodworkers who want to create a high-quality playset outside.

📐 PLAYSET DIMENSIONS:

Overall Width: 279 7/8 inches
Overall Depth: 63 1/2 inches
Overall Height: 153 inches

🛠️ WHAT IS INCLUDED IN THIS DIGITAL DOWNLOAD?

Detailed Building Plans: Step-by-step instructions with clear 3D illustrations for the play house set build.
Comprehensive Material List: A full shopping list of lumber and hardware needed for your wooden playset plan.
Precise Cut List: Minimize wood waste and save money on your build plan kids playground.
Safety Guidelines: Important swing set instructions and playset instructions for a secure build.
Assembly Tips: Professional advice on framing the tower and anchoring the swing beam.

💡 WHY CHOOSE OUR PLANS?

Building a platform playground from scratch is much more durable and cost-effective than buying flimsy, pre-fab kits. Our big play ground plans allow you to customize the materials and ensure a safe, long-lasting structure that your children will enjoy for years. It is simply the best diy playset with plans pdf for a complete backyard playground.

⚠️ PLEASE NOTE: This is a DIGITAL DOWNLOAD only. No physical items, swing seats, slides, hardware, or lumber will be shipped. You will receive high-quality PDF files instantly upon purchase.",10,USD,98,"swingset_plans,wooden_playset_plan,diy_playset_pdf,backyard_playground,playhouse_build,play_sets_outside,swingset_playhouse,outdoor_playset,wooden_playhouse,play_ground_plans,diy_swingset,kids_playset_diy,woodworking_plans",Wood,https://i.etsystatic.com/37058139/r/il/593432/7766488926/il_fullxfull.7766488926_73ws.jpg,https://i.etsystatic.com/37058139/r/il/68005a/7814433847/il_fullxfull.7814433847_hmjb.jpg,https://i.etsystatic.com/37058139/r/il/8b7267/7814433845/il_fullxfull.7814433845_dwz5.jpg,https://i.etsystatic.com/37058139/r/il/556cbf/7814433911/il_fullxfull.7814433911_kju2.jpg,https://i.etsystatic.com/37058139/r/il/9ea58d/7766488936/il_fullxfull.7766488936_hzmn.jpg,https://i.etsystatic.com/37058139/r/il/e5f59f/7766488940/il_fullxfull.7766488940_btwr.jpg,https://i.etsystatic.com/37058139/r/il/3323e2/7766488930/il_fullxfull.7766488930_p8hh.jpg,https://i.etsystatic.com/37058139/r/il/53e942/7814433991/il_fullxfull.7814433991_k730.jpg,https://i.etsystatic.com/37058139/r/il/fc4a41/7814433977/il_fullxfull.7814433977_mspi.jpg,https://i.etsystatic.com/37058139/r/il/77484d/7766488984/il_fullxfull.7766488984_bwb2.jpg,,,,,,,1
"DIY Wooden Pet Bed Plans PDF | Moon Shaped Cat & Dog Bed Blueprint | Baby Cradle Wood Plan | Custom Wooden Pet Furniture","Build a Cozy and Unique Dream Bed for Your Beloved Pet or Little One!

100% Satisfaction & Money-Back Guarantee!

We are so confident that you will love building this project that we offer a 100% money-back guarantee. If you are not completely satisfied with these plans for any reason, we will refund your purchase—no questions asked! Plus, if you need any help or have questions during the build, we are always here to provide full support and guidance via Etsy messages.

About This Build

Create a magical resting space with this beautiful, moon-shaped wooden bed! Whether you want to spoil your furry friend with a stylish indoor cat bed or small dog bed, or you are looking to build a gorgeous, rustic baby cradle or newborn photography prop, this versatile woodworking plan is perfect for you.

Featuring an elegant curved design, cute star cutouts on the sides, and a sturdy elevated base, this bed provides a safe, enclosed, and cozy environment. It is designed to perfectly fit a soft cushion or blanket, making it the ultimate resting spot that also looks like a premium piece of home decor.

Dimensions
Width: 15""
Depth: 15""
Overall Height: 17-13/16""

(Note: These compact dimensions are ideal for cats, small dog breeds, dolls, or as a newborn photo prop. Be sure to scale up the measurements if you plan to build a functional bed for a growing baby!)

Stop buying flimsy pet beds that ruin your home's aesthetic. Download your detailed wooden bed plan today and craft a beautiful, lasting piece of furniture!",5,USD,83,"Cat_Bed_Plans,Dog_Bed_DIY,Baby_Cradle_Plan,Wooden_Pet_Furniture,Moon_Shaped_Bed,Woodworking_Plans,Pet_Bed_Blueprint,DIY_Cat_House,Small_Dog_Bed,Newborn_Prop_Plan,DIY_Pet_Bed,Furniture_Plans,Doll_Bed_Plan",,https://i.etsystatic.com/37058139/r/il/234271/7989710245/il_fullxfull.7989710245_jp9q.jpg,https://i.etsystatic.com/37058139/r/il/779de5/7989710235/il_fullxfull.7989710235_fcy3.jpg,https://i.etsystatic.com/37058139/r/il/bbd155/7989710233/il_fullxfull.7989710233_2js0.jpg,https://i.etsystatic.com/37058139/r/il/90f123/7941751970/il_fullxfull.7941751970_zyqa.jpg,https://i.etsystatic.com/37058139/r/il/1bfe21/7989710237/il_fullxfull.7989710237_995o.jpg,https://i.etsystatic.com/37058139/r/il/940fac/7941751962/il_fullxfull.7941751962_7iq0.jpg,https://i.etsystatic.com/37058139/r/il/e25873/7941751992/il_fullxfull.7941751992_n4ao.jpg,https://i.etsystatic.com/37058139/r/il/218819/7989710253/il_fullxfull.7989710253_466k.jpg,https://i.etsystatic.com/37058139/r/il/f9e05f/7989710329/il_fullxfull.7989710329_liq5.jpg,,,,,,,,1
"DIY Workbench Plans with Drawers | Modular Work Table for Garage | Garage Work Bench Blueprints | Woodworking Table with Shelves","Build the Ultimate Modular Workbench & Storage System!

Transform your garage, workshop, or craft room with these highly versatile DIY Workbench Plans. This brilliant modular design allows you to build a single heavy-duty unit with a spacious drawer and lower shelf, or build multiple units and place them side-by-side to create a massive, custom-length woodworking table with shelves!

Whether you need a compact DIY craft workbench, a dedicated tool station, or a full-wall garage work bench, this blueprint is your perfect solution. Stop struggling with clutter and build a professional-grade workspace with built-in workbench shelving and sliding drawers.

📐 DIMENSIONS (PER SINGLE MODULE):

Width: 66.0 cm (Approx. 26 inches)
Depth: 106.7 cm (Approx. 42 inches)
Height: 108.0 cm (Approx. 42.5 inches) 

🛠️ WHAT'S INCLUDED IN THIS DIGITAL DOWNLOAD?

High-quality Garage Work Bench Blueprints instantly available in PDF format.
Detailed material list and exact cut list to optimize your plywood and lumber.
Step-by-step 3D illustrated assembly instructions.
A foolproof guide to building and installing DIY workbench drawers.

💡 WHY CHOOSE THESE WOODWORKING PLANS?

Modular & Expandable: Start with one unit and add more later as your shop grows.
Maximum Storage: Combines a sturdy work table for garage with essential tool and material storage.
Digital Format: Print the plans in your shop or follow along easily on your tablet or smartphone.

Please Note: This is a DIGITAL DOWNLOAD only. No physical item will be shipped. Due to the nature of digital products, we do not accept returns or cancellations.

Upgrade your workspace today! Add these Workbench Plans to your cart and start building the shop of your dreams.",3.99,USD,99,"Workbench_Plans,Workbench_DIY,Garage_Work_Bench,Work_Bench_Shelf,DIY_Craft_Workbench,Work_Table_Garage,Workbench_Drawers,Modular_Workbench,Woodworking_Table,Tool_Work_Bench,Garage_Storage_Plan,Shop_Storage_Plans,Wood_Shop_Furniture","Digital Download,PDF File,Digital Instructions,Instant Download,Printable File",https://i.etsystatic.com/37058139/r/il/891f47/7853132891/il_fullxfull.7853132891_pahj.jpg,https://i.etsystatic.com/37058139/r/il/431399/7805190414/il_fullxfull.7805190414_q63j.jpg,https://i.etsystatic.com/37058139/r/il/c544c6/7805190406/il_fullxfull.7805190406_e30g.jpg,https://i.etsystatic.com/37058139/r/il/6f2f98/7805190418/il_fullxfull.7805190418_2kc8.jpg,https://i.etsystatic.com/37058139/r/il/e1b0f9/7853132873/il_fullxfull.7853132873_jgr4.jpg,https://i.etsystatic.com/37058139/r/il/8d9787/7853132887/il_fullxfull.7853132887_ju8q.jpg,https://i.etsystatic.com/37058139/r/il/bffd30/7805190410/il_fullxfull.7805190410_54u1.jpg,https://i.etsystatic.com/37058139/r/il/fdbe5d/7853132889/il_fullxfull.7853132889_b2vq.jpg,,,,,,,,,1
"DIY Log Cabin Birdhouse Plans PDF | Large Bird Box Woodworking Blueprint | Fancy Birdhouse Plans to Build","Build Your Own Rustic Garden Retreat: DIY Log Cabin Birdhouse Plans!

100% Satisfaction & Money-Back Guarantee!

We are so confident that you will love building this project that we offer a 100% money-back guarantee. If you are not completely satisfied with these plans for any reason, we will refund your purchase—no questions asked! Plus, if you need any help or have questions during the build, we are always here to provide full support and guidance via Etsy messages.

About This Build

Invite beautiful wildlife into your backyard with this charming, rustic log cabin-style birdhouse! If you are searching for fancy birdhouse plans that stand out from the basic designs, this is the perfect project for you.

Featuring an elegant interlocking wood design and a sturdy pitched roof, this large birdhouse plan creates a safe and cozy nesting space for your local birds while serving as a stunning piece of yard decor. It is a highly rewarding woodworking birdhouse project that is fun to build and looks incredible mounted on a post or nestled in your garden.

Dimensions

Width: 15""
Depth: 15""
Height: 18-1/8""

Enjoy a relaxing weekend crafting a beautiful home for nature. Download your birdhouse PDF today and start building the ultimate garden birdbox!",5,USD,83,"Birdhouse_Plans,Diy_Birdhouse_Plans,Birdhouse_Plans_Wood,Fancy_Birdhouse,Bird_House_To_Build,Birdhouse_Pdf,Cedar_Bird_House,Birdbox_Plans,Garden_Wood_Projects,Log_Cabin_Birdhouse",,https://i.etsystatic.com/37058139/r/il/06a2ad/7989694797/il_fullxfull.7989694797_b1n5.jpg,https://i.etsystatic.com/37058139/r/il/ec818c/7941735914/il_fullxfull.7941735914_d7o9.jpg,https://i.etsystatic.com/37058139/r/il/ae4442/7989694787/il_fullxfull.7989694787_o91k.jpg,https://i.etsystatic.com/37058139/r/il/16d13e/7941735920/il_fullxfull.7941735920_ot2t.jpg,https://i.etsystatic.com/37058139/r/il/5b1605/7941735908/il_fullxfull.7941735908_ox31.jpg,https://i.etsystatic.com/37058139/r/il/dcbba7/7989694785/il_fullxfull.7989694785_4a08.jpg,https://i.etsystatic.com/37058139/r/il/9dc876/7941735918/il_fullxfull.7941735918_etyc.jpg,,,,,,,,,,1
"DIY Compost Bin Plans PDF | Dual Chamber Wooden Composter Blueprint | 2-Bay Garden Compost Box | Yard Waste Bin Woodworking Project","Build the Ultimate Dual-Chamber Compost Bin for Your Garden!

100% Satisfaction & Money-Back Guarantee!

We are so confident that you will love building this project that we offer a 100% money-back guarantee. If you are not completely satisfied with these plans for any reason, we will refund your purchase—no questions asked! Plus, if you need any help or have questions during the build, we are always here to provide full support and guidance via Etsy messages.

About This Build

Take your gardening to the next level and turn your yard waste into nutrient-rich soil with this heavy-duty, dual-chamber wooden compost bin! If you are serious about organic gardening, this 2-bay system is exactly what you need.

The two separate compartments allow you to have one side actively breaking down while you add fresh materials to the other. The design features evenly spaced wooden slats to ensure maximum airflow (which is essential for proper composting) and a large, heavy-duty hinged lid to keep pests out while making it incredibly easy to turn your pile. Not only is it highly functional, but its clean, rustic look makes it a beautiful addition to any backyard or garden setup.

Dimensions

Width: 8'-1 1/2"" (97.5 inches)
Depth: 4'-2 1/4"" (50.25 inches)
Overall Height: 3'-4 1/2"" (40.5 inches)

Stop buying expensive, ugly plastic composters! Download your detailed compost bin plan today, build a durable wooden composter, and start feeding your garden the right way!",5,USD,83,"Compost_Bin_Plans,Wooden_Composter,Dual_Chamber_Compost,Garden_Compost_Bin,DIY_Compost_Box,Woodworking_Plans,2_Bay_Composter,Compost_Bin_DIY,Yard_Waste_Bin,Gardening_Wood_Plan,Wood_Composter_Build,Outdoor_Bin_Plans,Garden_Woodworking",,https://i.etsystatic.com/37058139/r/il/f63239/7989741369/il_fullxfull.7989741369_6dbr.jpg,https://i.etsystatic.com/37058139/r/il/eca8a4/7941782862/il_fullxfull.7941782862_nzga.jpg,https://i.etsystatic.com/37058139/r/il/ed2be4/7989741371/il_fullxfull.7989741371_qa9t.jpg,https://i.etsystatic.com/37058139/r/il/83ae2c/7941782896/il_fullxfull.7941782896_9ki5.jpg,https://i.etsystatic.com/37058139/r/il/c5d356/7989741401/il_fullxfull.7989741401_a8j6.jpg,https://i.etsystatic.com/37058139/r/il/f08f0e/7989741395/il_fullxfull.7989741395_gtpr.jpg,https://i.etsystatic.com/37058139/r/il/2e4cc3/7941782932/il_fullxfull.7941782932_8u6x.jpg,https://i.etsystatic.com/37058139/r/il/746b53/7941782910/il_fullxfull.7941782910_9pge.jpg,https://i.etsystatic.com/37058139/r/il/b75e2f/7941782908/il_fullxfull.7941782908_n14l.jpg,https://i.etsystatic.com/37058139/r/il/5bd6f9/7941782916/il_fullxfull.7941782916_2672.jpg,,,,,,,1
"DIY Shoe Rack Plans PDF | Building Plans Shoe Cabinet | Wooden Shoe Storage Blueprint | Modular Shoe Rack | Plywood Shoe Shelf Plan","Build the Ultimate Entryway Organizer & Shoe Cabinet!

Tired of entryway clutter? Transform your home organization with these comprehensive DIY Shoe Rack Plans. This isn't just a simple rack; it is a premium piece of furniture featuring elegant curved open shelving for your everyday footwear, plus a built-in side cabinet and drawers to hide away boots, accessories, or out-of-season shoes.

Whether you are looking for highly detailed shoe rack wood working plans to upgrade your mudroom or a stylish modular shoe rack DIY project, this blueprint is the perfect guide. Stop searching for the right furniture and build your own high-capacity shoe storage DIY system!

📐 OVERALL DIMENSIONS:

Width: 63 inches
Height: 44-1/2 inches
Depth: 28 inches

🛠️ WHAT'S INCLUDED IN THIS DIGITAL DOWNLOAD?

High-quality Wooden Shoe Rack PDF instantly available after purchase.
Detailed material list and precise cut list for your plywood or solid wood.
Step-by-step 3D illustrated assembly instructions.
Perfect instructions for a flawless DIY shoe shelf plan plywood build.

💡 WHY CHOOSE THESE WOODWORKING PLANS?

Massive Storage: The deep 28"" profile and multi-tier design offer incredible capacity for large shoe collections.
Premium Look: The curved shelf details and integrated drawers give it a professional, mid-century inspired aesthetic.
Digital Format: Print the shoe shelf plans in your shop or follow along easily on your tablet.

Please Note: This is a DIGITAL DOWNLOAD only. No physical item will be shipped. Due to the nature of digital products, we do not accept returns or cancellations.

Take control of your entryway clutter today! Add these Shoe Cabinet Plans to your cart and start building your custom organizer.",4.99,USD,99,"Shoe_Rack_Plans,Shoe_Cabinet_Plans,Shoe_Storage_DIY,Modular_Shoe_Rack,Wooden_Shoe_Rack,DIY_Shoe_Rack_PDF,Plywood_Shoe_Shelf,Shoe_Organizer_Plan,Woodworking_Plans,Shoe_Holder_Plans,Entryway_Shoe_Rack,Closet_Shoe_Storage,Furniture_Build_Plan","Digital Download,PDF File,Digital Instructions,Instant Download,Printable File",https://i.etsystatic.com/37058139/r/il/9da9cf/7853162515/il_fullxfull.7853162515_h0en.jpg,https://i.etsystatic.com/37058139/r/il/b456b2/7853162495/il_fullxfull.7853162495_phik.jpg,https://i.etsystatic.com/37058139/r/il/6e5718/7805219966/il_fullxfull.7805219966_gm5s.jpg,https://i.etsystatic.com/37058139/r/il/1ee8dc/7853162505/il_fullxfull.7853162505_7zjf.jpg,https://i.etsystatic.com/37058139/r/il/091429/7853162501/il_fullxfull.7853162501_d1ax.jpg,https://i.etsystatic.com/37058139/r/il/763014/7853162507/il_fullxfull.7853162507_q4ft.jpg,https://i.etsystatic.com/37058139/r/il/962cfc/7805219976/il_fullxfull.7805219976_6ysd.jpg,https://i.etsystatic.com/37058139/r/il/cb20fe/7853162531/il_fullxfull.7853162531_ds8n.jpg,https://i.etsystatic.com/37058139/r/il/3c07b4/7805219978/il_fullxfull.7805219978_x5io.jpg,,,,,,,,1
"DIY Outdoor Table Plans | Large Farmhouse Table | Tall Table Plans PDF | 9ft Dining Table Blueprints | Barn Table Plans Woodworking","Build a Stunning Large-Scale Outdoor Farmhouse Table!

Host the ultimate backyard barbecues and outdoor dinners with this massive DIY Outdoor Table Plan! Designed to impress, this sturdy, slat-top table features a classic trestle base and a slightly elevated profile, making it a perfect fit for those searching for tall table plans or bar height farmhouse designs.

At nearly 9 feet long, this blueprint rivals expensive 10ft table plans and provides plenty of seating for large families or entertaining. Forget flimsy patio furniture; use these detailed kitchen table blueprints to build a durable, weather-ready DIY harvest table for your outdoor space.

📐 OVERALL DIMENSIONS:

Width (Length): 109-1/2 inches (Approx. 9.1 Feet)
Height: 40-3/8 inches (Counter/Tall Height)
Depth: 36-1/8 inches

🛠️ WHAT'S INCLUDED IN THIS DIGITAL DOWNLOAD?

High-quality Dining Table Blueprints instantly available in PDF format.
Detailed material list and exact cut list for efficient lumber use.
Step-by-step 3D illustrated assembly instructions.
Perfect instructions for a massive barn table plans build.

💡 WHY CHOOSE THESE WOODWORKING PLANS?

Massive Capacity: Built to handle large gatherings and heavy outdoor use.
Modern Farmhouse Style: Combines rustic charm with clean lines, perfect for outdoor table plans woodworking modern enthusiasts.
Digital Format: Print the DIY farmhouse dining table plans in your shop or follow along on your tablet.

Please Note: This is a DIGITAL DOWNLOAD only. No physical item will be shipped. Due to the nature of digital products, we do not accept returns or cancellations.

Upgrade your patio or deck with custom furniture! Add these Outdoor Table Plans to your cart and start building your centerpiece today.",4.99,USD,99,"Outdoor_Table_Plans,Farmhouse_Table_DIY,Tall_Table_Plans,Dining_Table_Plan,10ft_Table_Plans,Barn_Table_Plans,DIY_Harvest_Table,Kitchen_Table_DIY,Woodworking_Plans,Patio_Table_Plan,Large_Picnic_Table,Trestle_Table_Plan,DIY_Wood_Furniture","Digital Download,PDF File,Digital Instructions,Instant Download,Printable File",https://i.etsystatic.com/37058139/r/il/288c29/7853089971/il_fullxfull.7853089971_58y4.jpg,https://i.etsystatic.com/37058139/r/il/2f10e6/7853089965/il_fullxfull.7853089965_sgas.jpg,https://i.etsystatic.com/37058139/r/il/69ca63/7853089985/il_fullxfull.7853089985_s6je.jpg,https://i.etsystatic.com/37058139/r/il/519367/7853089987/il_fullxfull.7853089987_rs79.jpg,https://i.etsystatic.com/37058139/r/il/6ad698/7853089979/il_fullxfull.7853089979_af1n.jpg,https://i.etsystatic.com/37058139/r/il/2af5c0/7853089981/il_fullxfull.7853089981_hdrc.jpg,https://i.etsystatic.com/37058139/r/il/7c5a30/7805147454/il_fullxfull.7805147454_l1jc.jpg,https://i.etsystatic.com/37058139/r/il/432317/7853090029/il_fullxfull.7853090029_i4i5.jpg,https://i.etsystatic.com/37058139/r/il/8baa29/7805147482/il_fullxfull.7805147482_lp1f.jpg,https://i.etsystatic.com/37058139/r/il/625cef/7805147490/il_fullxfull.7805147490_dxxi.jpg,,,,,,,1
"DIY 2-Story Playhouse Plans | Kids Elevated Backyard Fort Blueprint (PDF Download)","Build the Ultimate Backyard Adventure with DIY 2-Story Playhouse Plans!

Create a magical outdoor space where your kids' imaginations can run wild! Build your own stunning and sturdy outdoor play house with our comprehensive woodworking plans. This impressive two-story design features an enclosed upper clubhouse, a spacious viewing balcony, a fun slide exit, and a shaded lower deck. It is the perfect elevated playhouse project to transform your backyard into a private playground.

Whether you are looking for engaging playset plans to surprise your children or a detailed tree house plans alternative that doesn't require a large tree, these step-by-step blueprints will guide you to a professional-quality, safe, and heavy-duty build.

📐 PLAYHOUSE DIMENSIONS:

Overall Width: 211 1/2 inches
Overall Depth (including slide): 148 inches
Overall Height: 223 13/16 inches

🛠️ WHAT IS INCLUDED IN THIS DIGITAL DOWNLOAD?

Detailed Building Plans: Clear, step-by-step instructions with 3D illustrations for your diy playhouse project.
Comprehensive Material List: Know exactly what weather-resistant lumber, hardware, and safety accessories (like the slide) to buy.
Precise Cut List: Minimize wood waste and save money with our accurate kids playhouse plans guide.
Assembly Tips: Professional advice on framing the sturdy base, building the secure stairs, and ensuring a rock-solid, safe structure for kids to play on.

💡 WHY CHOOSE OUR PLANS?

Buying a pre-built large outdoor playhouse modular set can cost thousands of dollars and often uses thin, flimsy wood. Building your own clubhouse for kids allows you to use premium, heavy-duty lumber that will last for years and withstand active play. Plus, you can easily customize the paint colors to match your home or your kids' favorite themes!

⚠️ PLEASE NOTE: This is a DIGITAL DOWNLOAD only. No physical items, slides, swings, hardware, or lumber will be shipped. You will receive high-quality PDF files instantly upon purchase.",15,USD,90,"playhouse_plans,diy_playhouse,outdoor_play_house,playset_plans,kids_clubhouse_diy,tree_house_plans,elevated_playhouse,wooden_playhouse,backyard_playground,playhouse_outdoor,kids_fort_plans,large_playhouse,woodworking_plans",Wood,https://i.etsystatic.com/37058139/r/il/b60fc0/7777546754/il_fullxfull.7777546754_3eni.jpg,https://i.etsystatic.com/37058139/r/il/b696f6/7777546704/il_fullxfull.7777546704_lu7e.jpg,https://i.etsystatic.com/37058139/r/il/ddea9f/7777546758/il_fullxfull.7777546758_a8y9.jpg,https://i.etsystatic.com/37058139/r/il/875bd7/7825474369/il_fullxfull.7825474369_hnm1.jpg,https://i.etsystatic.com/37058139/r/il/bb4cda/7825474225/il_fullxfull.7825474225_gb6v.jpg,https://i.etsystatic.com/37058139/r/il/4cc132/7777546692/il_fullxfull.7777546692_lawu.jpg,https://i.etsystatic.com/37058139/r/il/ee866a/7777546764/il_fullxfull.7777546764_5ezo.jpg,https://i.etsystatic.com/37058139/r/il/69b10f/7825474357/il_fullxfull.7825474357_nb7w.jpg,https://i.etsystatic.com/37058139/r/il/3960ca/7825474343/il_fullxfull.7825474343_1vly.jpg,https://i.etsystatic.com/37058139/r/il/9171f0/7825474385/il_fullxfull.7825474385_miuw.jpg,,,,,,,1
"DIY Carpenter Bee Trap Plans PDF | Flat Roof Wood Bee | Mason Jar Insect Trap | Wooden Bumble Bee Trap for Outside","[The Hook & Support Promise]

Protect your outdoor spaces from destructive wood-boring bees with our simple and highly effective DIY Carpenter Bee Trap Plans! This compact, flat-roof design is a fantastic, beginner-friendly woodworking project. Need assistance while building? We are always here to help! We provide full, ongoing support via Etsy messages to answer any questions and guide you through the process.

[About This Build]

Say goodbye to chemical sprays and hello to a natural, long-lasting solution! This wooden carpenter bee catcher features a clean, flat-roof aesthetic that looks great mounted on any porch, pergola, deck, or barn. The trap is specifically designed to mimic the natural nesting holes of carpenter bees, safely guiding them down through the 1"" bottom hole into a standard glass Mason jar.

It's the perfect bee trap for outside mounting to keep your wooden structures safe from damage!

[Dimensions (Wooden Trap Base)]

Width: 3-3/4""

Depth: 4""

Height: 5-1/4""

(Features a 1"" bottom hole, perfectly designed for a standard Mason jar attachment)

[What You Will Get in This PDF]

Instant Digital Download (No physical item will be shipped)

Clear, step-by-step building instructions

Detailed 3D CAD illustrations and diagrams showing the bottom panel

Complete Material List & Cut List

Easy-to-follow assembly guide

[Perfect For]

Finding reliable and natural Carpenter Bee Solutions

Creating an effective Woodbee Trap for your backyard

Quick, scrap-wood weekend woodworking projects

Anyone looking for a stylish Bee Trap Mason Jar setup!

Stop the damage before it starts! Download your Carpenter Bee Catcher PDF guide today, build it in an afternoon, and protect your home all season long.",5,USD,80,"Carpenter_Bee_Trap,Wood_Bee_Catcher,Flat_Roof_Bee_Trap,Bee_Trap_Mason_Jar,Bee_Traps_Outside,DIY_Bee_Trap_Plan",,https://i.etsystatic.com/37058139/r/il/e55b78/7989225573/il_fullxfull.7989225573_boui.jpg,https://i.etsystatic.com/37058139/r/il/a6323b/7941266284/il_fullxfull.7941266284_kh4i.jpg,https://i.etsystatic.com/37058139/r/il/1065f3/7941266288/il_fullxfull.7941266288_p42p.jpg,https://i.etsystatic.com/37058139/r/il/9ddc6f/7941266290/il_fullxfull.7941266290_h9yz.jpg,https://i.etsystatic.com/37058139/r/il/8be16e/7989225581/il_fullxfull.7989225581_nofi.jpg,https://i.etsystatic.com/37058139/r/il/d05e4f/7989225585/il_fullxfull.7989225585_t8or.jpg,https://i.etsystatic.com/37058139/r/il/650b93/7989225625/il_fullxfull.7989225625_figc.jpg,https://i.etsystatic.com/37058139/r/il/facbde/7989225611/il_fullxfull.7989225611_5rjy.jpg,https://i.etsystatic.com/37058139/r/il/83057e/7989225623/il_fullxfull.7989225623_fie8.jpg,,,,,,,,1
"DIY Foldable Checkout Stand Plans: Portable Plywood Design (PDF Pattern)","🛒 Mobile Wooden Portable Sales Stand | Modern Plywood Design

Introduction: Engineered for the Perfect Brand Experience

Are you looking for a flexible trade show booth, a distinctive pop-up shop, or a high-impact product display area? Instantly capture your customers' attention with our impressive, functional, and modern Mobile Portable Sales Stand!

Constructed from high-quality natural-tone plywood, this stand is designed to tell your brand's story while providing you with maximum efficiency and style.

Key Features and Advantages
100% Portable and Mobile: Thanks to the durable casters mounted underneath, you can easily roll your stand to any desired location at your event or in your store. Setup and takedown take mere minutes.

Optimal Storage and Workspace: The wide 100×50 cm (39.4×19.7 in) countertop offers an expansive working area. Keep all your materials organized with the inner shelf in the main body and the canopy shelf on the upper frame.

Maximum Brand Visibility (Logo Area): The top logo board, measuring 100×20 cm (39.4×7.9 in), provides a perfect, high-visibility canvas for your logo and brand message.

Natural and Modern Aesthetic: The light-colored, natural plywood body and the elegant cylindrical wooden rod frame complement any décor style. It is an ideal choice for Scandinavian and minimalist designs.

Solid and Durable Construction: The entire frame and all panels are crafted using sturdy wood material with a consistent 2 cm (0.8 in) thickness for long-lasting performance.

Order yours now and make a difference at your next event! Take your business to the next level with our versatile portable stand.",15,USD,92,"Portable_Checkout,Collapsible_Stand,Vendor_Kiosk,Wood_Cashwrap,DIY_Plans,Foldable_Stand,Market_Shelf,Coffee_Cart,Host_Stand,Pop_Up_Counter,A_Frame_Stand,Setup_Plans,Checkout_SVG","PDF File,Digital Instructions,Instant Download,Printable File",https://i.etsystatic.com/37058139/r/il/93cdab/7284412563/il_fullxfull.7284412563_8ogt.jpg,https://i.etsystatic.com/37058139/r/il/ebec48/7284412559/il_fullxfull.7284412559_f34q.jpg,https://i.etsystatic.com/37058139/r/il/1f2715/7236448170/il_fullxfull.7236448170_pxm0.jpg,https://i.etsystatic.com/37058139/r/il/a02585/7284412571/il_fullxfull.7284412571_jqdo.jpg,https://i.etsystatic.com/37058139/r/il/43a27b/7284412567/il_fullxfull.7284412567_rykc.jpg,https://i.etsystatic.com/37058139/r/il/a167c4/7284412561/il_fullxfull.7284412561_nrem.jpg,https://i.etsystatic.com/37058139/r/il/b3532f/7284412569/il_fullxfull.7284412569_fulp.jpg,https://i.etsystatic.com/37058139/r/il/6ba808/7284412587/il_fullxfull.7284412587_s7cb.jpg,https://i.etsystatic.com/37058139/r/il/d7ab3d/7236448180/il_fullxfull.7236448180_143o.jpg,,,,,,,,1
"Raised Chicken Coop Plans for 6-8 Chickens | Cabin Style Hen House Blueprint (PDF)","Build a Safe and Beautiful Home for Your Flock with DIY Chicken Coop Plans!

Ready to start your backyard homesteading journey? Build the ultimate safe haven for your flock with our comprehensive DIY chicken coop plans. This beautiful, cabin-style raised coop is designed to comfortably house 6 to 8 chickens. It features easy-access nesting boxes for gathering eggs, large double front doors for effortless cleaning, and an elevated design that provides a shaded run area underneath while keeping your flock safe from predators.

Whether you are looking for secure poultry housing or a charming raised chicken coop plans project to enhance your backyard, these step-by-step woodworking blueprints will guide you to a professional-quality build.

📐 CHICKEN COOP DIMENSIONS:

Overall Width/Depth (Right Side View): 209.6 cm
Overall Height: 275.5 cm
Ground Clearance (Under Coop Run): 67.3 cm
Flock Capacity: Comfortably holds 6 to 8 chickens.

🛠️ WHAT IS INCLUDED IN THIS DIGITAL DOWNLOAD?

Detailed Building Plans: Clear, step-by-step instructions with 3D illustrations for your diy chicken coop.
Comprehensive Material List: Know exactly what weather-resistant lumber, hardware, and predator-proof hardware cloth to buy.
Precise Cut List: Minimize wood waste and save money with our accurate hen house blueprint.
Assembly Tips: Professional advice on framing the elevated base, building secure nesting boxes, and proper ventilation for healthy chickens.

💡 WHY CHOOSE OUR PLANS?

Buying a pre-built coop of this size can cost thousands of dollars, and cheap store-bought coops often use flimsy materials that predators can easily break into. Building your own solid wood chicken coop allows you to use heavy-duty lumber, ensuring your chickens are safe, warm in the winter, and cool in the summer. Plus, it looks amazing in any backyard!

⚠️ PLEASE NOTE: This is a DIGITAL DOWNLOAD only. No physical items, chickens, hardware, wire mesh, or lumber will be shipped. You will receive high-quality PDF files instantly upon purchase.",10,USD,90,"chicken_coop_plans,diy_chicken_coop,6_chicken_coop,8_chicken_coop,raised_coop_plan,hen_house_blueprint,backyard_chicken,poultry_housing,diy_hen_house,cabin_chicken_coop,wood_chicken_coop,chicken_run_plans,woodworking_plans",Wood,https://i.etsystatic.com/37058139/r/il/3bf8b5/7825494443/il_fullxfull.7825494443_7yt4.jpg,https://i.etsystatic.com/37058139/r/il/a09c16/7825494435/il_fullxfull.7825494435_9m7z.jpg,https://i.etsystatic.com/37058139/r/il/4c3891/7777566302/il_fullxfull.7777566302_nugh.jpg,https://i.etsystatic.com/37058139/r/il/f4a17e/7825494439/il_fullxfull.7825494439_ljcf.jpg,https://i.etsystatic.com/37058139/r/il/caebf1/7777566328/il_fullxfull.7777566328_id5g.jpg,https://i.etsystatic.com/37058139/r/il/7e7f09/7777566396/il_fullxfull.7777566396_m282.jpg,https://i.etsystatic.com/37058139/r/il/cf0ca1/7777566374/il_fullxfull.7777566374_9912.jpg,https://i.etsystatic.com/37058139/r/il/7b2c99/7777566384/il_fullxfull.7777566384_5zf3.jpg,https://i.etsystatic.com/37058139/r/il/68cb8f/7825494485/il_fullxfull.7825494485_b7kf.jpg,,,,,,,,1
"Costco Food Court Sign | Printable Menu, Price Tag (Digital Download)","Bring the Costco Food Court Vibe Home!
Craving that classic Costco experience? Now you can bring the fun and deliciousness of the Costco Food Court right to your own space with our collection of digital download and printable signs! Perfect for parties, home decor, or just a bit of everyday fun, these items are designed to capture that iconic Costco charm.

What's Included:
Costco Food Court Sign 18x24: Get the full Costco Food Court experience with this large, eye-catching sign! Perfect for setting the scene at your next gathering or adding a unique touch to your kitchen or game room. This Costco Food Court Sign 18x24 is a high-quality Costco Digital Download ready to print.

Costco Hot Dog Poster & Digital Download: Celebrate the legendary Costco Hot Dog with this fun and vibrant poster! Available as a Costco Hot Dog Poster and Costco Hot Dog Digital Download, it's a must-have for any fan.

Costco Menu Item Signs & Costco Food Signs: Deck out your party or event with individual Costco Menu Item Signs and other Costco Food Signs! These versatile Costco Food Sign Printable options are great for labeling your party spread or creating a themed display.

Customizable Costco Price Sign Canva Template: Want to personalize your Costco experience? Our Customizable Costco Price Sign Canva Template allows you to create your own Costco Price Tag or Costco Label for anything you can imagine! Easy to edit and perfect for adding that authentic touch.

Costco Birthday Decor: Planning a Costco Birthday party? These signs are the perfect addition to your celebration, adding a unique and memorable touch that guests will love.

Costco Menu 16.5 & Costco Banner: Looking for more options? We also offer designs inspired by the Costco Menu 16.5 and a versatile Costco Banner to complete your themed decor.

Why Choose Our Costco Printables?
Instant Digital Download: No waiting! Get immediate access to your files after purchase.

High-Quality Files: Designed for crisp, clear printing at home or your local print shop.

Easy to Use: Simply download, print, and display!

Versatile: Perfect for parties, home decor, gifts, or just adding a touch of humor to your space.

Please note: These are digital products only. No physical item will be shipped.

Ready to bring the warehouse club magic home? Grab your favorite Costco-themed digital downloads today!",5,USD,43,"Costco_Food_Court,Hot_Dog_Sign,Printable_Menu,Price_Tag_Template,Costco_Birthday,Digital_Download,Party_Decor,Kitchen_Wall_Art,Restaurant_Sign,Instant_Download,Canva_Template,Custom_Sign,Foodie_Gift","Digital File,PNG,JPG,PDF,Canva Link,High Resolution,Printable",https://i.etsystatic.com/37058139/r/il/49b4a4/7071469565/il_fullxfull.7071469565_7y2x.jpg,https://i.etsystatic.com/37058139/r/il/28c7bb/7321595412/il_fullxfull.7321595412_5yd5.jpg,https://i.etsystatic.com/37058139/r/il/a504b8/7023490856/il_fullxfull.7023490856_71pa.jpg,https://i.etsystatic.com/37058139/r/il/3b695b/7023490860/il_fullxfull.7023490860_pnie.jpg,https://i.etsystatic.com/37058139/r/il/08f7a1/7071469563/il_fullxfull.7071469563_64tj.jpg,https://i.etsystatic.com/37058139/r/il/fb30c4/7071469561/il_fullxfull.7071469561_54bx.jpg,https://i.etsystatic.com/37058139/r/il/59303a/7071469581/il_fullxfull.7071469581_mvq4.jpg,https://i.etsystatic.com/37058139/r/il/80d4fc/7071469585/il_fullxfull.7071469585_sscy.jpg,,,,,,,,,1
"Mid-Century Modern Bookshelf Plans | Geometric Wood Bookcase Blueprint (Digital Download)","Add Mid-Century Modern Charm to Your Home with DIY Geometric Bookshelf Plans!

Looking for a unique way to display your books, plants, and decor? Build your own stunning piece of furniture with our comprehensive bookshelf plans woodworking guide. This modern, asymmetrical design features open cubical spaces and stylish angled legs, making it the perfect standing bookcase for your living room, home office, or bedroom.

Whether you are searching for a pattern for bookshelf to challenge your DIY skills or straightforward diy shelf plans to upgrade your home decor, these step-by-step woodworking blueprints will help you craft a professional-quality, sturdy wood shelf.

📐 BOOKSHELF DIMENSIONS:

Overall Width: 39 3/4 inches
Overall Depth: 9 1/4 inches
Overall Height: 42 inches

🛠️ WHAT IS INCLUDED IN THIS DIGITAL DOWNLOAD?

Detailed Building Plans: Clear, step-by-step instructions with 3D illustrations for your bookcase diy project.
Comprehensive Material List: Know exactly what lumber and hardware to buy for this wood furniture build.
Precise Cut List: Minimize wood waste and save money with our accurate cubical bookcase plans.
Assembly Tips: Professional advice on assembling the asymmetrical boxes and securely attaching the angled Mid-Century style legs.

💡 WHY CHOOSE OUR PLANS?

Building your own book shelf wood plans project is incredibly rewarding and cost-effective. Unlike flimsy particleboard furniture from big-box stores, this solid wood design is built to last and won't sag under the weight of your heavy books. Plus, you can easily customize the finish with your favorite stain or paint!

⚠️ PLEASE NOTE: This is a DIGITAL DOWNLOAD only. No physical items, books, decor, hardware, or lumber will be shipped. You will receive high-quality PDF files instantly upon purchase.",5,USD,92,"bookshelf_plans,bookcase_diy,geometric_shelf,asymmetrical_shelf,mid_century_bookcase,wood_shelf_plans,diy_furniture_plans,standing_bookcase,cubical_bookcase,woodworking_plans,book_shelf_build,retro_shelving,shelf_pattern_pdf",Wood,https://i.etsystatic.com/37058139/r/il/b0af91/7825290819/il_fullxfull.7825290819_46i2.jpg,https://i.etsystatic.com/37058139/r/il/101d52/7777361524/il_fullxfull.7777361524_qn7a.jpg,https://i.etsystatic.com/37058139/r/il/721311/7777361532/il_fullxfull.7777361532_gs08.jpg,https://i.etsystatic.com/37058139/r/il/af97b9/7825290815/il_fullxfull.7825290815_p3g1.jpg,https://i.etsystatic.com/37058139/r/il/f81607/7825290809/il_fullxfull.7825290809_47tk.jpg,https://i.etsystatic.com/37058139/r/il/c2532b/7825290813/il_fullxfull.7825290813_ewtp.jpg,https://i.etsystatic.com/37058139/r/il/bae807/7825290843/il_fullxfull.7825290843_a1sn.jpg,https://i.etsystatic.com/37058139/r/il/474eee/7777361572/il_fullxfull.7777361572_kbv2.jpg,https://i.etsystatic.com/37058139/r/il/a1ac27/7777361548/il_fullxfull.7777361548_tarb.jpg,https://i.etsystatic.com/37058139/r/il/e87b1d/7825290829/il_fullxfull.7825290829_phl6.jpg,,,,,,,1
"Candy Cart DIY Plan PDF | İce Cream Cart | Dessert Cart | Wedding Sweet Table Cart | Collapsible Wooden Sweet Bar for Sale, Party Treat Cart","Rustic Charm for Your Special Day: The Collapsible Wedding & Event Cart

Bring a touch of timeless elegance to your next celebration with our handcrafted wooden sweet cart. Perfect for weddings, parties, birthdays, and corporate events, this versatile cart isn't just a piece of decor—it's a focal point that will charm your guests and create unforgettable memories.

Designed for Convenience and Style
Our Collapsible Wooden Sweet Bar for Sale is the perfect blend of classic charm and modern functionality. The entire cart is designed to be easily set up and taken down in less than 5 minutes, with no tools needed. This incredible feature, combined with its compact size when disassembled, means it can be easily transported in most cars with the back seats down.

Features That Make the Difference
This isn't just a static display; it's a Folding Sweet Bar on Wheels! The movable wheels and sturdy design allow you to effortlessly roll it into place, making it a highly practical Party Treat Cart with Movable Wheels. Use it as a:

Wedding Candy Cart

Sweet Bar

Popcorn or Snack Station

Drink and Cocktail Bar

Dessert Display

Product Specifications
Full Height (Floor to Roof Panels): 202 cm (79.5 inches)

Table Top Working Height: 87 cm (34.2 inches)

Table Top Length: 118 cm (46.4 inches), or 146 cm (57.5 inches) including handles and side shelf.

Table Top Width: 65 cm (25.6 inches)

Handmade with attention to detail and a passion for creating beautiful, functional event pieces, this cart is ready to be the highlight of your celebration.

Note: This listing is for a digital PDF plan only. You are not purchasing a physical product.**",15,USD,52,"foldable_cart,bar_carts,DIY_Cart,Party_cart,collapsible_cart,wedding_cart,Candy_Bar,Sweet_Bar,Wooden_Cart,Candy_Cart,Sweet_cart,Event_Cart","Digital Download,PDF File,Digital Instructions,Instant Download,Printable File",https://i.etsystatic.com/37058139/r/il/ee7bd9/7193098367/il_fullxfull.7193098367_eyey.jpg,https://i.etsystatic.com/37058139/r/il/5e275a/7145110080/il_fullxfull.7145110080_hwrt.jpg,https://i.etsystatic.com/37058139/r/il/dea08f/7193098381/il_fullxfull.7193098381_5cy3.jpg,https://i.etsystatic.com/37058139/r/il/c17b4e/7145110086/il_fullxfull.7145110086_r3ml.jpg,https://i.etsystatic.com/37058139/r/il/280037/7145110038/il_fullxfull.7145110038_b3eq.jpg,https://i.etsystatic.com/37058139/r/il/8f1f98/7193098353/il_fullxfull.7193098353_72gx.jpg,https://i.etsystatic.com/37058139/r/il/c88d7c/7145110098/il_fullxfull.7145110098_2q4e.jpg,https://i.etsystatic.com/37058139/r/il/008de4/7193098389/il_fullxfull.7193098389_4j32.jpg,https://i.etsystatic.com/37058139/r/il/88d4f4/7145110102/il_fullxfull.7145110102_758y.jpg,,,,,,,,1
"DIY Mobile Bar Cart | Coffee Cart | Custom Food Cart Plan PDF | Wedding Cart | Collapsible Beverage Cart | Vendor Cart | Foldable Bar Cart","DIY Mobile Bar Cart Plans: The Ultimate Collapsible Vendor Cart Blueprint

Ready to create the perfect centerpiece for your next event? This is not just a plan; it's your ticket to building a beautiful, professional-grade mobile bar or vendor cart. Our meticulously designed, step-by-step PDF guide gives you everything you need to bring this elegant and modern design to life. Imagine effortlessly serving guests from a stunning, custom-built cart that perfectly fits your unique style.

Unmatched Customization & Versatility

This is the most flexible DIY plan you'll find, designed for everything from intimate gatherings to grand events. The plan includes multiple distinct countertop layouts, allowing you to tailor your cart to any need.

The Classic: A smooth, solid top for a clean, minimalist look or a versatile workspace.

The Party Pro: Multiple cutouts for beverage tubs, making it the ultimate drink cart.

The Charcuterie Dream: Cutouts designed for a beautiful and functional charcuterie board display.

Effortless Portability & Smart Design

Designed with convenience in mind, this foldable cart features two sturdy folding wings for extra serving space. When not in use, they neatly tuck away, transforming the cart into a compact, space-saving design.

Two-Wheel Version: Build a classic, vintage-style cart with two large wheels and two casters.

Four-Caster Version: Use heavy-duty 3-inch locking casters to ensure your cart glides effortlessly and locks securely, even when fully loaded.

Perfect for Any Occasion

For the Entrepreneur: Launch your business with a professional-looking coffee cart, snack bar, or vendor cart.

For the Host: Impress your guests with a stunning mobile bar or party cart.

For the DIY Enthusiast: Experience the satisfaction of building a high-quality piece with our easy-to-follow guide. This is the DIY cart project you've been waiting for.

What You Will Receive

Upon purchase, you will get an instant digital download of a comprehensive PDF file that includes everything you need to build your own mobile bar.

Detailed Cut List: All parts are labeled with clear letters and precise inch measurements.

Shopping List: A complete list of all required tools and hardware.

Step-by-Step Instructions: Easy-to-follow, detailed instructions for every stage of assembly, from cutting the panels to installing the casters.

Start building your dream cart today and get ready to roll out your next event with style and ease!

Note: This listing is for a digital PDF plan only. You are not purchasing a physical product.**",15,USD,73,"Custom_food_cart,Charcuterie_cart,foldable_cart,bar_carts,DIY_Cart,Party_cart,beverage_cart,coffee_cart,collapsible_cart,wedding_cart,Mobile_bar,vendor_cart,bar_cart","Digital Download,PDF File,Digital Instructions,Instant Download,Printable File",https://i.etsystatic.com/37058139/r/il/29bdd6/7210204963/il_fullxfull.7210204963_nex5.jpg,https://i.etsystatic.com/37058139/r/il/423a99/7162214398/il_fullxfull.7162214398_bnt5.jpg,https://i.etsystatic.com/37058139/r/il/7fb123/7162214406/il_fullxfull.7162214406_k42a.jpg,https://i.etsystatic.com/37058139/r/il/b757e2/7162214412/il_fullxfull.7162214412_jud4.jpg,https://i.etsystatic.com/37058139/r/il/4f7346/7162214400/il_fullxfull.7162214400_ach0.jpg,https://i.etsystatic.com/37058139/r/il/3c90ab/7144919042/il_fullxfull.7144919042_kzxy.jpg,https://i.etsystatic.com/37058139/r/il/273b44/7144919048/il_fullxfull.7144919048_amqt.jpg,,,,,,,,,,1
"Mid Century Modern TV Console Plans | Slatted Doors Woodworking PDF","Why settle for flimsy, store-bought particleboard when you can build a stunning custom centerpiece? If you love the warm, retro aesthetic, these TV console stand DIY plans are exactly what you need. This comprehensive modern TV stand PDF guides you through creating a beautiful, high-quality piece of mid century furniture that looks like it came straight out of a high-end designer showroom.
Featuring iconic angled legs and gorgeous slatted sliding doors, this 70s inspired entertainment stand effortlessly hides your cables, gaming consoles, and clutter, while the open center shelves perfectly display your favorite decor or media players. With a massive footprint of nearly 79 inches, it is the ultimate wide TV console designed to safely support large screens (up to 85 inches!) while maintaining a sleek, low-profile silhouette.

Don't let the elegant, designer look intimidate you. This media console woodworking project is broken down into highly visual, easy-to-follow steps. Whether you are an intermediate builder or an ambitious beginner looking for a rewarding TV unit plan, our guide completely eliminates the guesswork.

🔨 Why You Will Love Building This Console:

Iconic Retro Design: Angled legs and slatted doors bring that highly sought-after Mid-Century Modern vibe to any room.

Massive Storage: Nearly 79"" wide, offering a perfect blend of hidden storage and open display space.
Built to Last: Craft a sturdy, solid wood wide TV console that will outlast any flat-pack furniture.
Clear & Visual: Step-by-step 3D instructions make complex-looking assemblies incredibly straightforward.

📐 Overall Dimensions:
Overall Width: 78-15/16"" (Perfect for large TVs)
Overall Height: 23-1/16""
Overall Depth: 14""

📥 What’s Inside Your Digital PDF Download?

Instant Access: Start your woodworking project immediately after purchase.
Detailed 3D Illustrations: Visual guides for every single step of the assembly.
Complete Material & Tool Lists: Shop efficiently with zero guesswork at the hardware store.
Precise Cut List: Maximize your lumber, minimize waste, and save money.

(Friendly Reminder: This is a DIGITAL DOWNLOAD for woodworking plans. No physical item will be shipped to you.)

Ready to upgrade your living room with a custom build? Download your plans today, grab your tools, and let's create a masterpiece!",8,USD,69,"tv_console_plans,diy_tv_stand,media_console_plan,mid_century_tv_stand,woodworking_plans,modern_tv_stand,wide_tv_console,tv_unit_plan,70s_furniture_plan,wood_media_console,entertainment_center,retro_tv_stand,custom_tv_stand_diy","Digital Download,PDF File,Digital Instructions,Instant Download,Printable File",https://i.etsystatic.com/37058139/r/il/4bfa3f/7739894696/il_fullxfull.7739894696_bzzg.jpg,https://i.etsystatic.com/37058139/r/il/ca9e3e/7787850353/il_fullxfull.7787850353_b409.jpg,https://i.etsystatic.com/37058139/r/il/4dee8d/7787850377/il_fullxfull.7787850377_qq2u.jpg,https://i.etsystatic.com/37058139/r/il/173008/7739894694/il_fullxfull.7739894694_8cma.jpg,https://i.etsystatic.com/37058139/r/il/b048ca/7787850357/il_fullxfull.7787850357_qxar.jpg,https://i.etsystatic.com/37058139/r/il/929f6d/7787850411/il_fullxfull.7787850411_66q1.jpg,https://i.etsystatic.com/37058139/r/il/be6ea1/7787850415/il_fullxfull.7787850415_2eh3.jpg,https://i.etsystatic.com/37058139/r/il/2dd583/7739894722/il_fullxfull.7739894722_5enm.jpg,https://i.etsystatic.com/37058139/r/il/df6bf1/7787850403/il_fullxfull.7787850403_8t8k.jpg,https://i.etsystatic.com/37058139/r/il/148879/7739894734/il_fullxfull.7739894734_kq9j.jpg,,,,,,,1
"DIY Bookcase Plans PDF | Easy-to-Build Wooden Bookshelf, Wall Shelf Project | Minimalist Mid-Century Furniture","Unlock your inner craftsman and build a stunning piece of furniture for your home. This comprehensive PDF plan provides everything you need to construct a beautiful, modern bookcase yourself, saving you money and giving you the satisfaction of a handmade project. Our easy-to-follow guide takes the guesswork out of building, making it a perfect project for DIYers of all skill levels.

What's Included in Your Digital Download?
This detailed PDF is packed with all the information you'll need to turn raw wood into a stylish and functional centerpiece.

Step-by-Step Instructions: Simple, clear instructions guide you through every phase of the build, from initial cuts to final assembly.

Complete Cutting List: A full list of every single piece you need to cut, with both imperial (inches) and metric (cm) measurements for global use.

Materials & Tools List: A comprehensive checklist of all the wood, hardware, and tools you'll need to get started.

Detailed Diagrams & Schematics: High-quality visuals that show you exactly how each piece fits together, ensuring a smooth assembly process.

Expert Tips & Tricks: Professional advice on achieving a perfect finish and avoiding common mistakes, so your final product looks professional.

Why Choose This Plan?
Cost-Effective: Building your own furniture is significantly cheaper than buying a pre-made piece of this quality and style.

Customizable: The plans are designed for the bookcase shown, but they're simple enough to adjust the dimensions or choose a different type of wood to perfectly match your space.

Built to Last: Learn how to build a sturdy, high-quality piece of furniture that will last for years, unlike many mass-produced alternatives.

Please Note: This is a digital product (PDF download) only. No physical materials or tools will be shipped. You will receive a download link immediately after purchase.

Start your next project today and create a unique piece you'll be proud to display!",10,USD,94,"bookshelf_plans,diy_bookshelf,bookcase_plans,woodworking_plans,wooden_bookcase,diy_shelf,wall_bookshelves,built_in_bookcase,books_cabinet,small_bookcase_plans,easy_bookshelf,woodworking_project,corner_bookshelf","Digital Download,PDF File,Digital Instructions,Instant Download,Printable File",https://i.etsystatic.com/37058139/r/il/b35185/7154191940/il_fullxfull.7154191940_58x5.jpg,https://i.etsystatic.com/37058139/r/il/fbacd2/7154191938/il_fullxfull.7154191938_if2a.jpg,https://i.etsystatic.com/37058139/r/il/c73e6b/7202183113/il_fullxfull.7202183113_qci6.jpg,https://i.etsystatic.com/37058139/r/il/dafc1f/7154191944/il_fullxfull.7154191944_732j.jpg,https://i.etsystatic.com/37058139/r/il/0643da/7202183111/il_fullxfull.7202183111_neu0.jpg,https://i.etsystatic.com/37058139/r/il/4c0bee/7202183177/il_fullxfull.7202183177_7ps3.jpg,https://i.etsystatic.com/37058139/r/il/7c8b7c/7202183175/il_fullxfull.7202183175_nxq2.jpg,https://i.etsystatic.com/37058139/r/il/689a55/7153586172/il_fullxfull.7153586172_6gd1.jpg,https://i.etsystatic.com/37058139/r/il/5216da/7201579933/il_fullxfull.7201579933_1g8m.jpg,,,,,,,,1
"DIY Flag Retirement Box Plans | American Flag Drop Box Woodworking PDF | Veteran Memorial Collection Blueprint | Patriotic Wood Box Template","Build a Respectful & Sturdy Flag Retirement Drop Box!

Looking for a meaningful woodworking project? This comprehensive DIY Flag Retirement Box Plan provides everything you need to build a dedicated, weather-resistant outdoor collection box for the respectful disposal of worn American flags. Perfect for Eagle Scout projects, local VFW posts, fire stations, or community centers.

While many search for an American Flag Storage Box or Flag Display Boxes for indoors, this large-scale structure is designed for secure public drop-offs. It features a protective shingled roof and a secure deposit slot, making it the ultimate Patriotic Wood Box project to honor our veterans and national symbol.

📐 OVERALL DIMENSIONS:

Overall Height: 87 inches
Box Width: 11 inches

🛠️ WHAT'S INCLUDED IN THIS DIGITAL DOWNLOAD?

High-quality Woodworking PDF instantly available after purchase.
Detailed material list and precise cut list to save you time and money.
Step-by-step 3D illustrated assembly instructions.
Guidance on constructing the shingled roof and drop mechanism.

💡 WHY CHOOSE THIS PLAN?

Community Focused: Ideal for anyone wanting to build a Retirement Wooden Flag collection point for their town.
Beginner-Friendly: Clear, jargon-free instructions make this build accessible for DIYers of all skill levels.
Digital Format: Print it out in your shop or follow along on your tablet.

Please Note: This is a DIGITAL DOWNLOAD only. No physical item will be shipped. Due to the nature of digital products, we do not accept returns or cancellations.

Start this rewarding project today! Add this Flag Retirement Box blueprint to your cart and download instantly.",4.99,USD,98,"Flag_Retirement_Box,American_Flag_Box,Flag_Storage_Box,Patriotic_Wood_Box,Flag_Drop_Box_Plan,Veteran_Shadow_Box,Wood_Flag_Box_DIY,Retirement_Flag_Box,Flag_Display_Boxes,Military_Flag_Box,Eagle_Scout_Project,Woodworking_PDF,Memorial_Box_Plan","Digital Download,PDF File,Digital Instructions,Instant Download,Printable File",https://i.etsystatic.com/37058139/r/il/944f37/7852894247/il_fullxfull.7852894247_lgbg.jpg,https://i.etsystatic.com/37058139/r/il/b46364/7804952866/il_fullxfull.7804952866_dhq1.jpg,https://i.etsystatic.com/37058139/r/il/7d82ba/7852894271/il_fullxfull.7852894271_25ht.jpg,https://i.etsystatic.com/37058139/r/il/b81ac5/7852894241/il_fullxfull.7852894241_a6pd.jpg,https://i.etsystatic.com/37058139/r/il/b9cbc2/7852894249/il_fullxfull.7852894249_iazd.jpg,https://i.etsystatic.com/37058139/r/il/b94c91/7852894251/il_fullxfull.7852894251_s990.jpg,https://i.etsystatic.com/37058139/r/il/92538b/7852894297/il_fullxfull.7852894297_gyjr.jpg,https://i.etsystatic.com/37058139/r/il/718819/7852894295/il_fullxfull.7852894295_mzg9.jpg,https://i.etsystatic.com/37058139/r/il/389ba0/7804952932/il_fullxfull.7804952932_6n47.jpg,,,,,,,,1
"Mobile Lumber Storage Cart DIY Plan: Scrapwood Organizer (PDF)","✨ The Ultimate Workshop Upgrade: Mobile Lumber Storage Cart DIY Plan

Tired of the Lumber Chaos? Reclaim your workspace and revolutionize your organization with this expertly designed DIY Mobile Lumber Cart Plan! This isn't just a blueprint; it's your ticket to a cleaner, more efficient, and professional-looking wood workshop. Stop tripping over scraps and start building!

🌟 Why This Plan is a Must-Have for Every Woodworker:

Massive Storage, Small Footprint: Our ingenious vertical design allows you to store huge quantities of timber, long lumber, and plywood sheets while occupying minimal floor space.

The Perfect Organizer: Dedicated sections for everything—a deep trough for large cuts, tiered side shelves for scrap wood, small pieces, hardware, or even acting as a handy DIY Printer Cart or tool caddy.

Effortless Mobility (The Trolley Advantage): The design is built to accommodate heavy-duty casters (wheels), transforming your massive wood inventory into a smooth-gliding Mobile Wood Cart you can roll anywhere in your garage or shop.

📐 Project Specifications and Dimensions 
This plan provides all the detailed instructions to build a cart with the following impressive final dimensions:

Total Height: 180 cm (5.9 ft) – Perfect for maximizing vertical storage.

Overall Base Length: 100 cm (3.3 ft) – A stable, wide base for heavy loads.

Total Depth: 87 cm 

Side Organizer Height: 50 cm – Ideal for smaller, frequently accessed items.

🎁 What You Get with Your Instant Download:

Upon purchase, you’ll receive a comprehensive, easy-to-read PDF document containing:

Detailed Cut List: An exact list of every piece of material you need, with precise measurements.

Step-by-Step Instructions: Clear, visual guidance to make the assembly process smooth and frustration-free—perfect for all skill levels.

3D Diagrams and Measured Drawings: Professional-grade schematics so you know exactly how every component fits.

Hardware and Materials Shopping List: Including recommendations for casters to complete your Rolling Lumber Cart.

🔨 Start Your Next Project Today!
Stop searching for your materials and start building! This is more than a plan; it’s an investment in your productivity.

(Note: This is a digital download DIY Plan – no physical cart or materials will be shipped.)",5,USD,21,"Scrap_Storage,Lumber_Cart,Tote_Storage,Lumber_Storage,Scrap_Wood_Cart,Wood_Storage_Cart,Wood_Storage,Woodworking_Plans,Storage_Cart_Plans,Mobile_Wood_Cart","Digital Download,PDF File,Digital Instructions,Instant Download,Printable File",https://i.etsystatic.com/37058139/r/il/31aa69/7241756456/il_fullxfull.7241756456_fhqp.jpg,https://i.etsystatic.com/37058139/r/il/b129f0/7289714429/il_fullxfull.7289714429_took.jpg,https://i.etsystatic.com/37058139/r/il/740dea/7241756452/il_fullxfull.7241756452_bn5o.jpg,https://i.etsystatic.com/37058139/r/il/3337a6/7289714425/il_fullxfull.7289714425_sbaa.jpg,https://i.etsystatic.com/37058139/r/il/f68971/7241756454/il_fullxfull.7241756454_hyhp.jpg,https://i.etsystatic.com/37058139/r/il/71ebc7/7289714431/il_fullxfull.7289714431_4dny.jpg,,,,,,,,,,,1
"Coffee Cart Plans | Portable Espresso Bar Blueprint | DIY Collapsible Mobile Coffee, Drink Vendor Cart Design","DIY Mobile Bar Cart Plans: The Ultimate Collapsible Vendor Cart Blueprint

Ready to create the perfect centerpiece for your next event? This is not just a plan; it's your ticket to building a beautiful, professional-grade mobile bar or vendor cart. Our meticulously designed, step-by-step PDF guide gives you everything you need to bring this elegant and modern design to life. Imagine effortlessly serving guests from a stunning, custom-built cart that perfectly fits your unique style.

Unmatched Customization & Versatility
This is the most flexible DIY plan you'll find, designed for everything from intimate gatherings to grand events. The plan includes multiple distinct countertop layouts, allowing you to tailor your cart to any need.

The Classic: A smooth, solid top for a clean, minimalist look or a versatile workspace.

The Party Pro: Multiple cutouts for beverage tubs, making it the ultimate drink cart.

The Charcuterie Dream: Cutouts designed for a beautiful and functional charcuterie board display.

Effortless Portability & Smart Design
Designed with convenience in mind, this foldable cart features two sturdy folding wings for extra serving space. When not in use, they neatly tuck away, transforming the cart into a compact, space-saving design.

Two-Wheel Version: Build a classic, vintage-style cart with two large wheels and two casters.

Four-Caster Version: Use heavy-duty 3-inch locking casters to ensure your cart glides effortlessly and locks securely, even when fully loaded.

Perfect for Any Occasion
For the Entrepreneur: Launch your business with a professional-looking coffee cart, snack bar, or vendor cart.

For the Host: Impress your guests with a stunning mobile bar or party cart.

For the DIY Enthusiast: Experience the satisfaction of building a high-quality piece with our easy-to-follow guide. This is the DIY cart project you've been waiting for.

What You Will Receive
Upon purchase, you will get an instant digital download of a comprehensive PDF file that includes everything you need to build your own mobile bar.

Detailed Cut List: All parts are labeled with clear letters and precise inch measurements.

Shopping List: A complete list of all required tools and hardware.

Step-by-Step Instructions: Easy-to-follow, detailed instructions for every stage of assembly, from cutting the panels to installing the casters.

Start building your dream cart today and get ready to roll out your next event with style and ease!

Note: This listing is for a digital PDF plan only. You are not purchasing a physical product.",15,USD,41,"Custom_food_cart,Charcuterie_cart,foldable_cart,bar_carts,DIY_Cart,Party_cart,beverage_cart,coffee_cart,collapsible_cart,wedding_cart,Mobile_bar,vendor_cart,bar_cart","Digital Download,PDF File,Digital Instructions,Instant Download,Printable File",https://i.etsystatic.com/37058139/r/il/4dda19/7147756308/il_fullxfull.7147756308_hokk.jpg,https://i.etsystatic.com/37058139/r/il/9217e4/7195745303/il_fullxfull.7195745303_25dt.jpg,https://i.etsystatic.com/37058139/r/il/d0b5a5/7195745311/il_fullxfull.7195745311_qerf.jpg,https://i.etsystatic.com/37058139/r/il/3c8408/7195745317/il_fullxfull.7195745317_j51d.jpg,https://i.etsystatic.com/37058139/r/il/b80b1e/7147769338/il_fullxfull.7147769338_6q7s.jpg,https://i.etsystatic.com/37058139/r/il/3c90ab/7144919042/il_fullxfull.7144919042_kzxy.jpg,https://i.etsystatic.com/37058139/r/il/273b44/7144919048/il_fullxfull.7144919048_amqt.jpg,,,,,,,,,,1
"Work Bench With Storage DIY Plan | Garage Workbench and Woodworking Table with Shelves - Custom Stationary Desk Plan","Build Your Ultimate Workshop: Heavy-Duty Workbench DIY Plan
Stop looking at messy spaces and start building! These professional, easy-to-follow plans are your blueprint to constructing the Ultimate Work Bench with Storage—the centerpiece every serious workshop deserves. Say goodbye to clutter and hello to efficient, organized crafting.

Workbench Features That Set You Up For Success
This isn't just a table; it's a custom stationary workstation designed for durability, storage, and comfort.

Massive Working Area: Built with an impressive 180 cm (70.8 inches) width and a generous 75 cm (29.5 inches) depth, you'll have all the space you need for complex woodworking projects, repairs, and assembly.

Ergonomic Standing Height: Constructed to a comfortable 99 cm (39 inches) height, this bench reduces back strain and keeps you focused on your work for longer periods.

Built-in Storage Powerhouse: Features two large, smooth-gliding drawers for dust-free hardware storage and a sturdy lower shelf perfect for keeping power tools or lumber stacked and accessible.

Instant Tool Access (Pegboard): The integrated backing includes a large 65 cm (25.5 inches) tall pegboard section. Keep every wrench, screwdriver, and measuring tape right where you need it, maximizing your efficiency.

Why Buy Our DIY Plan?
We've done the hard part! This digital package transforms the complexity of building heavy-duty shop furniture into a straightforward, rewarding project.

Instant Download: Get started immediately in your Garage or Basement Workshop.

Crystal-Clear Instructions: Detailed material lists, cut diagrams, and step-by-step 3D renderings make the build accessible for beginners and rewarding for experienced builders.

Build It To Last: Designed with robust joinery and a stable structure, this bench will handle years of hammering, clamping, and intense DIY Desk Garage projects.

Transform your space from chaos to custom excellence. Invest in your workshop and your craft today!",7,USD,14,"woodworking,small_workbench,small_shop_workbench,garage_workbench,diy_workbench,garden_bench,workbench,build,Workbench_Storage,Desk_Garage,Basement_Work_Bench,Worktable","Digital Download,PDF File,Digital Instructions,Instant Download,Printable File",https://i.etsystatic.com/37058139/r/il/069f1f/7289733619/il_fullxfull.7289733619_2l96.jpg,https://i.etsystatic.com/37058139/r/il/e1f6fb/7289733517/il_fullxfull.7289733517_8iyu.jpg,https://i.etsystatic.com/37058139/r/il/264493/7289733673/il_fullxfull.7289733673_54xs.jpg,https://i.etsystatic.com/37058139/r/il/a906ba/7241775368/il_fullxfull.7241775368_6og5.jpg,https://i.etsystatic.com/37058139/r/il/010717/7241775302/il_fullxfull.7241775302_fwie.jpg,https://i.etsystatic.com/37058139/r/il/c6d56b/7241775300/il_fullxfull.7241775300_l07x.jpg,https://i.etsystatic.com/37058139/r/il/4b1367/7045515514/il_fullxfull.7045515514_1jyi.jpg,https://i.etsystatic.com/37058139/r/il/d74773/7045515490/il_fullxfull.7045515490_gw2f.jpg,,,,,,,,,1
"Modern Slatted Planter Bench Plans | Outdoor Seating Blueprint (PDF Download)","Upgrade Your Outdoor Space with a Modern DIY Planter Bench!

Transform your garden, patio, or front porch with our comprehensive planter bench plans. This unique, modern slatted design seamlessly combines a comfortable seating area with an integrated planter box, creating the ultimate planter bench combo diy project. It is the perfect front porch bench and planter to showcase your favorite flowers, ornamental grasses, or herbs while providing a relaxing spot to sit.

Whether you are looking for sturdy outdoor woodworking plans to challenge your skills or a beautiful bench with planter to elevate your home's curb appeal, these step-by-step blueprints will guide you to a professional-quality, heavy-duty build.

📐 PLANTER BENCH DIMENSIONS:

Overall Width: 61 inches
Overall Depth: 19 1/2 inches
Overall Height: 19 inches

🛠️ WHAT IS INCLUDED IN THIS DIGITAL DOWNLOAD?

Detailed Building Plans: Clear, step-by-step instructions with 3D illustrations for your wood planter bench project.
Comprehensive Material List: Know exactly what weather-resistant lumber and hardware to buy.
Precise Cut List: Minimize wood waste and save money with our accurate garden seating blueprint.
Assembly Tips: Professional advice on framing the planter section, ensuring proper soil drainage, and attaching the slatted bench top securely.

💡 WHY CHOOSE OUR PLANS?

Building your own wooden planter bench combo is incredibly rewarding and allows you to create high-end designer outdoor furniture at a fraction of the cost. This solid wood design provides a robust foundation that is far superior to flimsy plastic or metal alternatives. Plus, you can easily customize the finish with your favorite outdoor stain to perfectly match your deck or patio!

⚠️ PLEASE NOTE: This is a DIGITAL DOWNLOAD only. No physical items, soil, plants, hardware, or lumber will be shipped. You will receive high-quality PDF files instantly upon purchase.",5,USD,98,"planter_bench_plans,bench_with_planter,planter_bench_combo,diy_outdoor_bench,wood_planter_bench,front_porch_bench,garden_bench_plan,modern_bench_diy,patio_seating_plans,planter_box_bench,wood_furniture_plan,outdoor_planter_diy,woodworking_plans",Wood,https://i.etsystatic.com/37058139/r/il/f16d50/7825382765/il_fullxfull.7825382765_ea8t.jpg,https://i.etsystatic.com/37058139/r/il/257dcb/7825382755/il_fullxfull.7825382755_cdus.jpg,https://i.etsystatic.com/37058139/r/il/df3acb/7777454616/il_fullxfull.7777454616_csx3.jpg,https://i.etsystatic.com/37058139/r/il/74ac4c/7777454620/il_fullxfull.7777454620_3ua3.jpg,https://i.etsystatic.com/37058139/r/il/a4d223/7777454636/il_fullxfull.7777454636_az79.jpg,https://i.etsystatic.com/37058139/r/il/05b9e7/7777454618/il_fullxfull.7777454618_ic97.jpg,https://i.etsystatic.com/37058139/r/il/15a1d7/7825382821/il_fullxfull.7825382821_ewec.jpg,https://i.etsystatic.com/37058139/r/il/578c6d/7777454670/il_fullxfull.7777454670_mc70.jpg,https://i.etsystatic.com/37058139/r/il/05008b/7777454680/il_fullxfull.7777454680_701r.jpg,https://i.etsystatic.com/37058139/r/il/393887/7777454692/il_fullxfull.7777454692_qgfb.jpg,,,,,,,1
"DIY Murphy Desk Plans | Wall Mounted Fold Down Table Blueprint (Digital Download)","Maximize Your Space with Premium DIY Wall Mounted Murphy Desk Plans!

Tired of bulky desks taking up your valuable floor space? Build your own stylish and functional workspace with our comprehensive murphy desk plans. This innovative design features a spacious wall mounted fold down table that easily tucks away when not in use, revealing built-in shelving for your books, decor, or office supplies. It is the ultimate small space solutions project for home offices, bedrooms, or studio apartments.

Whether you need a dedicated murphy style craft table or a smart furniture plans project to optimize your room, these step-by-step instructions will help you craft a professional-quality, sturdy workstation.

📐 DESK & SHELF DIMENSIONS:

Overall Width: 72 inches
Overall Height: 58 5/16 inches
Depth (Desk Extended): 47 1/2 inches

🛠️ WHAT IS INCLUDED IN THIS DIGITAL DOWNLOAD?

Detailed Building Plans: Clear, step-by-step instructions with 3D illustrations for the wall mounted table blueprint.
Comprehensive Material List: Know exactly what lumber, folding hinges, and mounting hardware to buy.
Precise Cut List: Minimize wood waste and save money on your diy murphy desk project.
Assembly Tips: Professional advice on secure wall mounting, hinge installation, and ensuring a perfectly level work surface.

💡 WHY CHOOSE OUR PLANS?

Building your own fold down table with storage plans is far more affordable than buying high-end ""smart furniture."" This sturdy wooden design offers much better durability than mass-produced alternatives and can be customized to match your decor. It’s an ideal project for creating a hidden workspace that doesn't compromise on style.

⚠️ PLEASE NOTE: This is a DIGITAL DOWNLOAD only. No physical items, hardware, or lumber will be shipped. You will receive high-quality PDF files instantly upon purchase.",5,USD,94,"murphy_desk_plans,fold_down_table,wall_mounted_desk,smart_furniture,small_space_desk,folding_table_diy,diy_floating_desk,desk_with_storage,wall_table_plans,murphy_table_pdf,craft_table_plans,desk_blueprint,woodworking_plans",Wood,https://i.etsystatic.com/37058139/r/il/cec310/7814618837/il_fullxfull.7814618837_qgfv.jpg,https://i.etsystatic.com/37058139/r/il/9e5eba/7814618827/il_fullxfull.7814618827_igyo.jpg,https://i.etsystatic.com/37058139/r/il/fb01cf/7814618833/il_fullxfull.7814618833_e5mb.jpg,https://i.etsystatic.com/37058139/r/il/844d46/7766673712/il_fullxfull.7766673712_lwb2.jpg,https://i.etsystatic.com/37058139/r/il/af25f2/7814618835/il_fullxfull.7814618835_8btz.jpg,https://i.etsystatic.com/37058139/r/il/08c0bc/7814618847/il_fullxfull.7814618847_hmjr.jpg,https://i.etsystatic.com/37058139/r/il/47a07a/7766673732/il_fullxfull.7766673732_di7b.jpg,https://i.etsystatic.com/37058139/r/il/c88c4a/7766673710/il_fullxfull.7766673710_6due.jpg,https://i.etsystatic.com/37058139/r/il/3b34f9/7766673734/il_fullxfull.7766673734_5k9v.jpg,https://i.etsystatic.com/37058139/r/il/073548/7766673722/il_fullxfull.7766673722_2llk.jpg,,,,,,,1
"DIY Outdoor Hidden Storage Coffee Table Plans PDF | Wooden Deck Box Blueprint | Patio Furniture Woodworking Build","100% Satisfaction & Money-Back Guarantee!

We are so confident that you will love building this project that we offer a 100% money-back guarantee. If you are not completely satisfied with these plans for any reason, we will refund your purchase—no questions asked! Plus, if you need any help or have questions during the build, we are always here to provide full support and guidance via Etsy messages.

About This Build

Upgrade your patio or backyard with this stunning DIY Outdoor Hidden Storage Coffee Table! Featuring beautiful, rustic ""X"" barn-door side panels, this elegant table doesn't just add a cozy farmhouse touch to your outdoor space—it is also incredibly functional.

The hinged split-top design opens up to reveal a massive interior storage compartment. It is the perfect solution for keeping your outdoor cushions, cozy blankets, BBQ accessories, or garden tools safe, dry, and out of sight. This is a highly rewarding woodworking project that yields a sturdy, professional-grade piece of furniture.

Dimensions

Width: 38-1/2""
Depth: 38-1/2""
Height: 24-3/4""

Take pride in building your own beautiful outdoor furniture. Download your detailed storage coffee table plan today and start transforming your backyard or patio!",5,USD,82,"Outdoor_Coffee_Table,Storage_Coffee_Table,Deck_Box_Plans,Patio_Furniture_DIY,Hidden_Storage_Table,Woodworking_Plans,Wood_Table_Plans,DIY_Coffee_Table,Rustic_Outdoor_Table,Garden_Furniture,Storage_Box_Wood,Barn_Door_Furniture,Woodworking_Build",,https://i.etsystatic.com/37058139/r/il/812aa0/7941703038/il_fullxfull.7941703038_n7bg.jpg,https://i.etsystatic.com/37058139/r/il/ffdd25/7941703030/il_fullxfull.7941703030_3l3v.jpg,https://i.etsystatic.com/37058139/r/il/15e118/7941703042/il_fullxfull.7941703042_ecuc.jpg,https://i.etsystatic.com/37058139/r/il/e29fc8/7941703040/il_fullxfull.7941703040_eybu.jpg,https://i.etsystatic.com/37058139/r/il/24553c/7989662333/il_fullxfull.7989662333_trbk.jpg,https://i.etsystatic.com/37058139/r/il/f8497b/7941703046/il_fullxfull.7941703046_4df8.jpg,https://i.etsystatic.com/37058139/r/il/ca55e5/7941703076/il_fullxfull.7941703076_jspe.jpg,https://i.etsystatic.com/37058139/r/il/0aca2c/7941703072/il_fullxfull.7941703072_k3ep.jpg,https://i.etsystatic.com/37058139/r/il/875899/7941703068/il_fullxfull.7941703068_8125.jpg,,,,,,,,1
"DIY Champagne Cart Plans: Mobile Bar, Event Cart Blueprints (Digital Download)","🥂 Build Your Own Elegant Champagne & Event Cart!
Create the ultimate focal point for your next event with these comprehensive Champagne Cart Custom Build plans. Whether you are a DIY enthusiast looking to build a beautiful piece for your home, or a rental business owner wanting to add a high-ROI item to your inventory, this design is perfect for you.
This isn't just a cart; it’s a statement piece. Designed to be sturdy yet elegant, this Personalized Mobile Bar Cart features a timeless design with large decorative wheels, gold-accented pillars, and a dedicated roof with glass racks. It serves perfectly as a Bubbly Bar Cart, a Prosecco Cart, or even a sophisticated Caviar Cart for high-end gatherings.
Why Build This Cart?
Versatile Design: While styled as a champagne cart, this design is incredibly adaptable. Use it as a Unique Charcuterie Cart, a dessert station, or a Catering Rolling Cart.
Customizable: The plans are designed so you can easily modify the finish. Paint it white for a classic wedding look, or go bold with a Black Champagne Cart finish for modern events. You can easily add a Champagne Cart With Logo or decal to the front panel for a Monogrammed Champagne Cart look.
Rental Business Ready: If you are in the event industry, this is a Champagne Cart Buy that pays for itself. It is highly sought after for Event Cart Rent purposes.
Better Than PVC: Forget flimsy Pvc Sweet Cart designs. These plans guide you to build a solid, professional-grade wooden cart that lasts.
📏 Dimensions (Approximate Finished Size):
Height: 79 inches
Width: 48 inches
Depth: 18 inches
📂 What You Will Receive:
Step-by-Step Instructions: Clear, beginner-friendly guides.
Material & Cut List: Know exactly what wood and hardware to buy to minimize waste.
Assembly Guide: Detailed diagrams showing how to assemble your Bar Cart Custom build.
Pro Tips: Advice on how to make it a Collasapable Cart (collapsible) for easier transport if needed.
perfect For:
Weddings & Engagement Parties
Bridal Showers & Baby Showers
Custom Branded Carts for Corporate Events
Startups looking for a Champagne Cart With Monogram for brand activations.
Start your build today and impress your guests or clients with a Personalized Event Cart that screams luxury!

If you have any questions during your build, feel free to message me. I am here to help you create your dream cart!",15,USD,54,"Custom_food_cart,Charcuterie_cart,foldable_cart,bar_carts,DIY_Cart,Party_cart,beverage_cart,coffee_cart,collapsible_cart,wedding_cart,Mobile_bar,vendor_cart,bar_cart","Digital Download,PDF File,Digital Instructions,Instant Download,Printable File",https://i.etsystatic.com/37058139/r/il/a43b08/7484167462/il_fullxfull.7484167462_buq1.jpg,https://i.etsystatic.com/37058139/r/il/ab104f/7532093641/il_fullxfull.7532093641_k9b8.jpg,https://i.etsystatic.com/37058139/r/il/335acb/7532093657/il_fullxfull.7532093657_6i09.jpg,https://i.etsystatic.com/37058139/r/il/d36d99/7484167432/il_fullxfull.7484167432_d0cs.jpg,https://i.etsystatic.com/37058139/r/il/51959c/7484167456/il_fullxfull.7484167456_7m0c.jpg,https://i.etsystatic.com/37058139/r/il/e2f964/7484167454/il_fullxfull.7484167454_kfcx.jpg,https://i.etsystatic.com/37058139/r/il/d87e3d/7532093673/il_fullxfull.7532093673_scbn.jpg,https://i.etsystatic.com/37058139/r/il/0334c8/7484167460/il_fullxfull.7484167460_i06q.jpg,https://i.etsystatic.com/37058139/r/il/2c3e2b/7532093681/il_fullxfull.7532093681_5r0u.jpg,https://i.etsystatic.com/37058139/r/il/388842/7484167464/il_fullxfull.7484167464_lfvr.jpg,,,,,,,1
"Mobile Coffee Cart DIY Plans | Collapsible Barista Station (PDF Download)","☕ Start Your Mobile Coffee Business in Style!

Are you dreaming of launching your own pop-up coffee shop or upgrading your event setup? These Mobile Coffee Cart Build plans are your first step toward success. Designed with a modern, trendy slatted aesthetic, this cart isn't just a workspace; it's a customer magnet.
We designed this Coffee Cart Blueprint specifically for entrepreneurs who need flexibility. Whether you are serving espresso at weddings, selling jewelry at craft fairs, or running a snack bar, this cart adapts to your needs.

Why You’ll Love This Design:

Smart & Collapsible: This is a true Collapsible Cart Custom design. It features two sturdy 12-inch fold-down side wings, giving you extra serving space when you need it and a compact footprint when you don't.
Modern Aesthetic: The front panel features a stylish vertical slat design that looks high-end and professional in any setting.
Massive Storage: The rear of the cart is designed with open shelving compartments, perfect for storing cups, beans, syrups, and equipment.
Built for Mobility: The plans include specifications for heavy-duty casters, making this Mobile Cart easy to push from your van to the venue.
Versatile Use: While perfect for coffee, this Foldable Stall works equally well as a Jewelry Cart DIY project, a DJ booth, or a DIY Snack Bar Template.
📏 Dimensions (Finished Build):
Height: 45 inches (Perfect ergonomic height for standing service)
Width (Body): 48 inches
Width (Extended): 72 inches (with both 12"" wings up)
Depth: 25 inches
Wing Width: 12 inches each
📂 What You Will Receive:
Professional PDF Plans: Clear, high-quality Cart Drawings and diagrams.
Step-by-Step Instructions: Easy-to-follow guide suitable for intermediate DIYers.
Cut List & Material Guide: A precise list to help you buy exactly what you need without waste.
Assembly Guide: Detailed instructions on how to assemble the frame, apply the slat finish, and install the Foldable Coffee Cart mechanisms.
Perfect For:
Mobile Baristas & Coffee Roasters
Wedding & Event Caterers
Farmers Market Vendors
Pop-up Retail Shops
Don't spend thousands on a pre-built unit when you can build your own brand-defining station with this Mobile Coffee Cart Pdf. Download the plans today and start brewing your success!

Got questions about the materials or the build process? Feel free to message me anytime. I'm here to help you build your dream cart!",15,USD,48,"Custom_food_cart,Charcuterie_cart,foldable_cart,bar_carts,DIY_Cart,Party_cart,beverage_cart,coffee_cart,collapsible_cart,wedding_cart,Mobile_bar,vendor_cart,bar_cart","Digital Download,PDF File,Digital Instructions,Instant Download,Printable File",https://i.etsystatic.com/37058139/r/il/ddbb8a/7484142852/il_fullxfull.7484142852_75az.jpg,https://i.etsystatic.com/37058139/r/il/7f0cf0/7484142854/il_fullxfull.7484142854_5hil.jpg,https://i.etsystatic.com/37058139/r/il/069d49/7532069097/il_fullxfull.7532069097_5vny.jpg,https://i.etsystatic.com/37058139/r/il/6f226f/7484142856/il_fullxfull.7484142856_epw7.jpg,https://i.etsystatic.com/37058139/r/il/f96536/7532069137/il_fullxfull.7532069137_m71f.jpg,https://i.etsystatic.com/37058139/r/il/126866/7484142814/il_fullxfull.7484142814_58c9.jpg,https://i.etsystatic.com/37058139/r/il/9abe88/7532069103/il_fullxfull.7532069103_ecf8.jpg,https://i.etsystatic.com/37058139/r/il/54c631/7484142830/il_fullxfull.7484142830_pqt5.jpg,https://i.etsystatic.com/37058139/r/il/7c0355/7532069105/il_fullxfull.7532069105_kpnv.jpg,https://i.etsystatic.com/37058139/r/il/86ae7d/7532061717/il_fullxfull.7532061717_pbm9.jpg,,,,,,,1
"DIY Outdoor Dining Set Plans | Wooden Patio Table, Chairs Blueprint (Digital Download)","Transform Your Backyard with Premium DIY Outdoor Dining Set Plans!

Get ready to host unforgettable summer barbecues and family dinners! Upgrade your patio, deck, or garden with our comprehensive outdoor dining set plans. This professional blueprint includes step-by-step instructions to build both a stunning, heavy-duty slatted outdoor dining table and perfectly matching, comfortable armchairs.

Whether you are looking for stylish wooden patio table and chairs to complete your outdoor oasis or a durable patio table plans project that beats flimsy store-bought furniture, this diy outdoor dining table guide is perfect for woodworking enthusiasts of all skill levels.

📐 FURNITURE DIMENSIONS:

Dining Table:
Width: 86 5/8 inches
Depth: 46 3/4 inches
Height: 28 11/16 inches

Dining Chair:

Width: 22 inches
Depth: 21 11/16 inches
Height: 31 7/16 inches

🛠️ WHAT IS INCLUDED IN THIS DIGITAL DOWNLOAD?

Detailed Building Plans: Clear, step-by-step instructions with 3D illustrations for both the table and the chairs.
Comprehensive Material List: Know exactly what weather-resistant lumber and hardware to buy for your patio furniture plans.

Precise Cut List: Minimize wood waste and save money with our accurate outdoor table build plans.
Assembly Tips: Professional advice on framing, assembling the slatted tops, and achieving a perfectly stable garden table.

💡 WHY CHOOSE OUR PLANS?

Building your own patio dinning set is an incredibly rewarding weekend project. This robust, modern wood design offers superior durability compared to mass-produced patio furniture and allows you to customize the stain or paint to match your home's exterior perfectly.

⚠️ PLEASE NOTE: This is a DIGITAL DOWNLOAD only. No physical items, cushions, hardware, or lumber will be shipped. You will receive high-quality PDF files instantly upon purchase.",10,USD,95,"outdoor_dining_set,patio_table_plans,outdoor_table_plan,wooden_patio_chairs,patio_furniture_diy,dining_table_plans,diy_patio_set,wood_patio_table,garden_table_diy,outdoor_chair_plan,outdoor_table_diy,wood_furniture_plans,woodworking_plans",Wood,https://i.etsystatic.com/37058139/r/il/12cbdb/7777045354/il_fullxfull.7777045354_tiqg.jpg,https://i.etsystatic.com/37058139/r/il/ddd729/7777045334/il_fullxfull.7777045334_i24j.jpg,https://i.etsystatic.com/37058139/r/il/702ef9/7824974113/il_fullxfull.7824974113_rfa7.jpg,https://i.etsystatic.com/37058139/r/il/a68894/7824974141/il_fullxfull.7824974141_4sl4.jpg,https://i.etsystatic.com/37058139/r/il/e730ef/7777045352/il_fullxfull.7777045352_3t9n.jpg,https://i.etsystatic.com/37058139/r/il/4a5ac0/7824974139/il_fullxfull.7824974139_cxk7.jpg,https://i.etsystatic.com/37058139/r/il/12d621/7777045382/il_fullxfull.7777045382_auqm.jpg,https://i.etsystatic.com/37058139/r/il/ebb14b/7824974181/il_fullxfull.7824974181_mxic.jpg,https://i.etsystatic.com/37058139/r/il/b63f83/7777045390/il_fullxfull.7777045390_ge85.jpg,https://i.etsystatic.com/37058139/r/il/833d9b/7824974183/il_fullxfull.7824974183_okc0.jpg,,,,,,,1
"Floral 90th Birthday Invitation | Photo Keepsake (Digital)","Honor a Milestone: Personalized 90th Birthday Invitation with Photo

Planning a 90th birthday party is a special way to celebrate a life well-lived. Our 90th birthday invitation template is the perfect start to this momentous occasion, whether you're looking for a 90th Birthday Invitation for Men or a special 90th Birthday Invitations for Women. This isn't just a simple invite; it's a keepsake that marks nine decades of life. Our template makes it easy to create a personalized 90th Birthday Invite With Photo, so you can share a favorite memory with all the guests.

Simple, Instant, and Fun to Customize
This listing is for an instant download, so you'll get access to your template just minutes after you purchase it. You can easily edit it using Canva, a free and intuitive online tool that lets you personalize your 90th digital invite directly in your web browser. This is the ideal option for a simple birthday celebration or a grand affair.

Your download includes:

A customizable 5"" x 7"" 90th birthday invitation template with a back option for double-sided printing.

Simple, step-by-step instructions.

What you can customize:

All the text—perfect for adding details for a 90th Birthday Brunch or a Program for 90th Birthday Dinner. You can even add a special message like ""Mis 90"" for a loved one with a Spanish-speaking background.

Fonts and font colors, like a sophisticated 90th Birthday Invitation Blue or gold accents.

The background color.

You can even add your own image!

What is not editable:

The ""90"" graphic is fixed in place, ensuring a consistent and polished look.

How to Order and Print
Purchase: Buy this listing and download the instructions.

Access: You will receive a PDF with a link to your template on Canva.

Personalize: Open the template and make all your edits. This is a great choice for Birthday Invites for Grandma or grandpa!

Download & Share: Save your finalized design and download it in your preferred format.

Your download options include:

PDF: Ideal for high-quality 90th Birthday Invitations Paper printing at home or with a professional service.

JPG: Perfect for sending to a print shop or photo lab.

PNG: Great for sharing your invitation electronically as a 90th Birthday Electronic invite via email or social media.

Make this 90th birthday party invitation truly special with an invitation that's designed with love and personality!",5,USD,38,"90th_birthday_invite,90th_party_decor,birthday_invite,90th_digital_invite,invitation_for_her,90th_birthday_party,90th_birthday_decor,simple_photo_invite,90th_invitation,look_who's_90,90th_Birthday,digital_invite,simple_birthday","Digital File,PDF,Canva Editable,Printable,Instant Download,Customizable Template,Party Kit,Party Decorations,Birthday Supplies,Themed Party,Event Planning,DIY Party,Digital Product",https://i.etsystatic.com/37058139/r/il/958265/7097697948/il_fullxfull.7097697948_l7x7.jpg,https://i.etsystatic.com/37058139/r/il/676a3b/7097697952/il_fullxfull.7097697952_7hwy.jpg,https://i.etsystatic.com/37058139/r/il/adb808/7097697946/il_fullxfull.7097697946_brjk.jpg,https://i.etsystatic.com/37058139/r/il/66377c/7097697964/il_fullxfull.7097697964_9g5n.jpg,https://i.etsystatic.com/37058139/r/il/c05a42/7145657957/il_fullxfull.7145657957_r1lr.jpg,https://i.etsystatic.com/37058139/r/il/a3fed6/7145657949/il_fullxfull.7145657949_tv1t.jpg,https://i.etsystatic.com/37058139/r/il/8dad44/7097697962/il_fullxfull.7097697962_pxyn.jpg,https://i.etsystatic.com/37058139/r/il/62ec77/7145657961/il_fullxfull.7145657961_f8ww.jpg,https://i.etsystatic.com/37058139/r/il/c92c57/7097697958/il_fullxfull.7097697958_ns6e.jpg,,,,,,,,1
"Wooden Mini Greenhouse Build Plans, Balcony Garden Cold Frame (Digital Download)","Extend Your Growing Season with Premium DIY Mini Greenhouse Plans!

Ready to protect your plants and grow your own food year-round? Build your own beautiful and functional plant shelter with our comprehensive mini greenhouse build plans. Whether you are looking for a stylish wooden greenhouse for balcony spaces, an indoor greenhouse design, or practical greenhouse plans for porch and patio areas, this versatile lean-to structure is the perfect solution.

Designed to easily attach to an existing wall or fence, this project serves as a spacious cold frame garden plan or a compact walk in greenhouse. The sturdy wood frame is specifically designed to accommodate clear panels, making it the ultimate wood polycarbonate greenhouse for gardeners of all skill levels.

📐 GREENHOUSE DIMENSIONS:

Overall Width: 148 inches
Overall Depth: 52 3/16 inches
Overall Height: 96 1/8 inches

🛠️ WHAT IS INCLUDED IN THIS DIGITAL DOWNLOAD?

Detailed Building Plans: Clear, step-by-step instructions with 3D illustrations.
Comprehensive Material List: Know exactly what lumber, hardware, and framing materials to buy.
Precise Cut List: Minimize wood waste and save money on your DIY greenhouse project.
Measurements: Easy-to-follow dimensions to ensure a perfectly square and stable structure.
Assembly Tips: Everything you need to know, from framing the walls and roof to installing the front door and transparent panels.

💡 WHY CHOOSE OUR PLANS?

 Building your own greenhouse is incredibly rewarding and much more durable than flimsy, store-bought plastic kits. This wooden design adds a beautiful architectural element to your home while providing the perfect microclimate for seedlings, herbs, and tropical plants.

⚠️ PLEASE NOTE: This is a DIGITAL DOWNLOAD only. No physical items, hardware, polycarbonate panels, plants, or lumber will be shipped. You will receive high-quality PDF files instantly upon purchase.

Start your woodworking project today and create the perfect haven for your plants!",5,USD,88,"mini_greenhouse,greenhouse_plan,indoor_greenhouse,porch_greenhouse,balcony_greenhouse,cold_frame_plan,walk_in_greenhouse,wood_greenhouse,tiny_greenhouse,greenhouse_build,diy_cold_frame,diy_greenhouse_pdf,woodworking_plans",Wood,https://i.etsystatic.com/37058139/r/il/6cf08e/7814395781/il_fullxfull.7814395781_9qru.jpg,https://i.etsystatic.com/37058139/r/il/fb84d6/7766450876/il_fullxfull.7766450876_34lf.jpg,https://i.etsystatic.com/37058139/r/il/da9d3f/7814395793/il_fullxfull.7814395793_5oda.jpg,https://i.etsystatic.com/37058139/r/il/e7e172/7766450946/il_fullxfull.7766450946_304e.jpg,https://i.etsystatic.com/37058139/r/il/5ac863/7766450922/il_fullxfull.7766450922_5yop.jpg,https://i.etsystatic.com/37058139/r/il/206b92/7766450970/il_fullxfull.7766450970_4up9.jpg,https://i.etsystatic.com/37058139/r/il/7588eb/7766450966/il_fullxfull.7766450966_4f6j.jpg,https://i.etsystatic.com/37058139/r/il/3fd775/7814395839/il_fullxfull.7814395839_70jg.jpg,https://i.etsystatic.com/37058139/r/il/029ede/7814395847/il_fullxfull.7814395847_7iv9.jpg,,,,,,,,1
"DIY Meditation Table Plans PDF | Wooden Zen Platform Blueprint | Ergonomic Yoga Bench | Slanted Floor Seating Stool","Build Your Own Tranquil Space with This Ergonomic Zen Meditation Platform!

100% Satisfaction & Money-Back Guarantee!

We are so confident that you will love building this project that we offer a 100% money-back guarantee. If you are not completely satisfied with these plans for any reason, we will refund your purchase—no questions asked! Plus, if you need any help or have questions during the build, we are always here to provide full support and guidance via Etsy messages.

About This Build

Create the perfect corner for mindfulness and relaxation with this beautifully designed DIY Zen Platform. Whether you are an avid yogi, a meditation enthusiast, or simply looking for unique, ergonomic floor seating, this wooden table is exactly what you need.

The design features a gently slanted top to promote proper posture and spine alignment during extended meditation sessions. With its modern, interlocking plywood aesthetic, it is not only highly functional but also a gorgeous, calming piece of minimalist decor for your home, studio, or wellness space. It is an incredibly rewarding woodworking project with a clean, seamless finish.

Dimensions

Width: 31 3/4""
Depth: 27""
Overall Height: 20""

Elevate your meditation practice with custom-built furniture. Download your detailed Zen platform plan today and start building your own peaceful retreat!",10,USD,83,"Meditation_Table,Zen_Platform,Yoga_Bench_Plan,Meditation_Stool,DIY_Furniture_Plan,Woodworking_Plans,Slanted_Wood_Stool,Floor_Seating,CNC_Plywood_Plan,Wellness_Furniture,Floor_Desk_Plan,Meditation_Chair,Plywood_Furniture",,https://i.etsystatic.com/37058139/r/il/c73635/7989788097/il_fullxfull.7989788097_jv8d.jpg,https://i.etsystatic.com/37058139/r/il/57976d/7941829918/il_fullxfull.7941829918_2zzf.jpg,https://i.etsystatic.com/37058139/r/il/2787f2/7941829920/il_fullxfull.7941829920_lxid.jpg,https://i.etsystatic.com/37058139/r/il/32db20/7941829922/il_fullxfull.7941829922_iubd.jpg,https://i.etsystatic.com/37058139/r/il/d23a7a/7941829928/il_fullxfull.7941829928_ciu9.jpg,https://i.etsystatic.com/37058139/r/il/0d22e2/7941829916/il_fullxfull.7941829916_q61z.jpg,https://i.etsystatic.com/37058139/r/il/0d9dd3/7989788135/il_fullxfull.7989788135_pwpf.jpg,https://i.etsystatic.com/37058139/r/il/a665e0/7941829956/il_fullxfull.7941829956_uh90.jpg,https://i.etsystatic.com/37058139/r/il/ac7307/7989788117/il_fullxfull.7989788117_9p1t.jpg,https://i.etsystatic.com/37058139/r/il/5c24e9/7989788115/il_fullxfull.7989788115_h1en.jpg,,,,,,,1
"DIY Mobile Jigsaw Station Plans PDF | Rolling Workbench Tool Cart Blueprint | Woodworking Shop Cart | Portable Power Tool Stand","Build the Perfect Mobile Workstation for Your Tools!

100% Satisfaction & Money-Back Guarantee!

We are so confident that you will love building this project that we offer a 100% money-back guarantee. If you are not completely satisfied with these plans for any reason, we will refund your purchase—no questions asked! Plus, if you need any help or have questions during the build, we are always here to provide full support and guidance via Etsy messages.

About This Build

Take your workshop organization to the next level with this incredibly sturdy and versatile DIY Mobile Jigsaw Station! Whether you are working in a tight garage or a spacious woodshop, this rolling tool cart is designed to make your projects easier and more efficient.

This heavy-duty plywood workbench features a spacious top surface perfect for your jigsaw (or other benchtop power tools), smooth-rolling casters for ultimate mobility, a large lower shelf for bulky material storage, and a custom side rack specifically designed to hold your tools, clamps, or accessories. It is a brilliant, beginner-friendly woodworking project that adds immense value and organization to any shop.

Dimensions

Width: 3'-4"" (40 inches)
Depth: 3'-4"" (40 inches)
Overall Height: 2'-7 1/4"" (31.25 inches)

Stop working on the floor or cluttered tables. Download your detailed mobile workbench plan today and build a dedicated station for your power tools!",5,USD,83,"Jigsaw_Station,Mobile_Workbench,Tool_Cart_DIY,Woodworking_Plans,Rolling_Shop_Cart,Power_Tool_Stand,Workbench_Blueprint,Workshop_Storage,Garage_Organization,Plywood_Cart_Plan,DIY_Saw_Stand,Portable_Work_Table,Shop_Furniture_Plan",,https://i.etsystatic.com/37058139/r/il/723f59/7941822954/il_fullxfull.7941822954_1zmr.jpg,https://i.etsystatic.com/37058139/r/il/858325/7941822958/il_fullxfull.7941822958_r7tp.jpg,https://i.etsystatic.com/37058139/r/il/edd46a/7989780983/il_fullxfull.7989780983_m1xj.jpg,https://i.etsystatic.com/37058139/r/il/0a19b5/7989780989/il_fullxfull.7989780989_arzx.jpg,https://i.etsystatic.com/37058139/r/il/3d116a/7989780991/il_fullxfull.7989780991_m77o.jpg,https://i.etsystatic.com/37058139/r/il/35a4c5/7989780985/il_fullxfull.7989780985_re5j.jpg,https://i.etsystatic.com/37058139/r/il/b50cc6/7941822984/il_fullxfull.7941822984_p6uu.jpg,https://i.etsystatic.com/37058139/r/il/b37b48/7989780993/il_fullxfull.7989780993_1wps.jpg,https://i.etsystatic.com/37058139/r/il/391bef/7941822990/il_fullxfull.7941822990_j9xp.jpg,https://i.etsystatic.com/37058139/r/il/1b5f79/7941822986/il_fullxfull.7941822986_ww4u.jpg,,,,,,,1
"DIY Work Table Plans PDF | Modern Computer Desk with Drawers Blueprint | Home Office Study Table | Plywood Woodworking Desk Plan","Build Your Ultimate Focused Workspace with This Modern DIY Work Table!

100% Satisfaction & Money-Back Guarantee!

We are so confident that you will love building this project that we offer a 100% money-back guarantee. If you are not completely satisfied with these plans for any reason, we will refund your purchase—no questions asked! Plus, if you need any help or have questions during the build, we are always here to provide full support and guidance via Etsy messages.

About This Build

Upgrade your home office, study area, or studio with this sleek, beautifully designed wooden work table. Featuring a clean, minimalist aesthetic, this desk is as functional as it is stylish.

It boasts a spacious main work surface, three built-in side drawers for organizing all your office supplies and documents, and elevated wrap-around privacy panels. These back and side panels are perfect for creating a focused work environment, keeping items from falling off the back, and neatly hiding unsightly cables. It is an incredibly rewarding woodworking project that will leave you with a professional-grade, premium piece of furniture.

Dimensions (Metric)
Width: 152 cm
Depth: 78 cm
Overall Height: 106 cm

Stop settling for wobbly, store-bought furniture. Download your detailed work table plan today and build a sturdy, beautiful desk that inspires productivity!",10,USD,83,"Work_Table_Plans,DIY_Desk_Blueprint,Computer_Desk_Plan,Office_Desk_DIY,Desk_With_Drawers,Study_Table_Build,Woodworking_Plans,Plywood_Desk,Modern_Desk_Plan,Furniture_Plans,Privacy_Desk,Home_Office_DIY,Writing_Desk_Plan",,https://i.etsystatic.com/37058139/r/il/509e94/7941805460/il_fullxfull.7941805460_bj4t.jpg,https://i.etsystatic.com/37058139/r/il/bd238f/7989763737/il_fullxfull.7989763737_n0k8.jpg,https://i.etsystatic.com/37058139/r/il/113ec6/7941805456/il_fullxfull.7941805456_tvxp.jpg,https://i.etsystatic.com/37058139/r/il/2accb2/7941805450/il_fullxfull.7941805450_mq4c.jpg,https://i.etsystatic.com/37058139/r/il/7af095/7989763739/il_fullxfull.7989763739_clm0.jpg,https://i.etsystatic.com/37058139/r/il/1c35de/7989763751/il_fullxfull.7989763751_r1yv.jpg,https://i.etsystatic.com/37058139/r/il/c10dab/7941805468/il_fullxfull.7941805468_an3n.jpg,https://i.etsystatic.com/37058139/r/il/df704b/7989763755/il_fullxfull.7989763755_oxj4.jpg,https://i.etsystatic.com/37058139/r/il/e8850e/7989763753/il_fullxfull.7989763753_22n2.jpg,,,,,,,,1
"DIY Hoop Coop Chicken Tractor Plans PDF | Portable Poultry House on Wheels | Cattle Panel Mobile Coop Blueprint | Chicken Run Build Guide","Raise Healthier Flocks: The Ultimate Walk-In Mobile Chicken Tractor

Upgrade your backyard homesteading with a heavy-duty, mobile poultry house designed for fresh pasture and ultimate flock security. This comprehensive digital woodworking blueprint provides the exact instructions to build a massive, walk-in Hoop Coop Chicken Tractor. Utilizing a cost-effective and incredibly strong cattle panel arch design, this portable coop allows you to easily move your flock to fresh grass daily while keeping them safe from aerial and ground predators.

Stop crawling into tiny, cramped chicken tractors. Build a spacious, human-height mobile coop that makes feeding, cleaning, and egg collection an absolute breeze.

Engineered for Pasture Raising and Predator Protection:

Walk-In Hoop Architecture: Towering at 98 inches tall, this curved structure uses heavy-duty wire panels to create a massive, spacious interior. You can easily walk right through the full-sized human door to tend to your birds without bending over.

Integrated Nesting Boxes: The design features an elevated, secure rear wall complete with built-in nesting boxes, keeping your hens comfortable and your eggs clean and off the ground.

Built for Mobility: Engineered with an integrated wheel system on the heavy-duty wooden base frame. This allows a single person to lift and roll the entire 8x10 structure to a fresh patch of pasture, reducing feed costs and naturally fertilizing your land.

Predator-Proof Foundation: The solid timber base and wire framing provide a highly secure environment, protecting your poultry from foxes, raccoons, and hawks.

Targeted Homesteading Niches: This specific blueprint is exactly what backyard farmers are searching for to build their:

Cattle Panel Hoop Coops
Mobile Chicken Tractors on Wheels
Walk-In Portable Poultry Runs
Pasture-Raised Brooder Houses

Fully Assembled Dimensions:

Overall Width: 96 inches (8 Feet)

Overall Depth: 122 inches (Over 10 Feet)

Overall Height: 98 inches (Over 8 Feet tall for easy walk-in access)

Inside Your Digital PDF Download: Your instant download provides a professional, frustration-free woodworking guide:

Universal Measurement Standards: All structural details are provided in both Imperial (inches) 

Precise Material & Cut Lists: Take the exact shopping list to the hardware and farm supply store, eliminating costly waste.

Step-by-Step 3D Assembly: Crystal-clear visual instructions that walk you through framing the mobile base,attaching the wheel mechanisms, securing the hoop panels, and building the nesting boxes.

(Please Note: This listing is for a digital PDF woodworking instruction book only. No physical coop, wire panels, wheels, or lumber will be shipped.)

Give your flock the ultimate mobile home. Download your plans today and start building your homestead infrastructure!",5,USD,99,"chicken_tractor_plan,hoop_coop_diy,mobile_coop_wheels,tractor_coop_build,cattle_panel_coop,chicken_run_pdf,walk_in_chicken_coop,backyard_poultry,homesteading_build,poultry_housing_diy,mobile_brooder_plan,woodworking_plans,portable_coop",,https://i.etsystatic.com/37058139/r/il/035083/7913220996/il_fullxfull.7913220996_elx7.jpg,https://i.etsystatic.com/37058139/r/il/9cd873/7913220370/il_fullxfull.7913220370_em1u.jpg,https://i.etsystatic.com/37058139/r/il/817bfc/7913220894/il_fullxfull.7913220894_o1w0.jpg,https://i.etsystatic.com/37058139/r/il/a25f7f/7961176951/il_fullxfull.7961176951_qyrg.jpg,https://i.etsystatic.com/37058139/r/il/132706/7961176873/il_fullxfull.7961176873_kiah.jpg,https://i.etsystatic.com/37058139/r/il/25c056/7961176827/il_fullxfull.7961176827_40lm.jpg,https://i.etsystatic.com/37058139/r/il/ab3965/7961176811/il_fullxfull.7961176811_5knx.jpg,https://i.etsystatic.com/37058139/r/il/5e4b6c/7913220840/il_fullxfull.7913220840_hkwj.jpg,https://i.etsystatic.com/37058139/r/il/090623/7913220808/il_fullxfull.7913220808_ezpb.jpg,https://i.etsystatic.com/37058139/r/il/2425d3/7961177027/il_fullxfull.7961177027_idmi.jpg,,,,,,,1
"DIY Large Welcome Sign Planter Plans PDF | 70-Inch Tall Porch Plant Stand Blueprint","Transform your home’s curb appeal with a true statement piece. This comprehensive digital woodworking blueprint provides the exact instructions to build a massive, towering Welcome Sign Planter Box. Standing at an impressive 70 inches tall, this design commands attention from the street, creating a warm, highly visible, and inviting entrance to your front porch, driveway, or garden pathway.

Why settle for small, easily overlooked porch decor when you can build a heavy-duty, custom wooden landmark for your home?

Engineered for Maximum Visual Impact:

Towering 70-Inch Post: Unlike standard small planters, this design brings your ""Welcome"" sign and outdoor lantern right up to eye level, ensuring it is seen and admired by every guest.

Oversized Planter Base: The generous 30-inch wide base provides ample volume for large, dramatic floral arrangements, seasonal greenery, or even small decorative shrubs. It features a charming rustic picket fence backing to support taller plants.

Dual Hanging Display: The sturdy crossbeam is perfectly proportioned to hold a heavy custom welcome sign alongside a solar lantern or a large hanging flower basket.

Seasonal Centerpiece: This large-scale structure is the ultimate blank canvas for decorators. Surround the base with large pumpkins in the fall, wrap the post in garland for the holidays, and fill the box with bright blooms in the spring.

Perfect DIY Project For:

High-Impact Front Porch & Driveway Decor
Real Estate Staging & Home Upgrades
Custom Woodcraft Products for Resale
Easy Weekend Garden Woodworking Projects

Fully Assembled Dimensions:

Overall Width: 30 inches (Base width)
Overall Depth: 23-1/2 inches
Overall Height: 70 inches (Almost 6 feet tall!)

Inside Your Digital PDF Download:

Your instant download provides a professional-grade, frustration-free build guide designed for both beginners and experienced makers:

Universal Measurement Standards: All details are provided in both Imperial (inches).

Precise Material & Cut Lists: Take the exact shopping list to the lumber yard and follow our cutting guide to eliminate costly waste.

Step-by-Step 3D Assembly: Crystal-clear visual instructions that walk you through assembling the deep planter box, attaching the decorative pickets, and securing the massive 70-inch main post.

(Please Note: This listing is for a digital PDF woodworking plan only. No physical planter box, signs, lanterns, plants, or wood will be shipped.)

Build a welcome sign that truly stands out. Download your plans today and upgrade your home's exterior!",5,USD,97,"welcome_planter_diy,porch_planter_box,wood_welcome_sign,garden_planter_plan,hanging_basket_stand,wood_project_diy,front_porch_decor,cedar_planter_plans,diy_plant_stand,woodworking_plans,welcome_sign_stand,outdoor_garden_craft,fall_wood_decor",Wood,https://i.etsystatic.com/37058139/r/il/feb0d2/7951131277/il_fullxfull.7951131277_83im.jpg,https://i.etsystatic.com/37058139/r/il/f4ab8a/7903179246/il_fullxfull.7903179246_cw8e.jpg,https://i.etsystatic.com/37058139/r/il/e336a4/7903179256/il_fullxfull.7903179256_4otx.jpg,https://i.etsystatic.com/37058139/r/il/acae85/7903179254/il_fullxfull.7903179254_trid.jpg,https://i.etsystatic.com/37058139/r/il/ba1851/7951131275/il_fullxfull.7951131275_mrjp.jpg,https://i.etsystatic.com/37058139/r/il/a559b4/7766513710/il_fullxfull.7766513710_2kau.jpg,https://i.etsystatic.com/37058139/r/il/3a5591/7814458547/il_fullxfull.7814458547_9zxa.jpg,https://i.etsystatic.com/37058139/r/il/7ebb45/7814458557/il_fullxfull.7814458557_lrj5.jpg,,,,,,,,,1
"DIY Square Wedding Arch Plans PDF | Wooden Rustic Arbor Blueprint | Bridal Shower Photo Backdrop | Outdoor Ceremony Woodworking Guide","Frame Your Perfect Moment: The Classic Square Wedding Arch Blueprint

Create a timeless, breathtaking focal point for your ceremony. This digital woodworking blueprint provides the exact, step-by-step instructions to build a heavy-duty, classic Square Wooden Wedding Arch. Whether you are framing a scenic outdoor altar, creating a lush photo backdrop for a bridal shower, or building a reliable prop for your event rental business, this structure delivers a perfect blend of rustic charm and structural strength.
Why spend hundreds on flimsy, thin metal arches that blow over in the wind? Build a solid, professional-grade wooden arbor that can effortlessly support heavy floral installations and draped fabrics.

Engineered for Stability and Elegance:

Rock-Solid Foundation: Designed with wide T-style base feet and heavy-duty diagonal corner braces. This ensures your arch stands tall and completely secure, even during breezy outdoor weddings or when loaded with heavy wet floral foam.

The Perfect Canvas: The clean, square 90-degree lines provide the ultimate traditional ""Arch to Get Married Under."" It is highly versatile—stain it dark for a rustic woodland vibe, or paint it crisp white for a modern coastal ceremony.

Beginner-Friendly Build: You don't need complex joinery skills. This plan uses straightforward straight and angled cuts, making it a perfect weekend project for DIY couples or budding event vendors.

Easy Transport: The design allows for strategic bolt placement, meaning you can easily break the frame down into flat-packing sections for quick transport to the venue.

Highly Profitable Event Niches

This timeless blueprint is exactly what customers are searching for to build their:

Outdoor Wooden Wedding Frames
Elegant Bridal Shower Arbors
Wooden Rustic Arches & Garden Trellises
Photo Booth Backdrops for Corporate Events
Fully Assembled Dimensions:
Overall Width: 86 inches
Overall Height: 91-1/2 inches

Walk-Through Clearance: Ample space for the couple and the officiant to stand comfortably underneath.

Inside Your Digital PDF Download: Your instant download provides a professional, frustration-free woodworking guide:

Universal Measurement Standards: All structural details are provided in both Imperial (inches) 

Precise Material & Cut Lists: Take the exact shopping list to the hardware store and follow our cutting guide to eliminate costly wood waste.

Step-by-Step 3D Assembly: Crystal-clear visual instructions that walk you through assembling the T-bases, cutting the corner braces, and raising the final arch.

(Please Note: This listing is for a digital PDF woodworking instruction book only. No physical arch, floral arrangements, fabrics, or lumber will be shipped.)

Build a ceremony backdrop that is as strong as your vows. Download your plans today and start crafting!",5,USD,99,"triangle_arch_plans,wooden_wedding_arch,wedding_arbor_design,collapsible_arch_diy,diy_wedding_backdrop,simple_arch_plans,rustic_wedding_arbor,3_piece_arch_build,woodworking_plans,wedding_trellis_pdf,event_prop_build,pinterest_arch_diy,wedding_decor",,https://i.etsystatic.com/37058139/r/il/dc76a0/7913160814/il_fullxfull.7913160814_oxof.jpg,https://i.etsystatic.com/37058139/r/il/ad1386/7913160018/il_fullxfull.7913160018_q1a3.jpg,https://i.etsystatic.com/37058139/r/il/76f4c2/7913160962/il_fullxfull.7913160962_5xo8.jpg,https://i.etsystatic.com/37058139/r/il/cac6b0/7913160946/il_fullxfull.7913160946_6mjy.jpg,https://i.etsystatic.com/37058139/r/il/36f834/7913160944/il_fullxfull.7913160944_htg3.jpg,https://i.etsystatic.com/37058139/r/il/92a02d/7961116949/il_fullxfull.7961116949_i8es.jpg,https://i.etsystatic.com/37058139/r/il/8015ae/7913160108/il_fullxfull.7913160108_8i8r.jpg,https://i.etsystatic.com/37058139/r/il/d2fa2a/7913160160/il_fullxfull.7913160160_a96v.jpg,https://i.etsystatic.com/37058139/r/il/b0feb4/7913160512/il_fullxfull.7913160512_2b9k.jpg,,,,,,,,1
"DIY Acrylic Cube Box Plans: Wooden Frame Display Case Blueprint | Clear Collectible Box PDF","Showcase Your Treasures with a Beautiful DIY Acrylic Cube Box!

Looking for an elegant way to protect and display your favorite collectibles, memorabilia, or small plants? Build your own stunning acrylic cube box with our comprehensive woodworking plans. This minimalist design features a sturdy wooden frame and clear acrylic (or glass) panels, creating the perfect tabletop display case that blends seamlessly with any home decor.

Whether you need a custom collectible box to keep dust away from your valuables or a sleek clear display box for a special centerpiece, these step-by-step blueprints make the build simple and highly rewarding.

📐 DISPLAY BOX DIMENSIONS:

Overall Width: 7.6 inches 
Overall Depth: 7.6 inches
Overall Height: 7.6 inches

🛠️ WHAT IS INCLUDED IN THIS DIGITAL DOWNLOAD?

Detailed Building Plans: Clear, step-by-step instructions with 3D illustrations for your diy acrylic box project.
Comprehensive Material List: Know exactly what wood trim, acrylic sheets, and hardware to buy.
Precise Cut List: Minimize waste and save money with our accurate display case blueprint.
Assembly Tips: Professional advice on framing the delicate wood pieces, cutting the acrylic panels safely, and assembling a perfectly square, seamless cube.

💡 WHY CHOOSE OUR PLANS?

Buying custom-made acrylic display cases can be surprisingly expensive. Building your own wood and acrylic box allows you to create a high-end, designer look on a budget. Plus, you can easily customize the wood finish—use a natural stain for a rustic look or sleek black paint for a modern museum vibe!

⚠️ PLEASE NOTE: This is a DIGITAL DOWNLOAD only. No physical items, acrylic panels, glass, collectibles, or lumber will be shipped. You will receive high-quality PDF files instantly upon purchase.",5,USD,94,"acrylic_cube_box,display_case_diy,clear_display_box,wood_acrylic_box,collectible_case,shadow_box_plans,tabletop_display,glass_box_plans,memorabilia_case,diy_display_box,display_case_plans,acrylic_case_wood,woodworking_plans","Digital Download,PDF File,Digital Instructions,Instant Download,Printable File",https://i.etsystatic.com/37058139/r/il/680a47/7804783148/il_fullxfull.7804783148_8u2z.jpg,https://i.etsystatic.com/37058139/r/il/1cd784/7804783140/il_fullxfull.7804783140_hv1g.jpg,https://i.etsystatic.com/37058139/r/il/4269df/7852724715/il_fullxfull.7852724715_qtyu.jpg,https://i.etsystatic.com/37058139/r/il/ccd7c2/7852724703/il_fullxfull.7852724703_bonw.jpg,https://i.etsystatic.com/37058139/r/il/1ba775/7804783146/il_fullxfull.7804783146_jf8i.jpg,https://i.etsystatic.com/37058139/r/il/f742c0/7852724707/il_fullxfull.7852724707_nyag.jpg,https://i.etsystatic.com/37058139/r/il/0ec769/7804783158/il_fullxfull.7804783158_j6xn.jpg,https://i.etsystatic.com/37058139/r/il/29fc3a/7804783150/il_fullxfull.7804783150_ndhg.jpg,,,,,,,,,1
"DIY Mobile Miter Saw Stand Plans PDF | Rolling Shop Cart Blueprint | Chop Saw Workbench | Tool Storage Stand Woodworking","Build the Ultimate Mobile Base for Your Miter Saw!

100% Satisfaction & Money-Back Guarantee!

We are so confident that you will love building this project that we offer a 100% money-back guarantee. If you are not completely satisfied with these plans for any reason, we will refund your purchase—no questions asked! Plus, if you need any help or have questions during the build, we are always here to provide full support and guidance via Etsy messages.

About This Build

Take the hassle out of heavy lifting and make your workshop more efficient with this incredibly sturdy DIY Mobile Miter Saw Stand! Whether you are a professional contractor or a weekend hobbyist, having your saw on a rolling base is a total game-changer for garage organization and workflow.

This design is engineered for stability and ease of movement. It features a spacious top perfectly sized for standard miter saws (like the DeWalt shown), smooth-rolling locking casters, and a large lower shelf for scrap wood or tool storage. Built from durable plywood, this rolling shop cart is designed to last a lifetime and can be moved exactly where you need it in seconds.

Dimensions

Width: 3'-0"" (36 inches)
Depth: 3'-4"" (40 inches)
Overall Height: 2'-7 1/4"" (31.25 inches)

Stop struggling with heavy tools on static tables. Download your detailed miter saw station plans today and build a professional-grade mobile workstation that will save your back and your time!",10,USD,83,"Miter_Saw_Stand,Rolling_Shop_Cart,Chop_Saw_Workbench,Tool_Storage_DIY,Woodworking_Plans,Mobile_Workstation,Garage_Organization,DIY_Tool_Stand,Shop_Furniture_Plan,Plywood_Workbench,Workshop_DIY,Rolling_Tool_Base,Saw_Stand_Blueprint",,https://i.etsystatic.com/37058139/r/il/23c50b/7989838749/il_fullxfull.7989838749_1cw5.jpg,https://i.etsystatic.com/37058139/r/il/350d04/7941881988/il_fullxfull.7941881988_i800.jpg,https://i.etsystatic.com/37058139/r/il/3c4840/7989838759/il_fullxfull.7989838759_1m2t.jpg,https://i.etsystatic.com/37058139/r/il/b64376/7989838757/il_fullxfull.7989838757_px01.jpg,https://i.etsystatic.com/37058139/r/il/4b47b4/7989838761/il_fullxfull.7989838761_5wki.jpg,https://i.etsystatic.com/37058139/r/il/44ced7/7989838767/il_fullxfull.7989838767_e8bq.jpg,https://i.etsystatic.com/37058139/r/il/9e125a/7941882032/il_fullxfull.7941882032_i7y7.jpg,https://i.etsystatic.com/37058139/r/il/de7641/7989838797/il_fullxfull.7989838797_qqxv.jpg,https://i.etsystatic.com/37058139/r/il/2a432c/7941882034/il_fullxfull.7941882034_d698.jpg,,,,,,,,1
"DIY Engraved Prayer Board Plans PDF | Wooden Intercession Plaque Blueprint | Religious Wall Art Build | Custom Prayer Platform Woodworking","Craft a Beautiful, Meaningful Wooden Prayer Board for Your Home!

100% Satisfaction & Money-Back Guarantee!

We are so confident that you will love building this project that we offer a 100% money-back guarantee. If you are not completely satisfied with these plans for any reason, we will refund your purchase—no questions asked! Plus, if you need any help or have questions during the build, we are always here to provide full support and guidance via Etsy messages.

About This Build

Create a stunning and deeply personal piece of spiritual wall art with this DIY Wooden Prayer Platform plan. Designed to mimic the rich, gorgeous grain of olive wood, this engraved prayer board is a beautiful addition to any home altar, prayer corner, or living space.

The design features an elegant border, a designated blue speckle inset area, and beautifully arranged engraving text specifically designed for intercession prayers (""Dear Lord, I invoke st...""). Whether you are crafting this for your own daily devotionals or making a heartfelt, handmade gift for a loved one, this wall-hanging plaque is a unique and rewarding woodworking and engraving project.

Dimensions
Width: 15""
Height: 10""
Depth (Thickness): 9/16""

Take pride in creating beautiful, faith-based art with your own hands. Download your detailed prayer platform plan today and start your next meaningful woodworking project!",10,USD,83,"Prayer_Board_Plan,Religious_Wall_Art,Wooden_Prayer_Plaque,Intercession_Board,Woodworking_Plans,Engraved_Wood_Sign,Christian_Wall_Decor,Prayer_Platform,DIY_Wood_Sign,Spiritual_Art_Build,CNC_Router_Plan,Laser_Engraving_Plan,Custom_Prayer_Board",,https://i.etsystatic.com/37058139/r/il/ec21a1/7941866640/il_fullxfull.7941866640_mexy.jpg,https://i.etsystatic.com/37058139/r/il/357084/7989823557/il_fullxfull.7989823557_m7au.jpg,https://i.etsystatic.com/37058139/r/il/ca2dd2/7989823583/il_fullxfull.7989823583_ifi8.jpg,https://i.etsystatic.com/37058139/r/il/c4af35/7989823561/il_fullxfull.7989823561_sd9l.jpg,https://i.etsystatic.com/37058139/r/il/374fb2/7941866662/il_fullxfull.7941866662_5se1.jpg,https://i.etsystatic.com/37058139/r/il/9d78b2/7941866656/il_fullxfull.7941866656_pz6v.jpg,https://i.etsystatic.com/37058139/r/il/4c3390/7941866708/il_fullxfull.7941866708_5itq.jpg,https://i.etsystatic.com/37058139/r/il/4804dd/7941866686/il_fullxfull.7941866686_ismi.jpg,https://i.etsystatic.com/37058139/r/il/4958a4/7989823601/il_fullxfull.7989823601_nm80.jpg,https://i.etsystatic.com/37058139/r/il/b85dbb/7941866700/il_fullxfull.7941866700_c5o0.jpg,,,,,,,1
"DIY Raised Planter Bed Plans PDF | Wooden Elevated Garden Box Blueprint | Rustic Barn Door Planter | Vegetable Garden Bed Woodworking","Build a Beautiful, Rustic Raised Planter Bed for Your Garden!

100% Satisfaction & Money-Back Guarantee!

We are so confident that you will love building this project that we offer a 100% money-back guarantee. If you are not completely satisfied with these plans for any reason, we will refund your purchase—no questions asked! Plus, if you need any help or have questions during the build, we are always here to provide full support and guidance via Etsy messages.

About This Build

Transform your backyard or patio into a stunning growing space with this heavy-duty, rustic raised planter bed! Featuring beautiful ""X"" barn-door style trims on all sides, this elevated garden box is perfect for growing your own organic vegetables, fresh herbs, or vibrant flower arrangements.

The elevated 38-inch height is a lifesaver for your back and knees, allowing you to garden comfortably without bending over. Additionally, the raised design helps keep weeds and yard pests away from your precious plants. It is a highly rewarding, large-scale woodworking project that results in a premium, professional-grade garden feature that will last for years.

Dimensions

Width: 96"" (8 ft)
Depth: 39""
Height: 38""

Stop buying expensive, flimsy garden beds. Download your detailed raised planter plan today and build a massive, durable garden box with your own hands!",5,USD,83,"Raised_Planter_Bed,Garden_Box_Plans,DIY_Planter_Box,Wooden_Garden_Bed,Elevated_Planter,Woodworking_Plans,Rustic_Planter_DIY,Barn_Door_Planter,Vegetable_Garden,Wood_Garden_Box,Outdoor_Planter_Plan,Patio_Garden_Bed,Garden_Wood_Project",,https://i.etsystatic.com/37058139/r/il/a952ba/7989809559/il_fullxfull.7989809559_q1s7.jpg,https://i.etsystatic.com/37058139/r/il/7bda0e/7941851848/il_fullxfull.7941851848_1km7.jpg,https://i.etsystatic.com/37058139/r/il/8ef425/7941851872/il_fullxfull.7941851872_l2d8.jpg,https://i.etsystatic.com/37058139/r/il/6787a3/7941851868/il_fullxfull.7941851868_9i5e.jpg,https://i.etsystatic.com/37058139/r/il/c75fdc/7941851870/il_fullxfull.7941851870_r0po.jpg,https://i.etsystatic.com/37058139/r/il/4f5bbb/7941851866/il_fullxfull.7941851866_mmbb.jpg,https://i.etsystatic.com/37058139/r/il/af641d/7941851888/il_fullxfull.7941851888_ki0n.jpg,https://i.etsystatic.com/37058139/r/il/d3c1ba/7989809593/il_fullxfull.7989809593_3893.jpg,https://i.etsystatic.com/37058139/r/il/e90ee4/7989809603/il_fullxfull.7989809603_lbj8.jpg,,,,,,,,1
"DIY Dog House with Porch Plans PDF | Large Wooden Pet Cabin Blueprint | Outdoor Dog Kennel Build | Covered Deck Pet Shelter","Build the Ultimate Dream Home for Your Furry Best Friend!

100% Satisfaction & Money-Back Guarantee!

We are so confident that you will love building this project that we offer a 100% money-back guarantee. If you are not completely satisfied with these plans for any reason, we will refund your purchase—no questions asked! Plus, if you need any help or have questions during the build, we are always here to provide full support and guidance via Etsy messages.

About This Build

Treat your loyal companion to the luxury they deserve! Featuring a spacious covered front porch and a cozy enclosed cabin with windows, this wooden dog house plan is the perfect blend of rustic charm and ultimate pet comfort.

The extended roof over the deck allows your dog to lounge outside in the fresh air while staying protected from rain or the hot sun. The elevated base design ensures the interior stays dry, warm, and draft-free all year round. It is a highly rewarding woodworking project that will look absolutely stunning in your backyard!

Dimensions

Width: 38-1/2""
Depth (Including Porch): 70-9/16""
Overall Height: 55-5/16""

Skip the flimsy plastic kennels and build a sturdy, beautiful home with your own hands. Download your detailed dog house plan today and get started on this fun weekend project!",10,USD,83,"Dog_House_Plans,Dog_Kennel_DIY,Dog_Cabin_Blueprint,Pet_Shelter_Build,Wooden_Dog_House,Dog_House_With_Porch,Large_Dog_House,Woodworking_Plans,Outdoor_Pet_Bed,DIY_Pet_Furniture,Yard_Dog_House,Dog_Shed_Plan,Custom_Dog_House",,https://i.etsystatic.com/37058139/r/il/1e5dd3/7989801329/il_fullxfull.7989801329_tgna.jpg,https://i.etsystatic.com/37058139/r/il/80ca3b/7941843654/il_fullxfull.7941843654_ttf6.jpg,https://i.etsystatic.com/37058139/r/il/e3157d/7941843678/il_fullxfull.7941843678_tuv8.jpg,https://i.etsystatic.com/37058139/r/il/cde4b4/7989801323/il_fullxfull.7989801323_ceso.jpg,https://i.etsystatic.com/37058139/r/il/37a2d1/7989801331/il_fullxfull.7989801331_6ysk.jpg,https://i.etsystatic.com/37058139/r/il/366e1e/7941843698/il_fullxfull.7941843698_n2uc.jpg,https://i.etsystatic.com/37058139/r/il/745079/7989801337/il_fullxfull.7989801337_ode3.jpg,https://i.etsystatic.com/37058139/r/il/1eac88/7941843708/il_fullxfull.7941843708_23q5.jpg,https://i.etsystatic.com/37058139/r/il/e93a6f/7941843716/il_fullxfull.7941843716_noda.jpg,,,,,,,,1
"DIY Tiered Display Stand Plan: Craft Fair & Wedding (PDF Download)","Unleash Your Crafting Potential: Build Your Own Wooden Tiered Display Stand!

Looking to showcase your products or party treats in a stylish and effective way? This comprehensive DIY Wooden Display Stand PDF plan provides all the detailed blueprints and patterns you need to construct your own sturdy, portable, and aesthetically pleasing multi-level stand – perfect for any occasion!

What You Get with Your Purchase:

This listing is for INSTANT DOWNLOAD DIGITAL PLANS ONLY. You will receive a comprehensive PDF plan containing all the blueprints, patterns, and detailed instructions you need to build this beautiful DIY wood cupcake display yourself. NO PHYSICAL PRODUCT WILL BE SHIPPED.

Why Choose Our DIY Plans?

Ready to dive into a rewarding woodworking project? Our digital plans make it easy to create a custom stands for cupcakes or a market step stand that perfectly fits your needs. Save money, gain a new skill, and enjoy the satisfaction of building a high-quality, portable display risers with your own hands!

Ideal For:

Craft Fairs & Markets (a perfect craft fair display solution)

Bakeries & Cafes

Home Kitchen & Dining (as a cupcake holder or dessert stand)

Boutique Stores (for small goods, jewelry, soaps – consider our soap display plans inspiration!)

Special Events & Parties

Important Notes:

This is a digital product. You will need access to a printer to print the plans.

Basic woodworking tools (saw, router for grooves, drill, sander) and wood material are required to build the physical stand.

Finished product appearance may vary based on wood choice, finish, and building accuracy.

These plans are for personal use.

Call to Action:

Start your next DIY project today! Purchase these plans and bring your vision for the ultimate wooden display shelf to life!",6,USD,97,"Cupcake_Stand_Wood,Cup_Cake_Holder,Ladder_Treat_Stand,Wood_Cupcake_Display,Cupcake_Stand,Cupcake_Holder,Ladder_Treat,Cupcake_Display,Diy_Wood","Digital Download,PDF File,Digital Instructions,Instant Download,Printable File",https://i.etsystatic.com/37058139/r/il/b1f5f3/7046549846/il_fullxfull.7046549846_4r8v.jpg,https://i.etsystatic.com/37058139/r/il/8b0df6/7046549850/il_fullxfull.7046549850_p5sm.jpg,https://i.etsystatic.com/37058139/r/il/5c118a/7046549854/il_fullxfull.7046549854_pq6h.jpg,https://i.etsystatic.com/37058139/r/il/4c9ad5/7046549858/il_fullxfull.7046549858_ouby.jpg,,,,,,,,,,,,,1
"DIY Built In Cabinets Plans | Large Mudroom Hall Tree Blueprint | Wall Unit Storage Cabinet PDF","Transform Your Entryway with Premium DIY Built-In Cabinets Plans!

Tired of entryway clutter? Upgrade your home with a stunning, high-end storage solution using our comprehensive built in cabinets plans. This massive, custom-style mudroom hall tree features a comfortable seating bench, spacious lower drawers and cubbies for shoes, an elegant beadboard coat-hanging area, and illuminated upper storage sections. It is the ultimate storage cabinet plans project to keep your family organized in style!

Whether you are looking for a complete wall unit to organize your mudroom or a highly detailed furniture blueprint to challenge your woodworking skills, these step-by-step instructions will help you craft a professional-quality, heavy-duty built-in closet.

📐 BUILT-IN CABINET DIMENSIONS:
Overall Width: 99 3/4 inches
Overall Depth: 23 1/4 inches (1' 11 1/4"")
Overall Height: 94 inches

🛠️ WHAT IS INCLUDED IN THIS DIGITAL DOWNLOAD?

Detailed Building Plans: Clear, step-by-step instructions with 3D illustrations for your diy built in cabinets.
Comprehensive Material List: Know exactly what plywood, trim, hardware, and lighting accessories to buy.
Precise Cut List: Minimize wood waste and save money with our accurate mudroom cabinet plans.
Assembly Tips: Professional advice on framing the base securely, building and installing the drawers, and attaching the massive unit safely to your wall studs.

💡 WHY CHOOSE OUR PLANS?

Hiring a contractor to build custom built in cabinets of this size can cost thousands of dollars. Building it yourself is an incredibly rewarding woodworking project that significantly increases the value and functionality of your home. You can easily paint or stain this beautiful solid structure to perfectly match your interior decor!

⚠️ PLEASE NOTE: This is a DIGITAL DOWNLOAD only. No physical items, hardware, cushions, lighting, or lumber will be shipped. You will receive high-quality PDF files instantly upon purchase.",10,USD,96,"built_in_cabinets,mudroom_plans,hall_tree_plans,storage_cabinet_diy,entryway_cabinet,wall_unit_plans,diy_built_in,closet_build_plan,furniture_blueprint,mudroom_bench_diy,wood_cabinet_plans,coat_rack_built_in,woodworking_plans","Digital Download,PDF File,Digital Instructions,Instant Download,Printable File",https://i.etsystatic.com/37058139/r/il/52a2e1/7852787737/il_fullxfull.7852787737_4o81.jpg,https://i.etsystatic.com/37058139/r/il/a4376e/7804846562/il_fullxfull.7804846562_ixq7.jpg,https://i.etsystatic.com/37058139/r/il/f7103f/7852787751/il_fullxfull.7852787751_c05h.jpg,https://i.etsystatic.com/37058139/r/il/6776c4/7852787739/il_fullxfull.7852787739_4il8.jpg,https://i.etsystatic.com/37058139/r/il/ed6494/7852787749/il_fullxfull.7852787749_nz92.jpg,https://i.etsystatic.com/37058139/r/il/30bd43/7804846560/il_fullxfull.7804846560_9vk2.jpg,https://i.etsystatic.com/37058139/r/il/561795/7852787759/il_fullxfull.7852787759_8tll.jpg,,,,,,,,,,1
"DIY Earring Holder | Easy DIY Jewelry Organizer for Earrings | Wood Earring Display with Holes | Earring Holder Stand","ThIs Is not a physIcal product. 

If you purchase It, you wIll not receIve a physIcal product.  

ThIs Is just a DIY plan!

Rescue your jewelry from tangled drawers and display it like a work of art! With this elegant Jewelry Tree Stand DIY plan, you can create a solution that is both highly functional and beautifully decorative for organizing your necklaces, earrings, and bracelets.

Inspired by nature, this tree design offers numerous branches, providing a massive storage capacity for all your favorite accessories, from long necklaces to hoop earrings. Create this stunning organizer with your own laser cutter or CNC machine. The finished piece is a chic decorative object for your bedroom or dressing room, and it also makes a fantastic display for craft fairs or market stalls to showcase handmade items.

▶️ PROJECT DETAILS & DIMENSIONS

The finished product made from this plan will have the following dimensions:

Total Height: 40 cm (15.75 inches)

Base Diameter: 15 cm (5.91 inches)

The plan is optimized for standard material thicknesses like 3mm, 4mm, or 1/8"", but can be easily scaled in your software to fit your specific material. It yields fantastic results with materials like wood, plywood, acrylic, or MDF.


▶️ TERMS OF USE

You are authorized to produce and sell physical products created from this file.

You are strictly prohibited from reselling, sharing, or distributing the digital file itself in any way.

Happy creating! If you have any questions, please don't hesitate to send a message.",10,USD,7,"Laser_Cut_Files,Jewelry_Display,Jewelry_Organizer,Necklace_Holder,Earring_Holder,Earring_Display,Earring_Organizer,Necklace_Display,DIY_Organizer,Earring_Stand,Wood_Jewelry_Rack,DIY_Jewelry_Stand,DIY_Earring_Stand","Digital Download,PDF File,Digital Instructions,Instant Download,Printable File",https://i.etsystatic.com/37058139/r/il/3fd8f4/7167454946/il_fullxfull.7167454946_ikw9.jpg,https://i.etsystatic.com/37058139/r/il/61be46/7613310541/il_fullxfull.7613310541_rgtz.jpg,https://i.etsystatic.com/37058139/r/il/ca53f1/7167454938/il_fullxfull.7167454938_iy4w.jpg,https://i.etsystatic.com/37058139/r/il/b164b9/7215442415/il_fullxfull.7215442415_1aat.jpg,https://i.etsystatic.com/37058139/r/il/2fd308/7215442409/il_fullxfull.7215442409_bz0e.jpg,https://i.etsystatic.com/37058139/r/il/4dac6a/7215442411/il_fullxfull.7215442411_cvv6.jpg,https://i.etsystatic.com/37058139/r/il/4688d8/7167454944/il_fullxfull.7167454944_ng5o.jpg,https://i.etsystatic.com/37058139/r/il/6aad18/7112557918/il_fullxfull.7112557918_l9jq.jpg,https://i.etsystatic.com/37058139/r/il/55af1d/7160528159/il_fullxfull.7160528159_lbo4.jpg,,,,,,,,1
"DIY Small Firewood Shed Plans PDF | Outdoor Log Storage Blueprint | Lean-To Wood Storage Shed | Garden Firewood Rack Woodworking Plan","Keep Your Firewood Dry and Perfectly Seasoned with This Heavy-Duty DIY Shed!

100% Satisfaction & Money-Back Guarantee!

We are so confident that you will love building this project that we offer a 100% money-back guarantee. If you are not completely satisfied with these plans for any reason, we will refund your purchase—no questions asked!
Ongoing Support via Etsy Messages

Building a structure can be a big task, and we are here to support you every step of the way. If you have any questions, need technical advice, or require help during your build, simply send us a message through Etsy. We provide full, ongoing support to ensure your firewood shed is a total success.

About This Build

Protect your investment and ensure your logs are ready for the fireplace with this professional DIY Firewood Storage Shed. This design is engineered for maximum performance, featuring slatted side and back walls to allow for optimal airflow—essential for seasoning wood and preventing rot.

The sturdy lean-to sloped roof ensures rain and snow slide right off, while the elevated floor keeps your logs off the damp ground. With its clean, rustic aesthetic, this shed is a beautiful addition to any backyard, cabin, or side-yard space. It is a highly rewarding woodworking project that yields a durable, high-capacity structure that will last for years.

Dimensions
Width: 90-1/2"" (230 cm)
Depth: 56-1/2"" (144.1 cm)
Overall Height: 94-1/8"" (239 cm)

Stop letting your firewood get soaked on a tarp. Download your firewood shed plans today and build a professional-grade log store that keeps your wood dry all winter long!",10,USD,83,"Firewood_Shed_Plans,Log_Storage_DIY,Outdoor_Wood_Shed,Firewood_Rack_Plans,Lean_To_Shed_Build,Garden_Storage_DIY,Woodworking_Plans,Firewood_Seasoning,Log_Store_Blueprint,Large_Wood_Shed,Yard_Storage,DIY_Shed_Plans,Fireplace_Wood",,https://i.etsystatic.com/37058139/r/il/805efc/7941922262/il_fullxfull.7941922262_c7qq.jpg,https://i.etsystatic.com/37058139/r/il/119774/7941922258/il_fullxfull.7941922258_ra2c.jpg,https://i.etsystatic.com/37058139/r/il/097577/7941922278/il_fullxfull.7941922278_bnkg.jpg,https://i.etsystatic.com/37058139/r/il/f59046/7941922274/il_fullxfull.7941922274_h4lg.jpg,https://i.etsystatic.com/37058139/r/il/cba3b1/7989878821/il_fullxfull.7989878821_reov.jpg,https://i.etsystatic.com/37058139/r/il/fb84d0/7989878825/il_fullxfull.7989878825_s26o.jpg,https://i.etsystatic.com/37058139/r/il/c0935e/7989878883/il_fullxfull.7989878883_9okv.jpg,https://i.etsystatic.com/37058139/r/il/ead7ab/7941922330/il_fullxfull.7941922330_7lrd.jpg,https://i.etsystatic.com/37058139/r/il/9df7dc/7989878885/il_fullxfull.7989878885_16fx.jpg,,,,,,,,1
"DIY 27 Gallon Tote Storage Rack Plans PDF | Heavy Duty Garage Organizer for 10 Bins | Tote Storage Rack Blueprint | Woodworking Project","Take Control of Your Garage Chaos with the Ultimate 10-Tote Storage Rack!

100% Satisfaction & Money-Back Guarantee!

We are so confident that you will love building this project that we offer a 100% money-back guarantee. If you are not completely satisfied with these plans for any reason, we will refund your purchase—no questions asked! Plus, if you need any help or have questions during the build, we are always here to provide full support and guidance via Etsy messages.

About This Build

Stop stacking your bins on top of each other and struggling to reach the one at the bottom! This heavy-duty DIY Tote Storage Rack is the perfect weekend project to finally organize your garage, basement, or shed.

Specifically designed to hold ten 27-gallon totes (the most popular size found at Home Depot, Lowe's, and Costco), this rack utilizes a clever sliding rail system. The bins hang securely by their rims, allowing you to slide any individual tote out instantly without moving the others. It’s a massive space-saver that turns a cluttered wall into a professional storage station.

Dimensions
Width: 114""
Depth: 30""
Overall Height: 47-1/2""

(Designed to perfectly fit standard 27-gallon black and yellow storage totes)

Perfect For

Garage Storage Plans for home organization

Heavy Duty Organizer for seasonal decorations or tools

Workshop Storage to keep supplies off the floor

Anyone looking for an easy-to-build Bin Storage DIY solution

Stop the stacking struggle! Download your detailed tote storage rack plans today and build a durable, professional organizer that will transform your storage space forever!",5,USD,83,"Tote_Storage_Rack,27_Gallon_Tote_Rack,Garage_Storage_Plans,Heavy_Duty_Organizer,Bin_Storage_DIY,Tote_Organizer_PDF,Storage_Bin_Rack,Workshop_Storage,Plywood_Storage_Rack,10_Tote_Rack,Home_Organization,Woodworking_Plans,Garage_Shelving",,https://i.etsystatic.com/37058139/r/il/fa5ca1/7941887828/il_fullxfull.7941887828_klhs.jpg,https://i.etsystatic.com/37058139/r/il/4527d7/7941887850/il_fullxfull.7941887850_trni.jpg,https://i.etsystatic.com/37058139/r/il/46eda8/7989844375/il_fullxfull.7989844375_5ufj.jpg,https://i.etsystatic.com/37058139/r/il/f900b6/7989844379/il_fullxfull.7989844379_ppsx.jpg,https://i.etsystatic.com/37058139/r/il/e9dad8/7989844391/il_fullxfull.7989844391_ii78.jpg,https://i.etsystatic.com/37058139/r/il/b20218/7989844373/il_fullxfull.7989844373_dhjf.jpg,https://i.etsystatic.com/37058139/r/il/bca245/7989844431/il_fullxfull.7989844431_5aa5.jpg,https://i.etsystatic.com/37058139/r/il/671df3/7941887870/il_fullxfull.7941887870_ad1l.jpg,https://i.etsystatic.com/37058139/r/il/f9add3/7941887876/il_fullxfull.7941887876_lged.jpg,,,,,,,,1
"DIY Tree Bookshelf Plans PDF | Artistic Branch Wall Library Blueprint | Unique Floating Bookcase | Nature Inspired Woodworking Plan","Transform Your Space into an Enchanted Library with This DIY Tree Bookshelf!

100% Satisfaction & Money-Back Guarantee!

We are so confident that you will love building this artistic project that we offer a 100% money-back guarantee. If you are not completely satisfied with these plans for any reason, we will refund your purchase—no questions asked!
Ongoing Support via Etsy Messages

We are here to help you grow your project! If you have any questions, need technical advice, or require guidance during the build, simply send us a message through Etsy. We provide full, ongoing support to ensure your tree bookshelf turns out perfectly.

About This Build

Bring the beauty of nature indoors with this stunning DIY Tree-Shaped Bookshelf. This is more than just a piece of furniture; it is a functional work of art. Designed with a central ""trunk"" and elegant, multi-level ""branches,"" it provides a unique way to display your favorite books, plants, and decorative items.

The modern, geometric design fits beautifully in living rooms, home offices, or as a magical addition to a child's nursery. The plan is engineered for stability, showing you exactly how to secure the branches to the wall for a floating, seamless look. It is a highly rewarding woodworking project that will become the main focal point of any room.

Dimensions

Width: 94""
Height: 75""

(The design can be slightly adjusted or mirrored to fit your specific wall space during the build)

Stop settled for boring, rectangular shelves. Download your tree bookshelf plans today and build a spectacular, nature-inspired library that will last a lifetime!",10,USD,83,"Tree_Bookshelf,Floating_Library,Branch_Wall_Shelf,Unique_Bookcase,Woodworking_Plans,Nursery_Decor,Modern_Bookshelf,DIY_Tree_Shelf,Home_Office_Decor,Nature_Inspired,Wall_Art_Furniture,Floating_Wood_Shelf,DIY_Home_Library",,https://i.etsystatic.com/37058139/r/il/2123b2/7941915354/il_fullxfull.7941915354_8wob.jpg,https://i.etsystatic.com/37058139/r/il/08b59c/7989871969/il_fullxfull.7989871969_cqx8.jpg,https://i.etsystatic.com/37058139/r/il/eb8bc9/7941915352/il_fullxfull.7941915352_pagn.jpg,https://i.etsystatic.com/37058139/r/il/26ff85/7941915356/il_fullxfull.7941915356_otgf.jpg,https://i.etsystatic.com/37058139/r/il/33267e/7989871983/il_fullxfull.7989871983_hzqe.jpg,https://i.etsystatic.com/37058139/r/il/5fa8c8/7989871985/il_fullxfull.7989871985_owd3.jpg,https://i.etsystatic.com/37058139/r/il/54e2e4/7989872003/il_fullxfull.7989872003_vjai.jpg,https://i.etsystatic.com/37058139/r/il/c646c5/7941915380/il_fullxfull.7941915380_70qb.jpg,https://i.etsystatic.com/37058139/r/il/d72d92/7989871995/il_fullxfull.7989871995_r6yi.jpg,https://i.etsystatic.com/37058139/r/il/669f1d/7941915366/il_fullxfull.7941915366_cbqa.jpg,,,,,,,1
"DIY 27 Gallon Tote Storage Rack Plans PDF | Mega Garage Organizer for 30 Totes | Extra Large Bin Storage Blueprint","The Ultimate Storage Solution: Build a Mega 30-Tote Organization System!

100% Satisfaction & Money-Back Guarantee!

We are so confident that you will love building this project that we offer a 100% money-back guarantee. If you are not completely satisfied with these plans for any reason, we will refund your purchase—no questions asked!

Ongoing Support via Etsy Messages

We are committed to your success! If you have any questions, need technical advice, or require help during your build process, simply send us a message through Etsy. We provide full, ongoing support to ensure your mega-storage project is a total success.

About This Build

If you have a massive amount of gear and a serious lack of space, this is the solution you’ve been looking for. This DIY Mega Tote Storage Rack is engineered to hold thirty (30) 27-gallon totes in a highly efficient 6-column by 5-row configuration.

Using a professional-grade sliding rail system, each bin hangs securely by its rim. This means you can slide out a bottom bin just as easily as a top one—no more unstacking heavy ""tote towers"" to find what you need. This heavy-duty wooden frame is perfect for large garages, warehouses, or basements where maximum vertical and horizontal storage is required.

Dimensions

Width: 136-1/2"" (approx. 11.4 feet)
Height: 106-3/4"" (approx. 8.9 feet)
Depth: 30-5/16""

Note: Optimized for standard 27-gallon totes (the popular black and yellow bins found at Costco, Home Depot, and Lowe's).

Transform your cluttered space into an organized masterpiece. Download your 30-tote storage rack plans now and take control of your storage!",5,USD,83,"Tote_Storage_Rack,27_Gallon_Bin_Rack,Mega_Garage_Storage,Heavy_Duty_Organizer,Bin_Storage_DIY,30_Tote_Storage,Extra_Large_Rack,Storage_Rack_PDF,Woodworking_Plans,Warehouse_Storage,Garage_DIY_Project,Custom_Storage_Wall",,https://i.etsystatic.com/37058139/r/il/e3f186/7941901848/il_fullxfull.7941901848_3i0q.jpg,https://i.etsystatic.com/37058139/r/il/981819/7941901856/il_fullxfull.7941901856_8yyb.jpg,https://i.etsystatic.com/37058139/r/il/642892/7989858681/il_fullxfull.7989858681_jkun.jpg,https://i.etsystatic.com/37058139/r/il/7934a2/7941901836/il_fullxfull.7941901836_fqni.jpg,https://i.etsystatic.com/37058139/r/il/ab7fa1/7941901842/il_fullxfull.7941901842_n3ou.jpg,https://i.etsystatic.com/37058139/r/il/c5883d/7941901844/il_fullxfull.7941901844_bxdi.jpg,https://i.etsystatic.com/37058139/r/il/9b6a92/7989858685/il_fullxfull.7989858685_l86y.jpg,https://i.etsystatic.com/37058139/r/il/83dfc4/7989858687/il_fullxfull.7989858687_hkry.jpg,,,,,,,,,1
"DIY 27 Gallon Tote Storage Rack Plans PDF | Heavy Duty Garage Organizer for 20 Totes | Large Bin Storage Blueprint | Workshop Shelving DIY","Maximize Your Storage Potential with the Ultimate 20-Tote Storage Rack!

100% Satisfaction & Money-Back Guarantee!

We are so confident that you will love building this project that we offer a 100% money-back guarantee. If you are not completely satisfied with these plans for any reason, we will refund your purchase—no questions asked!

Ongoing Support via Etsy Messages

We are here for you! If you have any questions, need technical advice, or require help during your build process, simply send us a message through Etsy. We provide full, ongoing support to ensure your project is a total success.

About This Build

Stop wasting time searching through stacks of bins! This massive DIY Tote Storage Rack is the ultimate solution for organizing your garage, basement, or large warehouse space. Specifically engineered to hold twenty (20) 27-gallon totes, this rack uses a clever sliding rail system that allows you to access any individual bin without having to move the others.

Whether you are storing seasonal decorations, heavy tools, or household essentials, this heavy-duty wooden frame is designed for maximum durability and space efficiency. It is a rewarding woodworking project that turns a cluttered wall into a professional-grade organization station.

Dimensions

Width: 91-1/2""
Depth: 30""
Overall Height: 106-3/4""
(Optimized for standard 27-gallon totes found at major retailers like Home Depot, Lowe's, and Costco)

Say goodbye to ""tote towers"" and hello to a perfectly organized space. Download your detailed tote storage rack plans today and start building!",5,USD,83,"Tote_Storage_Rack,27_Gallon_Bin_Rack,Garage_Storage_Plans,Heavy_Duty_Organizer,Bin_Storage_DIY,20_Tote_Storage,Workshop_Shelving,Storage_Rack_PDF,Woodworking_Plans,Home_Organization,Garage_DIY_Project,Large_Capacity_Rack,Black_and_Yellow",,https://i.etsystatic.com/37058139/r/il/cb9cae/7941895092/il_fullxfull.7941895092_59l7.jpg,https://i.etsystatic.com/37058139/r/il/d18611/7989852221/il_fullxfull.7989852221_htf3.jpg,https://i.etsystatic.com/37058139/r/il/dc8d65/7989852217/il_fullxfull.7989852217_hyhx.jpg,https://i.etsystatic.com/37058139/r/il/31ed1a/7941895090/il_fullxfull.7941895090_nrp8.jpg,https://i.etsystatic.com/37058139/r/il/95871c/7941895094/il_fullxfull.7941895094_5csl.jpg,https://i.etsystatic.com/37058139/r/il/d1f114/7989852231/il_fullxfull.7989852231_oxgw.jpg,https://i.etsystatic.com/37058139/r/il/0e28c3/7989852225/il_fullxfull.7989852225_dbz9.jpg,https://i.etsystatic.com/37058139/r/il/c001cc/7989852233/il_fullxfull.7989852233_ogzu.jpg,https://i.etsystatic.com/37058139/r/il/8eafd7/7941895100/il_fullxfull.7941895100_pi8c.jpg,,,,,,,,1
"King Size Floating Bed Frame Plans | DIY Rustic Wood Design (PDF)","Create a Unique and Stylish Sanctuary with Our DIY Bed Frame Plans

Transform your bedroom into a comfortable and stylish retreat with our easy-to-follow woodworking plans. This DIY bed frame project is perfect for woodworkers of all skill levels, allowing you to build a sturdy and beautiful piece of bedroom furniture that will last for years.

Why Build Your Own Bed Frame?
Building your own bed frame isn't just a creative endeavor—it’s a way to get the exact style and size you want. Whether you're looking for a low profile design, a floating king size bed, or a rustic wood plank aesthetic, our plans offer the flexibility you need. Our solid wood bed design provides a stable foundation for a great night's sleep, elevating your sleep experience and adding a personal, handmade touch to your space. Give yourself the restful sleep you deserve in a bed built with your own hands.

What You'll Get:
This downloadable PDF furniture plans package includes everything you need to build the custom bed frame shown in the images. The detailed woodworking plans feature:

Step-by-step instructions with clear diagrams.

A complete cutting list with all dimensions in millimeter measurements (or inches, please specify if you want both).

A list of required tools and materials.

This handmade wooden bed is more than just a place to sleep; it’s a testament to your craftsmanship and creativity. Download the plans today and start building the perfect centerpiece for your bedroom.

Please note: This listing is for a digital PDF plan, not the physical bed frame.",20,USD,97,"woodworking_plans,Custom_Bed,Handmade_Wooden_Bed,PDF_Furniture,Bedroom_Furniture,DIY_Woodworking,Wooden_Bed_Frame,Solid_Wood_Bed,Rustic_Bed","Digital Download,PDF File,Digital Instructions,Instant Download,Printable File",https://i.etsystatic.com/37058139/r/il/8546f3/7162088216/il_fullxfull.7162088216_201y.jpg,https://i.etsystatic.com/37058139/r/il/8c96f1/7162088226/il_fullxfull.7162088226_774m.jpg,https://i.etsystatic.com/37058139/r/il/cc88aa/7162088220/il_fullxfull.7162088220_fz3e.jpg,https://i.etsystatic.com/37058139/r/il/581c50/7210077547/il_fullxfull.7210077547_3mh0.jpg,https://i.etsystatic.com/37058139/r/il/bbce43/7210077553/il_fullxfull.7210077553_rimm.jpg,https://i.etsystatic.com/37058139/r/il/9d230b/7162088218/il_fullxfull.7162088218_bk09.jpg,https://i.etsystatic.com/37058139/r/il/9f6df5/7162088248/il_fullxfull.7162088248_1ywf.jpg,https://i.etsystatic.com/37058139/r/il/33cb3f/7162088246/il_fullxfull.7162088246_h6ow.jpg,,,,,,,,,1
"DIY Triangle Wedding Arch Plans PDF | Set of 3 Wooden Arbor Backdrop | Collapsible Ceremony Trellis | Rustic Outdoor Wedding Woodworking","Create a Breathtaking Backdrop: The 3-Piece Triangle Wedding Arch Blueprint

Elevate your outdoor wedding, vow renewal, or event photography with a stunning architectural centerpiece. This digital woodworking blueprint provides the precise instructions to build a modern, nested set of three triangular wooden arches. Highly sought after on Pinterest and by wedding planners, this geometric backdrop perfectly frames the couple and provides a magnificent structure for floral arrangements and drapery.

Whether you are a DIY couple looking to save on expensive rental fees, or an event decor business wanting to add a highly profitable, reusable asset to your inventory, these simple arch wedding plans are designed for success.

Engineered for Event Professionals and DIYers:

Dynamic 3-Piece Set: The overlapping, multi-height design creates incredible depth and visual interest. Use all three together for a grand statement, or separate them for different photo zones across your venue.

Collapsible & Detachable: We understand the logistics of outdoor weddings. This wooden wedding backdrop is designed to be fully collapsible. The frame breaks down into manageable sections, making it easy to transport in a standard SUV or van and reassemble quickly on-site.

Stable & Secure: Engineered with wide, reinforced base plates to ensure your wedding trellis stands tall and secure, even in outdoor, breezy conditions.

Versatile Aesthetic: The minimalist triangular design easily adapts to any wedding theme—from rustic woodland and boho-chic to modern industrial. Leave the wood natural, stain it, or paint it to match the event's color palette.

Targeted Wedding Niches: This specific design is exactly what couples and vendors are searching for to build their:

Boho & Rustic Outdoor Wedding Arches
Pinterest-Inspired Wooden Wedding Backdrops
Detachable Wedding Trellis & Arbors
Professional Event Rental Props

Fully Assembled Dimensions (Set of 3):
Large Arch: 117-5/16"" Height x 108"" Width
Medium Arch: 105-1/16"" Height x 97"" Width
Small Arch: 93-11/16"" Height x 86"" Width

Inside Your Digital PDF Download: Your instant download provides a professional, frustration-free woodworking guide:

Universal Measurement Standards: All structural details are provided in both Imperial (inches) and Metric (mm).
Precise Material & Cut Lists: Take the exact shopping list to the hardware store and follow our cutting guide to eliminate costly wood waste.

Step-by-Step 3D Assembly: Crystal-clear visual instructions that walk you through finding the perfect angles, cutting the joints, and securely assembling all three frames.

(Please Note: This listing is for a digital PDF woodworking instruction book only. No physical arch, floral arrangements, or lumber will be shipped.)

Build a ceremony backdrop they will never forget. Download your plans today and start crafting your perfect wedding arbor!",5,USD,97,"triangle_arch_plans,wooden_wedding_arch,wedding_arbor_design,collapsible_arch_diy,diy_wedding_backdrop,simple_arch_plans,rustic_wedding_arbor,3_piece_arch_build,woodworking_plans,wedding_trellis_pdf,event_prop_build,pinterest_arch_diy,wedding_decor",,https://i.etsystatic.com/37058139/r/il/03fcef/7961102375/il_fullxfull.7961102375_aml9.jpg,https://i.etsystatic.com/37058139/r/il/ff0731/7913146084/il_fullxfull.7913146084_gl0k.jpg,https://i.etsystatic.com/37058139/r/il/5fd4fa/7961102515/il_fullxfull.7961102515_5pbo.jpg,https://i.etsystatic.com/37058139/r/il/3e85ad/7961102469/il_fullxfull.7961102469_8k53.jpg,https://i.etsystatic.com/37058139/r/il/39fb5a/7913146774/il_fullxfull.7913146774_ms8v.jpg,https://i.etsystatic.com/37058139/r/il/a5c491/7961102441/il_fullxfull.7961102441_9ok0.jpg,https://i.etsystatic.com/37058139/r/il/0c426c/7913146162/il_fullxfull.7913146162_jqok.jpg,https://i.etsystatic.com/37058139/r/il/a3f091/7961101937/il_fullxfull.7961101937_f279.jpg,https://i.etsystatic.com/37058139/r/il/b703ca/7961102275/il_fullxfull.7961102275_h3ze.jpg,,,,,,,,1
"DIY Open Wardrobe Plans PDF | Wooden Clothes Rack with Shelves | Bedroom Clothing Rack and Organizer | Closet Storage System","Build Your Dream Closet with This Elegant DIY Open Wardrobe System!

100% Satisfaction & Money-Back Guarantee!

We are so confident that you will love building this project that we offer a 100% money-back guarantee. If you are not completely satisfied with these plans for any reason, we will refund your purchase—no questions asked! Plus, if you need any help or have questions during the build, we are always here to provide full support and guidance via Etsy messages.

About This Build

Transform your bedroom or dressing area with this stunning, boutique-style open wardrobe! If you are looking for beautiful clothes storage furniture, this large wooden closet system offers the perfect blend of modern minimalism and maximum functionality.

Featuring a long continuous top shelf, heavy-duty metal hanging rods, and two symmetrical base cabinets with drawers, it provides ample space for all your garments, shoes, and accessories. This bedroom clothing rack and organizer serves as a gorgeous statement piece, replacing bulky traditional closets with an elegant wood rack to hang clothes and display your wardrobe beautifully.

Dimensions

Width: 113""

Depth: 29"" (At the drawer bases)

Overall Height: 99""

Take pride in building your own custom clothes hanging storage units. Download your detailed open wardrobe plan today and start organizing your bedroom in style!",10,USD,83,"Clothes_Rack_Shelves,Wardrobe_Shelves,Clothes_Storage_Wood,Hanging_Storage_Unit,Wood_Rack_Clothes,Open_Wardrobe_Plan,Closet_Organizer_DIY,Woodworking_Plans,Vertical_Storage_DIY,Garment_Rack_Build,Custom_Closet_Plan,Furniture_Wood_Plans,Bedroom_Clothing",,https://i.etsystatic.com/37058139/r/il/88d311/7989676415/il_fullxfull.7989676415_sqx4.jpg,https://i.etsystatic.com/37058139/r/il/a6ee59/7989676403/il_fullxfull.7989676403_6q57.jpg,https://i.etsystatic.com/37058139/r/il/1d2ec5/7989676419/il_fullxfull.7989676419_tehd.jpg,https://i.etsystatic.com/37058139/r/il/ee9866/7989676413/il_fullxfull.7989676413_5qu8.jpg,https://i.etsystatic.com/37058139/r/il/d9f203/7941717478/il_fullxfull.7941717478_pfll.jpg,https://i.etsystatic.com/37058139/r/il/f8be4f/7989676407/il_fullxfull.7989676407_bnnv.jpg,https://i.etsystatic.com/37058139/r/il/f3e412/7989676431/il_fullxfull.7989676431_8461.jpg,https://i.etsystatic.com/37058139/r/il/b158c0/7989676439/il_fullxfull.7989676439_2s63.jpg,,,,,,,,,1
"DIY Corner Bookshelf Plans PDF | Artistic Triangle Wall Shelf | Space-Saving Wood Corner Unit | Hanging Corner Bookcase & Decor","Transform That Empty Corner with Our DIY Corner Shelf Plans!

Don't let valuable space go to waste. Our instant-download PDF DIY Corner Bookshelf Plans are your key to transforming an awkward corner into a stunning focal point. This unique artistic triangle bookshelf design isn't just for storage; it's a statement piece that adds style and character to any room.

Why Choose Our Plans?

Smart, Space-Saving Design: This clever wood corner shelf is perfect for apartments, small homes, or any room where space is at a premium. It maximizes vertical space, providing a beautiful home for your books, photos, and decor.

Perfect for All Skill Levels: Whether you're a seasoned woodworker or looking for your first woodworking project, our plans are designed to be simple and stress-free. With clear, step-by-step instructions and detailed drawings, you'll be able to build this beautiful corner unit with confidence.

Endless Possibilities: Customize your shelf to match your style. Use it as a classic hanging corner bookshelf in a living room, a functional office corner cabinet, or a stylish display unit for your collection. The final look is up to you!

Instant Access: Skip the wait time. After purchase, you'll receive a high-quality PDF file instantly, so you can start building today!

This project is more than just building a shelf; it's about creating something unique and useful with your own hands. Add a touch of elegance and organization to your space with these comprehensive corner wall book shelf plans.",10,USD,50,"bookcase_plans,wooden_bookcase,diy_shelf,wall_bookshelves,books_cabinet,small_bookcase_plans,easy_bookshelf,corner_bookshelf,corner_shelf,diy_plans,bookshelf,woodworking_plans,corner_cabinet","Digital Download,PDF File,Digital Instructions,Instant Download,Printable File",https://i.etsystatic.com/37058139/r/il/88492a/7201795807/il_fullxfull.7201795807_qysp.jpg,https://i.etsystatic.com/37058139/r/il/ca3214/7201795809/il_fullxfull.7201795809_q3k6.jpg,https://i.etsystatic.com/37058139/r/il/97a006/7153803250/il_fullxfull.7153803250_7gnx.jpg,https://i.etsystatic.com/37058139/r/il/01c9d2/7201795805/il_fullxfull.7201795805_31iy.jpg,https://i.etsystatic.com/37058139/r/il/9597f5/7201795815/il_fullxfull.7201795815_byyt.jpg,https://i.etsystatic.com/37058139/r/il/a243d3/7201795811/il_fullxfull.7201795811_xvai.jpg,https://i.etsystatic.com/37058139/r/il/5ea260/7201795843/il_fullxfull.7201795843_jihr.jpg,https://i.etsystatic.com/37058139/r/il/1225b3/7201795841/il_fullxfull.7201795841_i8a0.jpg,https://i.etsystatic.com/37058139/r/il/c0e2ec/7201795849/il_fullxfull.7201795849_63qz.jpg,,,,,,,,1
"DIY Laundry Basket Tower Plans PDF | Wooden Laundry Hamper Organizer | Clothes Basket Holder DIY | Laundry Shelf Plans","Transform Your Laundry Space with This Elegant DIY Laundry Basket Tower!

100% Satisfaction & Money-Back Guarantee!

We are so confident that you will love building this project that we offer a 100% money-back guarantee. If you are not completely satisfied with these plans for any reason, we will refund your purchase—no questions asked! Plus, if you need any help or have questions during the build, we are always here to provide full support and guidance via Etsy messages.

About This Build Say goodbye to cluttered, messy laundry rooms and hello to stylish organization! This beautiful wooden laundry basket tower features a modern slatted hamper design at the bottom to neatly hide your dirty laundry, topped with spacious open shelving.

It is the perfect laundry basket organizer for storing towels, detergents, and other laundry room essentials. This design effortlessly combines a functional clothes basket holder with beautiful, rustic storage. These DIY laundry plans will guide you in building a sturdy, high-quality furniture piece that instantly upgrades your home's aesthetic.

Dimensions (Tall Tower)

Width: 36""
Depth: 36""
Height: 80""

Stop dealing with flimsy plastic hampers and build a custom, durable laundry room DIY station that will last for years. Download your plans for laundry basket shelves today and get started on your next weekend woodworking project!",5,USD,83,"Laundry_Basket_Tower,Diy_Laundry_Plans,Laundry_Shelf_Plans,Laundry_Room_Diy,Organizer_Plans,Laundry_Stand_Plans,Woodworking_Plans,Wood_Hamper_Build,Hamper_Plans,Laundry_Basket,Laundry_Organizer,Clothes_Holder,Laundry",,https://i.etsystatic.com/37058139/r/il/1ca3fa/7941684774/il_fullxfull.7941684774_5v2v.jpg,https://i.etsystatic.com/37058139/r/il/7f889c/7989644377/il_fullxfull.7989644377_kvch.jpg,https://i.etsystatic.com/37058139/r/il/cd0898/7989644381/il_fullxfull.7989644381_d4n8.jpg,https://i.etsystatic.com/37058139/r/il/d3d6db/7989644383/il_fullxfull.7989644383_8p0d.jpg,https://i.etsystatic.com/37058139/r/il/420375/7989644387/il_fullxfull.7989644387_7sf0.jpg,https://i.etsystatic.com/37058139/r/il/9d1290/7941684770/il_fullxfull.7941684770_9fjv.jpg,https://i.etsystatic.com/37058139/r/il/0f10b0/7941684804/il_fullxfull.7941684804_oh5c.jpg,https://i.etsystatic.com/37058139/r/il/b0f5fb/7941684810/il_fullxfull.7941684810_ezsb.jpg,https://i.etsystatic.com/37058139/r/il/34b819/7989644417/il_fullxfull.7989644417_ka4z.jpg,,,,,,,,1
"DIY Living Room Sideboard with Frosted Glass Plans PDF | Wood Buffet & Storage Cabinet Build | Woodworking Plan for Beginners","100% Satisfaction & Money-Back Guarantee!

We are so confident that you will love building this project that we offer a 100% money-back guarantee. If you are not completely satisfied with these plans for any reason, we will refund your purchase—no questions asked! Plus, if you need any help or have questions during the build, we are always here to provide full support and guidance via Etsy messages.

About This Build

Add a modern touch and fantastic storage to your home! This elegant wooden sideboard with frosted glass doors is the perfect addition to your living room, dining room, or hallway. The spacious interior shelves keep your items perfectly organized, while the frosted glass gently conceals them, offering a clean and sophisticated look. Whether you use it as a dining room buffet, a media credenza, or a stylish storage cabinet, this piece will easily elevate your space.

Dimensions

Width: 51""
Depth: 27""
Height: 36-3/8""

Take pride in building your own beautiful furniture. Download your detailed sideboard plan today and start bringing your new favorite cabinet to life!",10,USD,83,"Sideboard_Cabinet,Woodworking_Plans,Sideboard_Plans,Dresser_Plans,Shaker_Sideboard,Buffet_Table_Plans,Large_Cabinet_Plans,Diy_Buffet_Plans,Buffet_Build_Plans,Storage_Plans,Credenza_Plans,Cabinet_Plans",,https://i.etsystatic.com/37058139/r/il/3c9f39/7989622017/il_fullxfull.7989622017_aim8.jpg,https://i.etsystatic.com/37058139/r/il/75f456/7989622031/il_fullxfull.7989622031_17rx.jpg,https://i.etsystatic.com/37058139/r/il/e9bad2/7989622023/il_fullxfull.7989622023_r0wy.jpg,https://i.etsystatic.com/37058139/r/il/eae596/7989622035/il_fullxfull.7989622035_31wc.jpg,https://i.etsystatic.com/37058139/r/il/5255fe/7989622029/il_fullxfull.7989622029_26pw.jpg,https://i.etsystatic.com/37058139/r/il/b84141/7989622025/il_fullxfull.7989622025_rmvr.jpg,https://i.etsystatic.com/37058139/r/il/679031/7941662366/il_fullxfull.7941662366_ifox.jpg,https://i.etsystatic.com/37058139/r/il/7a1e2a/7989622043/il_fullxfull.7989622043_4c4h.jpg,https://i.etsystatic.com/37058139/r/il/50e106/7941662374/il_fullxfull.7941662374_aurm.jpg,,,,,,,,1
"DIY Tiered Planter Stand Woodworking Plans (PDF)","DIY Large Planter & Raised Garden Bed with Trellis Woodworking Plans

Tired of expensive, flimsy store-bought garden furniture? Dreaming of a lush, organized outdoor space that makes gardening comfortable and stylish?

Our Ultimate Tiered Planter Plans transform your patio, deck, or balcony into a stunning focal point. These plans don't just show you how to build a box—they give you the blueprint for a commanding, multi-functional Patio Decor centerpiece that combines massive planting volume with vertical climbing support. Build a lasting piece of furniture that reflects your dedication to quality and your passion for green living.

Robust & Massive DIY Planter Stand

With these detailed, easy-to-follow Woodworking Plans, you will construct a magnificent Large Planter unit designed for serious gardening and display. Perfect for creating a dedicated Herb Garden, a tiered Flower Box display, or a sturdy Raised Garden Bed.

Your Complete DIY Success Kit

Purchase includes a high-quality PDF containing everything you need to confidently complete this project:

Step-by-step, simplified instructions.

Detailed 3D drawings and diagrams.

Comprehensive Material and Cutting List.

Suitable for standard lumber sizes.

Start your rewarding building project today and create the stunning outdoor space you’ve always wanted!",8,USD,95,"DIY_Planter,Large_Planter,Raised_Garden_Bed,Woodworking_Plans,Patio_Decor,Flower_Box,Herb_Garden,Trellis_Planter,Deck_Storage,Garden_Shelf,Planter_Stand,Planter_Plans,Outdoor_Furniture","Digital Download,PDF File,Digital Instructions,Instant Download,Printable File",https://i.etsystatic.com/37058139/r/il/e5ddb1/7279777322/il_fullxfull.7279777322_abj6.jpg,https://i.etsystatic.com/37058139/r/il/bc1b9f/7327723255/il_fullxfull.7327723255_bl8b.jpg,https://i.etsystatic.com/37058139/r/il/6e54fb/7279777316/il_fullxfull.7279777316_bhtw.jpg,https://i.etsystatic.com/37058139/r/il/febdc8/7279777328/il_fullxfull.7279777328_6p1v.jpg,https://i.etsystatic.com/37058139/r/il/3749f7/7327723257/il_fullxfull.7327723257_ltkd.jpg,https://i.etsystatic.com/37058139/r/il/73c648/7279777310/il_fullxfull.7279777310_o5z1.jpg,https://i.etsystatic.com/37058139/r/il/269d99/7279777362/il_fullxfull.7279777362_nzq7.jpg,https://i.etsystatic.com/37058139/r/il/00649e/7327723299/il_fullxfull.7327723299_9obh.jpg,https://i.etsystatic.com/37058139/r/il/4974c7/7298910157/il_fullxfull.7298910157_ctzu.jpg,,,,,,,,1
"DIY Collapsible Coffee Cart Plans: Mobile Bar Blueprint (PDF Pattern)","Here is a compelling Etsy product description based on the details you provided, structured for clarity and to attract buyers.
DIY Mobile Coffe Cart Plans: The Ultimate Collapsible Vendor Cart Blueprint

Ready to create the perfect centerpiece for your next event? This is not just a plan; it's your ticket to building a beautiful, professional-grade mobile bar or vendor cart. Our meticulously designed, step-by-step PDF guide gives you everything you need to bring this elegant and modern design to life. Imagine effortlessly serving guests from a stunning, custom-built cart that perfectly fits your unique style.

Unmatched Customization & Versatility

This is the most flexible DIY plan you'll find, designed for everything from intimate gatherings to grand events. The plan includes multiple distinct countertop layouts, allowing you to tailor your cart to any need.

The Classic: A smooth, solid top for a clean, minimalist look or a versatile workspace.

The Party Pro: Multiple cutouts for beverage tubs, making it the ultimate drink cart.

The Charcuterie Dream: Cutouts designed for a beautiful and functional charcuterie board display.

Effortless Portability & Smart Design
Designed with convenience in mind, this foldable cart features two sturdy folding wings for extra serving space. When not in use, they neatly tuck away, transforming the cart into a compact, space-saving design.

Two-Wheel Version: Build a classic, vintage-style cart with two large wheels and two casters.

Four-Caster Version: Use heavy-duty 3-inch locking casters to ensure your cart glides effortlessly and locks securely, even when fully loaded.

Perfect for Any Occasion

For the Entrepreneur: Launch your business with a professional-looking coffee cart, snack bar, or vendor cart.

For the Host: Impress your guests with a stunning mobile bar or party cart.

For the DIY Enthusiast: Experience the satisfaction of building a high-quality piece with our easy-to-follow guide. This is the DIY cart project you've been waiting for.

What You Will Receive

Upon purchase, you will get an instant digital download of a comprehensive PDF file that includes everything you need to build your own mobile bar.

Detailed Cut List: All parts are labeled with clear letters and precise inch measurements.

Shopping List: A complete list of all required tools and hardware.

Step-by-Step Instructions: Easy-to-follow, detailed instructions for every stage of assembly, from cutting the panels to installing the casters.

Start building your dream cart today and get ready to roll out your next event with style and ease!

Note: This listing is for a digital PDF plan only. You are not purchasing a physical product.**",15,USD,57,"Custom_food_cart,Charcuterie_cart,foldable_cart,bar_carts,DIY_Cart,Party_cart,beverage_cart,coffee_cart,collapsible_cart,wedding_cart,Mobile_bar,vendor_cart,bar_cart","Digital Download,PDF File,Digital Instructions,Instant Download,Printable File",https://i.etsystatic.com/37058139/r/il/af8db8/7286099369/il_fullxfull.7286099369_ssdu.jpg,https://i.etsystatic.com/37058139/r/il/f7a339/7238136820/il_fullxfull.7238136820_108h.jpg,https://i.etsystatic.com/37058139/r/il/96d811/7238136822/il_fullxfull.7238136822_iapq.jpg,https://i.etsystatic.com/37058139/r/il/ffa37b/7286099371/il_fullxfull.7286099371_avbb.jpg,https://i.etsystatic.com/37058139/r/il/da2d01/7286099367/il_fullxfull.7286099367_b1kw.jpg,https://i.etsystatic.com/37058139/r/il/eaa6cf/7286099375/il_fullxfull.7286099375_aubu.jpg,https://i.etsystatic.com/37058139/r/il/c55342/7286111105/il_fullxfull.7286111105_1m0c.jpg,https://i.etsystatic.com/37058139/r/il/08cf96/7286099407/il_fullxfull.7286099407_423o.jpg,https://i.etsystatic.com/37058139/r/il/f9ac22/7286099401/il_fullxfull.7286099401_ooi8.jpg,https://i.etsystatic.com/37058139/r/il/273b44/7144919048/il_fullxfull.7144919048_amqt.jpg,,,,,,,1
"Farmstand Plans | Mobile Flower Stand Cart | Farmers Market Display | Roadside Fruit & Vegetable Stands | Bakery Cart Plans","Handcrafted by You, For Your Dream: Build the Perfect Farmstand Today! 

With our digital DIY plans, you can easily create a beautiful wooden stand to showcase your fresh produce, artisan goods, or vibrant flowers. Download the Instant PDF Guide and start your building adventure now!

Every farm-fresh egg, every vibrant bouquet, and every loaf of artisan sourdough has a story. Now, it’s time to give that story the beautiful stage it deserves.

These detailed woodworking plans were designed not just to help you build a stand, but to create a charming destination for your passion. Whether you're greeting smiling customers at a roadside stand, becoming the star of the local farmer's market, or setting up a lovely flower cart in your neighborhood, this versatile and portable cart will be your greatest asset.

✨ Why You'll Love These Plans:

Step-by-Step Simplicity: No complex jargon here! Whether you're a seasoned woodworker or just starting, our easy-to-follow instructions and detailed 3D diagrams will guide you confidently through every cut and screw.

Save Time & Avoid Guesswork: Our complete shopping list and precise cut list mean you'll walk into the hardware store knowing exactly what you need. No wasted trips, no wasted materials.

A Canvas for Your Creativity: Consider this your starting point! Paint it a cheerful color, add a chalkboard sign, or hang a basket for herbs. Our classic design is the perfect foundation for your unique brand and style.

🌱 Perfect For A Variety Of Uses:

Roadside Produce Stand: Showcase your garden's bounty in style.

Egg Selling Stand: A charming and professional display for your fresh eggs.

Flower & Plant Cart: Create an eye-catching mobile nursery for your plants and bouquets.

Bakery & Sourdough Display: A perfect cart for your delicious handmade breads and pastries.

Lemonade or Coffee Bar: The cutest pop-up for neighborhood events and parties!

📐 SPECIFICATIONS & DIMENSIONS:

Skill Level: Beginner-Intermediate

Overall Dimensions (approximate, excluding wheels):

Base: 36 ¼” deep by 48” wide

Height: 63” at the front and 48” at the back

Format: High-Resolution, Printable PDF guide you can view on any device.

📦 WHAT YOUR DIGITAL DOWNLOAD INCLUDES:

A comprehensive, multi-page PDF guide.

A complete materials and shopping list.

A detailed cut list

Helpful tips and tricks to ensure a smooth build.

⚠️ PLEASE NOTE!

This listing is for a DIGITAL PRODUCT ONLY. You are purchasing a PDF file with DIY plans, not a physical farmstand. No physical item will be shipped to you. Upon purchase, the file will be available for instant download in your Etsy account. Due to the nature of digital products, refunds cannot be issued.

You're just one step away from building the stand of your dreams. Click 'Add to Cart' now and start your next favorite project today!",16,USD,53,"DIY_Farmstand,Roadside_Plant,Flower_Cart,Fruit_Stand,Vegetable_Stands,Roadside_Egg,Bakery_Cart,Sourdough_Cart,driveway_farmstand,farmer's_market,Flower_Stand,Mobile_Farm_Cart","Digital Download,PDF File,Digital Instructions,Instant Download,Printable File",https://i.etsystatic.com/37058139/r/il/baea26/7213037779/il_fullxfull.7213037779_21en.jpg,https://i.etsystatic.com/37058139/r/il/0129c8/7213037795/il_fullxfull.7213037795_ewvo.jpg,https://i.etsystatic.com/37058139/r/il/373ff1/7213037807/il_fullxfull.7213037807_6w3a.jpg,https://i.etsystatic.com/37058139/r/il/6b5e0e/7213037797/il_fullxfull.7213037797_5ntf.jpg,https://i.etsystatic.com/37058139/r/il/55fa52/7213037787/il_fullxfull.7213037787_2t05.jpg,https://i.etsystatic.com/37058139/r/il/02c829/7165049264/il_fullxfull.7165049264_5j2k.jpg,https://i.etsystatic.com/37058139/r/il/55af1d/7160528159/il_fullxfull.7160528159_lbo4.jpg,https://i.etsystatic.com/37058139/r/il/6aad18/7112557918/il_fullxfull.7112557918_l9jq.jpg,,,,,,,,,1
"Portable Wooden Bar Plan: Collapsible DIY Event Bar Design","Craft Your Perfect Event with Our Portable & Collapsible Wooden Bar!

Looking for a versatile and stylish solution for your next gathering? Our Portable & Collapsible Wooden Bar is the ultimate DIY event bar! Whether you're planning a birthday bar, a sophisticated special event bar, or a charming wooden coffee bar, this design provides the flexibility and elegance you need.

Key Features:

Effortless Portability: Designed as a folding bar and collapsible bar, it's incredibly easy to transport and set up anywhere. Perfect for portable event bar needs, pop-up cafes, or backyard parties.

DIY Friendly: Our detailed bar blueprint and DIY plan make assembly straightforward, even for beginners. You'll love the satisfaction of building your own portable coffee bar or food bar plan.

High-Quality Wood Construction: Crafted from durable wood, this bar offers a sturdy and attractive surface for serving drinks and snacks. Its rustic charm complements any decor.

Multi-Functional: Use it as a portable coffee bar for morning events, a food bar plan for a buffet, or a vibrant birthday bar for celebrations. The possibilities are endless!

Why Choose Our Bar?

Forget renting expensive equipment! Our DIY coffee bar and portable bar solution gives you the freedom to host memorable events with a personal touch. Its compact design ensures easy storage when not in use. Get ready to impress your guests with this functional and beautiful addition to your event arsenal.",15,USD,89,"birthday_bar,DIY_plan,event_bar,wooden_coffee_bar,bar_blueprint,folding_bar,DIY_coffee_bar,portable_bar,collapsible_bar,portable_event_bar,food_bar_plan,portable_coffee_bar,special_event_bar","Digital Download,PDF File,Digital Instructions,Instant Download,Printable File",https://i.etsystatic.com/37058139/r/il/1c42e4/7216003213/il_fullxfull.7216003213_nzs6.jpg,https://i.etsystatic.com/37058139/r/il/d24427/7168017708/il_fullxfull.7168017708_rd0l.jpg,https://i.etsystatic.com/37058139/r/il/32d665/7168017704/il_fullxfull.7168017704_43sd.jpg,https://i.etsystatic.com/37058139/r/il/baf6ed/7216003211/il_fullxfull.7216003211_5gsl.jpg,https://i.etsystatic.com/37058139/r/il/31016d/7216003231/il_fullxfull.7216003231_ltdx.jpg,https://i.etsystatic.com/37058139/r/il/515ade/7168017706/il_fullxfull.7168017706_cr9s.jpg,https://i.etsystatic.com/37058139/r/il/421e7b/7216003299/il_fullxfull.7216003299_l9v4.jpg,https://i.etsystatic.com/37058139/r/il/327a77/7216003273/il_fullxfull.7216003273_sbg3.jpg,,,,,,,,,1
"Single Bed Storage Plans | Minimalist Platform Woodworking (Digital Download)","Tired of tripping over things in a tight bedroom? Whether you are outfitting a small guest room, upgrading a kid's space, or maximizing a tiny apartment, this is the exact wood bed plan you’ve been searching for.

This digital guide provides the ultimate single bed with storage underneath DIY plans. Designed with a custom narrow footprint (32"" wide), it perfectly balances a sleek sleeping area with highly functional under-bed cubbies and a smart bookcase headboard. Keep your favorite books, phone, and storage baskets right where you need them, without sacrificing floor space.
Build a bed you can actually be proud of! You don't need a massive workshop to create a cool DIY bed. Unlike confusing or generic platform bedframe plans, our guide is straightforward and visual. We’ve broken down the entire process into foolproof bed frame DIY instructions so that even weekend warriors can tackle this woodworking project with total confidence.

🔨 What Makes This Wood Bed Plan Special?

Space-Saving Genius: Deep, accessible under-bed storage combined with a built-in headboard shelf.
Custom Narrow Footprint: At 32"" wide, it fits beautifully into spaces where standard beds simply cannot.
Beginner-Friendly: Crystal clear, step-by-step bed frame DIY instructions that eliminate the guesswork.
Cost-Effective: Build a premium, custom-looking piece of furniture for a fraction of store-bought prices.

📐 Dimensions:

Overall Width: 32""
Overall Length: 77""
Base Height: 7-7/8""

📥 What’s Inside Your Digital PDF Download?

Instant Access: Start your project immediately after purchase.
Detailed 3D Illustrations: Visual guides for every single step.
Complete Material & Tool Lists: Shop efficiently with zero guesswork.
Precise Cut List: Maximize your lumber and minimize waste.
(Friendly Reminder: This is a DIGITAL DOWNLOAD for woodworking plans. No physical item will be shipped.)

Ready to clear the clutter and upgrade your space? Download your platform bedframe plans today, grab your tools, and let's get building!",8,USD,72,"single_bed_plan,bed_with_storage,diy_wood_bed,platform_bed_plan,narrow_bed_frame,woodworking_plans,storage_bed_diy,kids_bed_plan,single_platform_bed,diy_furniture_plan,bookcase_headboard,wooden_bed_build,bed_diy_instructions","Digital Download,PDF File,Digital Instructions,Instant Download,Printable File",https://i.etsystatic.com/37058139/r/il/9114e2/7787837289/il_fullxfull.7787837289_a264.jpg,https://i.etsystatic.com/37058139/r/il/6af32f/7787837249/il_fullxfull.7787837249_8j4e.jpg,https://i.etsystatic.com/37058139/r/il/064b79/7739881338/il_fullxfull.7739881338_1zq9.jpg,https://i.etsystatic.com/37058139/r/il/ae2b0f/7739881330/il_fullxfull.7739881330_kbyx.jpg,https://i.etsystatic.com/37058139/r/il/7ecbcf/7787837261/il_fullxfull.7787837261_kuol.jpg,https://i.etsystatic.com/37058139/r/il/c48f9c/7787837287/il_fullxfull.7787837287_iomw.jpg,https://i.etsystatic.com/37058139/r/il/5c46b1/7787837279/il_fullxfull.7787837279_7zdp.jpg,https://i.etsystatic.com/37058139/r/il/1073cb/7739881340/il_fullxfull.7739881340_273m.jpg,https://i.etsystatic.com/37058139/r/il/c8e91f/7739881336/il_fullxfull.7739881336_seen.jpg,https://i.etsystatic.com/37058139/r/il/738f2f/7787837295/il_fullxfull.7787837295_d7m8.jpg,,,,,,,1
"8x10 Firewood Shed Plans: DIY Sloped Roof Woodshed (PDF Download)","🔥 Stop Burning Wet Wood! Build Your Dream Woodshed Today! 🔥
Tired of struggling with soggy, smoking logs? Our 8x10 Firewood Shed Plans are the perfect solution to keep your wood dry, seasoned, and ready for the fire pit or stove. This isn't just a shed; it's the ultimate DIY project to enhance your backyard and ensure perfectly seasoned fuel all winter long!

🏡 About These 8x10Wood Shed Plans 🏡
These are complete DIY plans to build a sturdy, attractive 8x10 Firewood Storage Shed (or Woodshed) with an approximate 2 Cord Wood capacity. The design features a classic Sloped Roof (or Lean-To style) and open-slat sides for maximum ventilation, ensuring your firewood seasons quickly and stays perfectly dry.

Key Dimensions (Based on Plan):

Width: 8'-0""

Depth: 10'-0""

Front Height (High Side): 7'-8""

Back Height (Low Side): 6'-3""

What makes these plans perfect for you?

Optimal Seasoning: The steeply Sloped Roof (ideal for Tin or shingle roofing) and the slatted sides promote excellent airflow, guaranteeing your wood is perfectly dried and ready to burn.

Ideal Capacity: The 8x10 Firewood Shelter footprint is compact yet spacious, holding roughly 2 Cord Wood—enough to keep you warm through the cold months.

Simple DIY: Designed for the beginner to intermediate builder. Our plans make this a satisfying weekend project you'll be proud of.

Classic Design: A beautiful and sturdy Wood Shed Design that looks great in any backyard or homestead setting.

✨ What You Get with Your Purchase (Instant Digital PDF Download) ✨

Your purchase is an instant digital download. No physical shed or materials will be shipped. You will receive a high-quality PDF featuring:

Detailed 3D Illustrations: Clear, easy-to-follow, step-by-step visuals for every stage of the build.

Complete Material List: A full list of lumber, hardware (screws, nails, etc.), and roofing material (e.g., Wood Shed Tin).

Precise Cut List: Accurately measured cuts for all components to minimize waste and save you time.

Essential Building Tips: Helpful advice for framing, foundation, and installing the Sloped Roof.

Ready to stop buying expensive, pre-built racks and create your own professional-grade firewood storage? Click 'Add to Cart' and get your instant Wood Shed Plans today! Happy building!",4,USD,91,"Firewood_Shed,Woodshed_Plans,Outdoor_Storage,Wood_Rack,DIY_Plans,Firewood_Rack,2_Cord_Wood,Tool_Shed,1_Cord_Wood,Pallet_Wood,Shed_Plans,Firewood_Holder,8x10_Firewood_Shed","Digital Download,PDF File,Digital Instructions,Instant Download,Printable File",https://i.etsystatic.com/37058139/r/il/118c70/7250951324/il_fullxfull.7250951324_pl81.jpg,https://i.etsystatic.com/37058139/r/il/46ff96/7250951332/il_fullxfull.7250951332_3vmc.jpg,https://i.etsystatic.com/37058139/r/il/c83645/7250951310/il_fullxfull.7250951310_g2y7.jpg,https://i.etsystatic.com/37058139/r/il/5a381e/7298905333/il_fullxfull.7298905333_85zr.jpg,https://i.etsystatic.com/37058139/r/il/5ba7b3/7298965841/il_fullxfull.7298965841_autv.jpg,https://i.etsystatic.com/37058139/r/il/4974c7/7298910157/il_fullxfull.7298910157_ctzu.jpg,https://i.etsystatic.com/37058139/r/il/218687/7298971957/il_fullxfull.7298971957_3idk.jpg,,,,,,,,,,1
"Costco Halloween Party Pack: Printable Decorations & Games (PDF Download","Costco Party Pack | Customizable Price Signs PDF | Costco Birthday Party & Sign | Costco Themed Birthday Decorations | Printable Costco Pack

Get ready to throw the ultimate Costco party with our comprehensive Costco Party Pack! This Costco Party Pack includes everything you need for a memorable Costco themed birthday decorations celebration, from a Costco Birthday Party Invite to an awesome Costco Birthday Cake.

What's Included in Your Costco Party Pack?

This Costco Party Pack is loaded with Costco party supplies to make your event a hit. You'll receive:

Costco Cake Topper

Costco Favor Tags

Costco Invite

Costco Item Price Signs (4 variations)

Costco Food Court Signs

Costco Welcome Sign

Costco Employee of the Month Sign

Costco Employee Name Badges (suggest to put in plastic name badge holders)

Costco Name Badge Signs

Costco Membership Sign

Costco Membership Cards

Costco Hours Sign

Costco Holidays Closed Sign

Costco Exit/Entrance Signs

2 Party Games: Price is Right Costco Edition & Fun Costco Trivia

Perfect for Any Costco Celebration!
Whether you're planning a Costco Themed Birthday Decorations, a Costco Baby Shower, or even a Costco Themed First Birthday, this Costco Party Pack Starter has you covered. With a Costco Party Welcome Sign and a Costco Happy Birthday Sign, your guests will instantly feel like they've stepped into their favorite warehouse store.

This Costco Party Digital download offers Costco Printable designs for easy setup. Get all the Costco Decorations you need to shout ""Happy Birthday Costco!"" and create an unforgettable event!",7,USD,69,"Costco_Party_Pack,Costco_Decorations,Costco_Invite,Costco_Printable,Costco_Digital,Costco_Cake_Topper,Costco_Favor_Tags,Costco_Party_Games,Costco_Birthday,Printable_Costco,Costco_Themed,Costco_Supplies,Customizable_Signs","Digital File,PDF,Canva Editable,Printable,Instant Download,Customizable Template,Party Kit,Party Decorations,Birthday Supplies,Themed Party,Event Planning,DIY Party,Digital Product",https://i.etsystatic.com/37058139/r/il/db27d3/7021675920/il_fullxfull.7021675920_432y.jpg,https://i.etsystatic.com/37058139/r/il/e5a37c/7067196865/il_fullxfull.7067196865_aatp.jpg,https://i.etsystatic.com/37058139/r/il/a7fe66/7067196855/il_fullxfull.7067196855_99ay.jpg,https://i.etsystatic.com/37058139/r/il/e31ab6/7019218802/il_fullxfull.7019218802_qdhs.jpg,https://i.etsystatic.com/37058139/r/il/b0fadf/7019218798/il_fullxfull.7019218798_6cqz.jpg,https://i.etsystatic.com/37058139/r/il/2ef709/7019218804/il_fullxfull.7019218804_rxp2.jpg,https://i.etsystatic.com/37058139/r/il/f365ab/7067196875/il_fullxfull.7067196875_md5b.jpg,https://i.etsystatic.com/37058139/r/il/235454/7019218820/il_fullxfull.7019218820_r1h5.jpg,https://i.etsystatic.com/37058139/r/il/2625b2/7019218844/il_fullxfull.7019218844_snav.jpg,https://i.etsystatic.com/37058139/r/il/0e7cd3/7019218862/il_fullxfull.7019218862_seg8.jpg,,,,,,,1
"DIY Porch Swing Stand Plans | Circular Pergola Blueprint | Outdoor Patio Furniture Plans | Backyard Arbor Swing Build | Wood Canopy","Build a Stunning Circular Porch Swing & Pergola!

Create the ultimate relaxing oasis in your garden with this unique DIY Porch Swing Stand Plan. Perfect for outdoor entertainers, this eye-catching circular arbor design features a sturdy base deck and a comfortable suspended bench, making it the perfect focal point for your back yard patio or garden.

Whether you are looking to build a cozy DIY backyard corner or simply want to upgrade your outdoor space with premium patio furniture plans, this blueprint provides everything you need. Forget standard A-frame swings; build a modern, architectural canopy that will leave your guests speechless!

📐 OVERALL DIMENSIONS:

Width: 106 inches
Height: 87-1/16 inches
Depth: 48 inches

🛠️ WHAT'S INCLUDED IN THIS DIGITAL DOWNLOAD?

High-quality Plan for Porch Swing Stand instantly available in PDF format.
Detailed material list and exact cut list to minimize waste.
Step-by-step 3D illustrated assembly instructions.
Perfect guide for building a professional-grade wood plans canopy.

💡 WHY CHOOSE THESE WOODWORKING PLANS?

Unique Aesthetic: The modern circular design stands out compared to traditional gazebo plans or standard pergola plans.
All-in-One Build: Includes instructions for both the heavy-duty frame structure and the hanging swing bench.
Digital Format: Print the blueprints out in your shop or follow along easily on your tablet or smartphone.

Please Note: This is a DIGITAL DOWNLOAD only. No physical item will be shipped. Due to the nature of digital products, we do not accept returns or cancellations.

Transform your yard into a relaxing retreat! Add these Porch Swing Plans to your cart and start your next woodworking adventure.",9.99,USD,96,"Porch_Swing_Stand,Patio_Furniture_Plan,Circular_Pergola,Backyard_Swing_DIY,Arbor_Bench_Plan,Outdoor_Swing_Frame,Wood_Canopy_Plan,Yard_DIY_Projects,Backyard_Corner,Pergola_Blueprint,Gazebo_Plans,Swing_Set_Plans,DIY_Patio_Furniture","Digital Download,PDF File,Digital Instructions,Instant Download,Printable File",https://i.etsystatic.com/37058139/r/il/a43ad4/7805280552/il_fullxfull.7805280552_i6te.jpg,https://i.etsystatic.com/37058139/r/il/5d76ea/7853223765/il_fullxfull.7853223765_4zpy.jpg,https://i.etsystatic.com/37058139/r/il/1dbd62/7853223789/il_fullxfull.7853223789_etzg.jpg,https://i.etsystatic.com/37058139/r/il/fadfe9/7805280550/il_fullxfull.7805280550_i9z0.jpg,https://i.etsystatic.com/37058139/r/il/eb8bb1/7805280554/il_fullxfull.7805280554_mfxn.jpg,https://i.etsystatic.com/37058139/r/il/b678fc/7853223785/il_fullxfull.7853223785_gaau.jpg,https://i.etsystatic.com/37058139/r/il/b0fbd7/7805280564/il_fullxfull.7805280564_t9oy.jpg,https://i.etsystatic.com/37058139/r/il/ecbfe1/7853223855/il_fullxfull.7853223855_d70d.jpg,https://i.etsystatic.com/37058139/r/il/238d50/7805280616/il_fullxfull.7805280616_gc4y.jpg,,,,,,,,1
"Spiral Wooden Christmas Tree plans | DIY Spiral Christmas Tree, One Board Spiral Tree, Build Plan | Landscape Tree Plan PDF Printable","Spiral Wooden Christmas Tree Plans | DIY Modern Holiday Decor | One Board Spiral Tree Build Plan | Landscape Tree Plan PDF Printable

Transform your holiday decor with our easy-to-follow plans for a stunning Spiral Wooden Christmas Tree! This unique and modern design offers a refreshing alternative to traditional trees, adding a touch of contemporary elegance to any space. Perfect for DIY enthusiasts, these plans guide you through creating a beautiful, minimalist tree that's sure to be a conversation starter.

Why choose our Spiral Wooden Christmas Tree plans?

Modern & Unique Design: Stand out with a chic, sculptural tree that complements any modern or minimalist aesthetic.

DIY Friendly: Our detailed PDF instructions are designed for all skill levels, from beginners to experienced woodworkers. You'll be amazed at what you can create!

Cost-Effective: Build your own beautiful Christmas tree at a fraction of the cost of buying a pre-made one.

Sustainable Choice: Crafted from wood, this reusable tree is an eco-friendly option you can enjoy for years to come.

Customizable: Paint, stain, or leave the natural wood for a personalized look that matches your decor. Add lights for an extra magical glow!

What's included in your purchase:

Upon purchase, you will receive an instant download of a comprehensive PDF document that includes:

Step-by-step instructions: Clear, concise steps to guide you through the entire building process.

Detailed diagrams and measurements: Visual aids and precise measurements to ensure accuracy.

Material list: A complete list of all the timber, hardware, and tools you'll need.

Tips and tricks: Expert advice to make your build smooth and enjoyable.

Imagine your home adorned with this beautiful, handcrafted piece! Whether it's the centerpiece of your living room, a festive addition to your entryway, or a unique decoration for a smaller space, this spiral tree will bring holiday cheer with a modern twist.

Instant Download! Get started on your project right away. No shipping delays – just pure DIY joy.

Please note: This listing is for a digital PDF plan only. No physical item will be shipped. Tools and materials are not included.

Embrace the spirit of DIY this holiday season! Click ""Add to Cart"" now and create your very own Spiral Wooden Christmas Tree!",5,USD,79,"Woodworking_Plan,DIY_plans,PDF_Download,workbench,Landscape_Tree_Plan,Build_Plan,One_Board_Spiral,Spiral_Christmas,Christmas_Tree,Spiral_Wooden,Tree_Plan","Digital Download,PDF File,Digital Instructions,Instant Download,Printable File",https://i.etsystatic.com/37058139/r/il/7baf5e/7036862672/il_fullxfull.7036862672_e6yf.jpg,https://i.etsystatic.com/37058139/r/il/9f8326/7036862638/il_fullxfull.7036862638_onua.jpg,https://i.etsystatic.com/37058139/r/il/80b675/7084830603/il_fullxfull.7084830603_4e6t.jpg,https://i.etsystatic.com/37058139/r/il/b06061/7036862634/il_fullxfull.7036862634_mkwy.jpg,https://i.etsystatic.com/37058139/r/il/8e7ce6/7084830595/il_fullxfull.7084830595_f96d.jpg,https://i.etsystatic.com/37058139/r/il/40414d/7084830627/il_fullxfull.7084830627_l4ev.jpg,https://i.etsystatic.com/37058139/r/il/1946fd/7036862636/il_fullxfull.7036862636_2okh.jpg,https://i.etsystatic.com/37058139/r/il/e9e18f/7036862640/il_fullxfull.7036862640_rlnr.jpg,,,,,,,,,1
"DIY 12 ft Farmhouse Table Plans | Rustic Outdoor Bench Table (Digital Download)","Outdoor Farmhouse 12-Foot Bench Table Plans: DIY Extra-Long Dining & Entry Table
Are you looking to build the perfect outdoor farm table that combines rustic charm with ample seating? Our comprehensive farmhouse table plans are exactly what you need! These wooden table plans are designed to help you create a stunning 12 ft table that doubles as a comfortable 12 foot bench, making it an ideal outdoor dining table and even a unique entry table.

Product Description:
Transform your backyard or dining space with our detailed DIY dining room table and bench plans. This digital download provides everything you need to construct an extra-long table perfect for large gatherings, family meals, or simply enjoying the outdoors. Our farm table plans focus on the primary keyword: Outdoor Farmhouse 12 Foot Bench Table.

Whether you're an experienced woodworker or just starting your DIY journey, these easy farmhouse table plans guide you step-by-step. The design is versatile, allowing you to create a standalone farmhouse 12 foot bench or a complete dining room set that includes both the table and coordinating benches.

Key Features of Our Plans:

Detailed Table Plans: Clear and concise instructions for building a sturdy and beautiful farmhouse 12 ft table.

Bench Integration: Specific guidance for the DIY farmhouse 12 foot bench that complements the table perfectly.

SEO Optimized: Incorporates all your desired keywords, including Outdoor Farm Table, Farm House Table, 12 Ft Table, Wooden Table Plans, Table Plans, Outdoor Table Plans, Farmhouse Table Plans, Farm Table Plans, 12 Foot Dining Table, Farmhouse Table Plans 5ft (for adaptability), Farm Table.pln (digital file reference), Digital Extra Long Table, DIY Dinning Room Table, Dinning Room Set Plans, and Entry Table Diagram.

Versatile Design: Use it as an outdoor dining masterpiece, a grand indoor centerpiece, or even a welcoming entry table.

Digital Download: Get instant access to your table plans after purchase.

Stop searching for ""farmhouse table plans 5ft"" and embrace the grandeur of a 12-foot masterpiece! Our plans make building an easy farmhouse table a reality, allowing you to craft a custom piece that will be the envy of your neighborhood. Get your digital extra long table plans today and start building!",7,USD,3,"Outdoor_Farm_Table,Farmhouse_Table,12Ft_Table_Plans,Wooden_Table_DIY,Table_Plans,Outdoor_Table,Farm_Table_Plans,Dining_Table,DIY_Table,Woodwork_Plans,Extra_Long_Table,Farmhouse_Bench,12_Ft_Bench_Table","Digital Download,PDF File,Digital Instructions,Instant Download,Printable File",https://i.etsystatic.com/37058139/r/il/59c4ac/7040220338/il_fullxfull.7040220338_plgl.jpg,https://i.etsystatic.com/37058139/r/il/05bd24/7040220348/il_fullxfull.7040220348_gh1j.jpg,https://i.etsystatic.com/37058139/r/il/4dfb95/7088185537/il_fullxfull.7088185537_5ipr.jpg,https://i.etsystatic.com/37058139/r/il/8a1c57/7088185525/il_fullxfull.7088185525_4rqn.jpg,https://i.etsystatic.com/37058139/r/il/9c7fed/7088185527/il_fullxfull.7088185527_z3ax.jpg,https://i.etsystatic.com/37058139/r/il/77066d/7040220334/il_fullxfull.7040220334_eopj.jpg,https://i.etsystatic.com/37058139/r/il/97aa6a/7040220368/il_fullxfull.7040220368_gdh8.jpg,,,,,,,,,,1
"DIY Adirondack Chair Plans | Outdoor Garden Furniture Blueprint (Digital PDF)","Classic Adirondack Chair Plans | DIY Outdoor Garden Furniture Blueprint

There is nothing quite like sinking into a classic Adirondack chair on a sunny afternoon. With its wide armrests perfect for resting a cold drink and a contoured seat designed for comfort, this chair is the undisputed king of outdoor furniture.

Now, you can build your own high-quality garden chairs for a fraction of the cost of buying them pre-made. These DIY Adirondack Chair Plans are designed to be simple, sturdy, and stylish—perfect for your patio, deck, or around the fire pit.

Why Woodworkers Choose This Plan:

Classic Comfort: Features the iconic deep-seat design and ergonomic back support that Adirondack chairs are famous for.

Beginner Friendly: You don’t need a professional woodshop. Standard tools and readily available lumber (cedar, pine, or pressure-treated wood) are all you need.

Sturdy Construction: Designed to withstand the elements and last for years as a staple of your outdoor furniture collection.

Cost-Effective: Save hundreds of dollars by building a set yourself instead of buying expensive retail versions.

📂 What’s Included in Your Download:

Printable PDF Templates: 1:1 scale patterns for curved parts (armrests, legs) to ensure a perfect shape.

Step-by-Step Instructions: Detailed assembly guide with 3D illustrations.

Material & Cut List: A complete shopping list to minimize waste and trips to the hardware store.

Perfect Project for:

Enhancing your garden decor.

Creating a cozy fire pit seating area.

A thoughtful handmade gift for Dad or a housewarming present.

Instant Download: Start your project today! Note: This is a digital product. No physical chair or wood will be shipped.",5,USD,88,"Adirondack_Chair,Woodworking_Plans,DIY_Garden_Chair,Outdoor_Furniture,Patio_Chair_Plans,Wooden_Lawn_Chair,Fire_Pit_Seating,Deck_Chair_DIY,Adirondack_Pattern,Easy_Wood_Project,Backyard_Decor,Digital_Blueprint,Comfortable_Chair","Digital Download,PDF File,Digital Instructions,Instant Download,Printable File",https://i.etsystatic.com/37058139/r/il/3cca01/7679169159/il_fullxfull.7679169159_hwoi.jpg,https://i.etsystatic.com/37058139/r/il/4cc538/7679169161/il_fullxfull.7679169161_k5g3.jpg,https://i.etsystatic.com/37058139/r/il/2c7e34/7631218420/il_fullxfull.7631218420_sn4v.jpg,https://i.etsystatic.com/37058139/r/il/aa177b/7679169175/il_fullxfull.7679169175_b081.jpg,https://i.etsystatic.com/37058139/r/il/893fed/7631218406/il_fullxfull.7631218406_dc04.jpg,https://i.etsystatic.com/37058139/r/il/2a359f/7631218416/il_fullxfull.7631218416_kfm7.jpg,https://i.etsystatic.com/37058139/r/il/fe2251/7679169163/il_fullxfull.7679169163_oe9r.jpg,https://i.etsystatic.com/37058139/r/il/ed5025/7631218422/il_fullxfull.7631218422_aj8f.jpg,https://i.etsystatic.com/37058139/r/il/62f089/7679169179/il_fullxfull.7679169179_ev1f.jpg,https://i.etsystatic.com/37058139/r/il/5fa6c5/7679169167/il_fullxfull.7679169167_1wue.jpg,,,,,,,1
"DIY Picnic Table Plans with Backrest | Outdoor Table Plans PDF | Picnic Bench Blueprint | Outside Table and Benches Woodworking Template","Build the Ultimate Comfortable Picnic Table!

Upgrade your backyard, patio, or garden with this DIY Sturdy Picnic Table Easy build plan! Unlike standard backless designs, this comprehensive Table DIY Plan features comfortable backrests, making it perfect for long outdoor dinners, family gatherings, or just relaxing in the sun.

Whether you are looking for simple picnic table plans for a weekend project or professional outdoor table plans to expand your woodworking portfolio, these blueprints provide everything you need. Stop searching for the perfect picnic bench and build it yourself!

📐 OVERALL DIMENSIONS:

Width: 1546 mm (Approx. 60.8 inches)
Height: 914 mm (Approx. 36 inches)

Features a center hole perfectly sized for a patio umbrella!

🛠️ WHAT'S INCLUDED IN THIS DIGITAL DOWNLOAD?

High-quality Picnic Table Blueprints instantly available in PDF format.
Detailed material and exact cut lists to minimize waste.
Step-by-step 3D illustrated assembly instructions.
Perfect for a DIY Picnic Table Kit project at home.

💡 WHY CHOOSE THESE PLANS TO BUILD?

Ergonomic Design: The added backrests provide superior comfort compared to traditional barn table plans.
Beginner-Friendly: Clear instructions make this woodworking popular project accessible to all skill levels.
Digital Format: Print it out in your shop or follow along on your tablet or phone.

Please Note: This is a DIGITAL DOWNLOAD only. No physical item will be shipped. Due to the nature of digital products, we do not accept returns or cancellations.

Get ready for barbecue season! Add these Outside Table and Benches DIY plans to your cart and start building today.",2.99,USD,96,"Picnic_Table_Plans,Outdoor_Table_Plans,Picnic_Bench,Table_Diy_Plan,Picnic_Table_Easy,Woodworking_Popular,Barn_Table_Plans,Plans_to_Build,Diy_Picnic_Table_Kit,Outside_Table_DIY,Table_Blueprints,Simple_Picnic_Table,Woodworking_Template","Digital Download,PDF File,Digital Instructions,Instant Download,Printable File",https://i.etsystatic.com/37058139/r/il/f100e7/7852938461/il_fullxfull.7852938461_safg.jpg,https://i.etsystatic.com/37058139/r/il/df539c/7804996542/il_fullxfull.7804996542_nf7p.jpg,https://i.etsystatic.com/37058139/r/il/e464fa/7804996550/il_fullxfull.7804996550_4d49.jpg,https://i.etsystatic.com/37058139/r/il/cb4303/7804996560/il_fullxfull.7804996560_rtia.jpg,https://i.etsystatic.com/37058139/r/il/a32462/7852938477/il_fullxfull.7852938477_lhkz.jpg,https://i.etsystatic.com/37058139/r/il/0af385/7852938459/il_fullxfull.7852938459_k53n.jpg,https://i.etsystatic.com/37058139/r/il/68f81f/7852938479/il_fullxfull.7852938479_syjy.jpg,https://i.etsystatic.com/37058139/r/il/22a764/7804996572/il_fullxfull.7804996572_gl9g.jpg,https://i.etsystatic.com/37058139/r/il/90b560/7852938495/il_fullxfull.7852938495_2kua.jpg,,,,,,,,1
"Christmas Tree Topper Star | DIY Wooden Tree Topper Plans | Rustic Christmas Tree Topper | Barnwood Tree Topper (Digital Download)","Stop searching for the perfect finishing touch. Build it.

Crown your Christmas tree with this stunning, handmade Wood Christmas Tree Topper Star. With our comprehensive DIY Wooden Tree Topper Plans, you can create a beautiful, 12-inch star that blends timeless charm with a modern farmhouse aesthetic.

This design is the very definition of a Rustic Christmas Tree Topper. The angled, faceted construction gives it a high-end, 3D look that catches the light beautifully, while the simple geometry gives it that classic Barnwood Tree Topper feel.

Whether your decor is rustic, minimalist, or traditional, this handmade star will be the piece that ties it all together—a true family heirloom in the making.

Final Project Dimensions:
Width: 12 inches (approx. 30.5 cm)

Height: 12 inches (approx. 30.5 cm, plus the mounting base)

What You Will Receive:
Your digital download is a detailed, easy-to-follow PDF guide that includes everything you need:

Full-Scale Printable Template (1:1): Takes all the guesswork out of the complex angles. Just print, trace, and cut.

Step-by-Step Assembly Instructions: We guide you from the first cut to the final assembly.

Complete Materials & Shopping List: Know exactly what you need before you start.

Precise Cut List: All measurements and angles are clearly laid out.

Clear 3D & 2D Diagrams: Visualize every step of the process.

Project Details:
Skill Level: Adventurous Beginner / Intermediate (Requires basic comfort with angled cuts on a miter saw or miter box).

Tools: Miter saw (recommended), glue, and clamps (or pin nailer).

Don't let your beautiful tree be let down by a generic, store-bought topper. Download your plans today and build the perfect Wood Christmas Star that your holiday display deserves!",5,USD,8,"Woodworking_Plan,DIY_plans,Landscape_Tree_Plan,Build_Plan,One_Board_Spiral,Spiral_Christmas,Christmas_Tree,Spiral_Wooden,Tree_Plan,Christmas_Display,Christmas_Village","Digital Download,PDF File,Digital Instructions,Instant Download,Printable File",https://i.etsystatic.com/37058139/r/il/a611d8/7389306402/il_fullxfull.7389306402_n9z8.jpg,https://i.etsystatic.com/37058139/r/il/feacd1/7389306416/il_fullxfull.7389306416_7ord.jpg,https://i.etsystatic.com/37058139/r/il/b22203/7437224829/il_fullxfull.7437224829_svmv.jpg,https://i.etsystatic.com/37058139/r/il/3090fb/7389306400/il_fullxfull.7389306400_9v13.jpg,https://i.etsystatic.com/37058139/r/il/39ab10/7389306404/il_fullxfull.7389306404_3h46.jpg,https://i.etsystatic.com/37058139/r/il/a4e047/7389306398/il_fullxfull.7389306398_4011.jpg,,,,,,,,,,,1
"DIY Coffee Cart Plans | Collapsible Mobile Espresso Bar | Foldable Market Stall Blueprint | Portable Catering Cart Build | Digital PDF","☕ Build the Perfect Station for Your Coffee Business!

Turn your passion into a business with these professional Coffee Cart Blueprint plans. Designed specifically for heavy-duty use, this cart is the ideal foundation for a mobile espresso bar, a pop-up bakery, or a professional Foldable Stall for market vendors.

Unlike flimsy tables, this Mobile Coffee Cart Build is engineered to handle the weight of professional espresso machines while maintaining a sleek, modern look. The 36-inch height is ergonomically perfect for barista work.

Why This Design is a Game Changer:

Massive Workspace: With the wings extended, you get a whopping 74 inches of width! This makes it a truly versatile Collapsible Cart Custom build, giving you ample room for your grinder, tamper station, and POS system.

Smart Foldable Design: Need to fit through a standard door or into a van? Just fold down the side wings to reduce the width to 50 inches. It is the ultimate Diy Portable Foldable Carts solution.

Barista-Ready Height: Standing at 36 inches high, this cart is at standard counter height. This is critical for operating tall espresso machines comfortably without reaching too high.

Open Storage Access: The rear features a clean, open shelving layout (Main Body Box: 48"" x 24""), allowing quick access to milk, cups, and supplies during a rush.

Versatile Template: While designed for coffee, this Cart Drawings set is perfect for a Diy Snack Bar Template, a Jewelry Cart Diy, or even a portable DJ booth.

📏 Dimensions (Finished Build):

Total Height: 36 inches (Standard Counter Height)
Total Width (Open): 74 inches
Total Width (Closed): 50 inches
Total Depth: 26 inches
Side Wing Width: 12 inches each

📂 What You Will Receive:

Step-by-Step PDF Guide: Beginner-friendly instructions.
Detailed Cut List: Optimized to reduce wood waste.
Assembly Diagrams: Visual guides for the frame, the Foldable Coffee Cart mechanisms, and caster installation.

Mobile Coffee Cart Pdf: Instant download access.

Perfect For:
Professional Mobile Baristas
Wedding Catering & Collapsible Charcuterie Cart setups
Farmers Market Vendors requiring a Mobile Cart
Startups looking for a budget-friendly Coffee Cart Build Template
Stop dreaming and start building. Get the Coffee Cart Measurements and plans you need to launch your mobile business today!

If you have any questions about the build process or materials, please send me a message. I am happy to help!",15,USD,46,"Custom_food_cart,Charcuterie_cart,foldable_cart,bar_carts,DIY_Cart,Party_cart,beverage_cart,coffee_cart,collapsible_cart,wedding_cart,Mobile_bar,vendor_cart,bar_cart","Digital Download,PDF File,Digital Instructions,Instant Download,Printable File",https://i.etsystatic.com/37058139/r/il/cf7466/7532061723/il_fullxfull.7532061723_69lh.jpg,https://i.etsystatic.com/37058139/r/il/b9a1e9/7484135534/il_fullxfull.7484135534_hhg2.jpg,https://i.etsystatic.com/37058139/r/il/55f1df/7484135538/il_fullxfull.7484135538_fx12.jpg,https://i.etsystatic.com/37058139/r/il/e14068/7532061659/il_fullxfull.7532061659_ta4k.jpg,https://i.etsystatic.com/37058139/r/il/142ac5/7532061721/il_fullxfull.7532061721_m08b.jpg,https://i.etsystatic.com/37058139/r/il/bf517e/7484135482/il_fullxfull.7484135482_qndl.jpg,https://i.etsystatic.com/37058139/r/il/526d77/7484135542/il_fullxfull.7484135542_6gxg.jpg,https://i.etsystatic.com/37058139/r/il/f39147/7532061711/il_fullxfull.7532061711_7ddv.jpg,https://i.etsystatic.com/37058139/r/il/6000d6/7484135546/il_fullxfull.7484135546_6s91.jpg,https://i.etsystatic.com/37058139/r/il/86ae7d/7532061717/il_fullxfull.7532061717_pbm9.jpg,,,,,,,1
"Mobile Miter Saw Station Plans: Flip Top Workbench with Wood Storage (PDF)","Mobile Miter Saw Table Plans, Miter Saw Station, Garage Work Bench Plans, Miter Saw Bench, Woodworking Plans, Miter Saw Rack 

Unlock the full potential of your workshop with our comprehensive DIY Workbench Plans! This detailed guide empowers you to build the ultimate Table Saw Workbench and Miter Saw Station Mobile Stand, designed for efficiency and versatility.

Are you tired of cluttered spaces? Our Flip Top Workbench design seamlessly integrates your Table Saw and Router Table into one space-saving unit. This isn't just a Miter Saw Bench; it's a complete Multitool Workbench solution that transforms your Garage Work Bench or Basement Workbench into a professional-grade workspace.

These Workbench Plans include specific designs for a highly functional Miter Saw Station, providing dedicated Wood Storage Plans to keep your materials organized. The Mobile Miter Saw Stand features Miter Saw Stand With Wheels, making your Miter Saw Cart Plans a reality for easy movement around your shop. Whether you need a Small Shop Miter Cart or a robust Miter Stand, these plans have you covered.

Our plans are perfect for creating a Mobile Mitre Saw setup, ensuring your Miter Saw Station Mobile is always where you need it. While designed for broad compatibility, users will appreciate how well it functions as a Dewalt Workbench or with your Dewalt Miter Saw. The robust design can accommodate various setups, including a 36 by 36 Shop Table or even a scroll table saw integration if desired.

Get ready to enhance your productivity with a Flip Top Miter Saw Bench that allows quick transitions between tasks. These Saw Cart Plans provide everything you need to build a professional-grade setup.

Key Features & Benefits:

Comprehensive Workbench Plans: Step-by-step instructions for a successful build.

Integrated Table Saw Workbench: Efficiently use your space.

Flip Top Design: Seamlessly switch between a Table Saw, Router Table, and work surface.

Mobile Miter Saw Station: Features a Miter Saw Stand With Wheels for ultimate portability.

Dedicated Wood Storage Plans: Keep your materials organized and accessible.

Versatile Design: Functions as a Multitool Workbench for your Garage Work Bench or Basement Workbench.

Optimized for Efficiency: Ideal for a Small Shop Miter Cart setup.

Dewalt Workbench Compatible: Designed with common tool dimensions in mind, perfect for your Dewalt Miter Saw.

Miter Saw Cart Plans included for easy mobility.

Detailed drawings for a sturdy Miter Stand.

Invest in your workshop's future with these versatile table saw workbench plans | Miter Saw Station Mobile stand!

(Note: ""Miter Stand Cnc Files"" was excluded as it specifies a delivery method/type of file not broadly applicable to a general DIY plan description. If your plans are specifically for CNC, this would be re-added.)",5,USD,49,"Woodworking_Plan,DIY_plans,PDF_Download,Outdoor_Patio_Bench,workbench,table_saw,router_table,workbench_plans,table_saw_workbench,dewalt_workbench,miter_saw_station,miter_saw_bench,flip_top_workbench","Digital Download,PDF File,Digital Instructions,Instant Download,Printable File",https://i.etsystatic.com/37058139/r/il/b3e287/7032436170/il_fullxfull.7032436170_b6sn.jpg,https://i.etsystatic.com/37058139/r/il/aa7130/7032436162/il_fullxfull.7032436162_nm0w.jpg,https://i.etsystatic.com/37058139/r/il/7f7b43/7080408495/il_fullxfull.7080408495_c2ua.jpg,https://i.etsystatic.com/37058139/r/il/6394ab/7032436158/il_fullxfull.7032436158_6zjt.jpg,https://i.etsystatic.com/37058139/r/il/fc4c7d/7080408503/il_fullxfull.7080408503_3oq2.jpg,https://i.etsystatic.com/37058139/r/il/51384d/7080408489/il_fullxfull.7080408489_mv4u.jpg,https://i.etsystatic.com/37058139/r/il/e4ca18/7080408523/il_fullxfull.7080408523_ixyg.jpg,,,,,,,,,,1
"DIY Triple Bunk Bed Plans | 3 Tier Bunk Bed with Storage Stairs | Wooden Loft Bed Blueprint PDF","Maximize Your Space with Premium DIY Triple Tier Bunk Bed Plans!

Running out of floor space in the kids' room, guest room, or vacation cabin? Build the ultimate sleepover setup with our comprehensive triple tier bunk bed plans. This incredible, heavy-duty wooden design comfortably stacks three beds and features a super-safe, built-in staircase. Even better, each step doubles as a spacious pull-out drawer, making it the perfect bunk bed with storage stairs to keep toys, clothes, and bedding organized!

Whether you are looking for advanced adult loft bed build plans for a vacation rental or fun kids bedroom furniture to challenge your DIY skills, these step-by-step blueprints will guide you to a professional-quality, rock-solid build.

📐 BUNK BED DIMENSIONS:
Overall Width: 87 1/4 inches
Overall Depth: 65 1/4 inches
Overall Height: 118 inches 

🛠️ WHAT IS INCLUDED IN THIS DIGITAL DOWNLOAD?

Detailed Building Plans: Clear, step-by-step instructions with 3D illustrations for your diy bunk bed project.
Comprehensive Material List: Know exactly what structural lumber, plywood, and drawer hardware to buy.
Precise Cut List: Minimize wood waste and save money with our accurate loft bed blueprint.
Assembly Tips: Professional advice on framing the sturdy pillars, constructing the heavy-duty mattress supports, and building the functional storage stairs.

💡 WHY CHOOSE OUR PLANS?

Store-bought triple bunk beds can cost thousands of dollars and often wiggle or squeak over time. Building your own custom wood loft bed with stairs allows you to use premium, thick lumber for a structure that won't budge. Plus, you can paint or stain it to perfectly match your room's aesthetic!

⚠️ PLEASE NOTE: This is a DIGITAL DOWNLOAD only. No physical items, mattresses, bedding, drawer slides, hardware, or lumber will be shipped. You will receive high-quality PDF files instantly upon purchase.",4.99,USD,97,"triple_bunk_bed,bunk_bed_plans,bed_with_stairs,storage_stairs_bed,3_tier_bunk_bed,loft_bed_plans,diy_bunk_bed,woodworking_plans,wooden_bunk_bed,kids_bed_frame,adult_loft_bed,custom_bed_build,bedroom_furniture","Digital Download,PDF File,Digital Instructions,Instant Download,Printable File",https://i.etsystatic.com/37058139/r/il/867d31/7852796317/il_fullxfull.7852796317_c7rh.jpg,https://i.etsystatic.com/37058139/r/il/7a12c6/7804854978/il_fullxfull.7804854978_3jw3.jpg,https://i.etsystatic.com/37058139/r/il/b4bf3b/7852796305/il_fullxfull.7852796305_ag21.jpg,https://i.etsystatic.com/37058139/r/il/8198fa/7804854972/il_fullxfull.7804854972_k1bl.jpg,https://i.etsystatic.com/37058139/r/il/ddcc45/7852796315/il_fullxfull.7852796315_l053.jpg,https://i.etsystatic.com/37058139/r/il/6d29ab/7804854976/il_fullxfull.7804854976_aydi.jpg,https://i.etsystatic.com/37058139/r/il/15d6d1/7804854982/il_fullxfull.7804854982_9n7l.jpg,https://i.etsystatic.com/37058139/r/il/ac5442/7852796327/il_fullxfull.7852796327_luj6.jpg,,,,,,,,,1
"Modern Bird Feeder Plans | Hanging X-Frame Design (PDF)","🐦 Invite Nature into Your Garden with Style!

Transform your backyard into a birdwatcher's paradise with these premium Bird Feeder Plans. This isn't just a simple box; it is a stylish, modern piece of garden decor featuring a unique ""X-frame"" design and a protective roof structure.

Designed for both functionality and aesthetics, this Bird Feeder Blueprint guides you to build a sturdy hanging station that keeps seeds dry while offering an unobstructed view of your feathered friends.

Why You’ll Love Building This:

Modern ""Open"" Design: Unlike closed houses, this Bird Table Plans design features a spacious feeding tray and a wide roof span, allowing multiple birds to feed at once.

Clear View: The design is optimized for a clear/acrylic roof (as shown in the plans), which protects the seed from rain but lets you watch the birds from any angle.

Sturdy Construction: The X-frame base is not only visually striking but creates a solid structure that withstands wind when hanging.

Beginner Friendly: This is a perfect weekend project. If you are looking for Diy Bird Feeder Plans that look professional but are easy to assemble, this is it.

Versatile: Use Cedar for a natural weather-resistant look or paint it to match your house.

📏 Dimensions (Finished Build):

Total Height: 14 inches (36 cm)
Base Width: 15 inches (38 cm)
Base Depth: 15 inches (38 cm)
Roof Span: 18 inches (46 cm)

📂 What You Will Receive:

Digital PDF Plans: High-quality, printable Bird Feeder Drawings.
Step-by-Step Instructions: Clear guidance from cutting to assembly.
Material & Cut List: Know exactly what wood and hardware you need before you start.
1:1 Templates: Patterns for the angled cuts to make the ""X"" shape perfectly.

Perfect For:

Gardeners wanting Bird Feeder Outdoors Diy projects.
Woodworking beginners looking for a rewarding result.
Making handmade gifts for nature lovers.
A fun parent-child building activity.

Download these Bird Feeder Digital Download Plans today and start enjoying the chirping and singing in your garden tomorrow!

Questions about the build? Feel free to message me anytime. Happy Woodworking!",5,USD,53,"Bird_Feeder_Plan,Bird_Station_DIY,Modern_Birdhouse,Woodworking_Plan,Garden_Decor,Standing_Feeder,Bird_Hotel_Plan,Wildlife_Garden,Cedar_Feeder_DIY,Tower_Feeder,Outdoor_Wood_Plan,Backyard_Project,Digital_Pattern","Digital Download,PDF File,Digital Instructions,Instant Download,Printable File",https://i.etsystatic.com/37058139/r/il/8ed1d8/7488363676/il_fullxfull.7488363676_db67.jpg,https://i.etsystatic.com/37058139/r/il/6a8b68/7536298261/il_fullxfull.7536298261_8kzj.jpg,https://i.etsystatic.com/37058139/r/il/335873/7488363670/il_fullxfull.7488363670_hsbg.jpg,https://i.etsystatic.com/37058139/r/il/2489aa/7536298257/il_fullxfull.7536298257_2vs9.jpg,https://i.etsystatic.com/37058139/r/il/7c36e6/7536298249/il_fullxfull.7536298249_jady.jpg,https://i.etsystatic.com/37058139/r/il/81d6bb/7488363672/il_fullxfull.7488363672_69bk.jpg,https://i.etsystatic.com/37058139/r/il/e5b73e/7536298245/il_fullxfull.7536298245_ofca.jpg,,,,,,,,,,1
"Modern Sideboard Plans | Slatted Door, Mid-Century Legs (Digital Download)","Looking for the perfect balance of hidden storage and stylish display space? Whether you need a sleek modern sideboard for your living room, a functional entryway table plan, or a chic buffet cabinet plan for your dining area, this versatile design has you covered.

This comprehensive digital guide provides easy-to-follow woodworking plans to build your very own wooden sideboard cabinet. Featuring a beautiful slatted sliding door and mid-century modern legs, this piece instantly elevates any room. Why spend a fortune on store-bought furniture when these diy sideboard plans allow you to create a custom, high-quality solid wood cabinet yourself?

With a compact yet spacious 49-inch width, it perfectly fits into tight spaces while offering ample room for books, decor, or dining essentials. Forget confusing cabinet blue prints; our step-by-step visual instructions make this a rewarding project for any weekend warrior.

🔨 Why Choose This Great Wooden Project?

Versatile Design: Functions beautifully as a living room console, entryway catch-all, or dining buffet.
Slatted Sliding Door: Adds a high-end, custom look while smartly hiding clutter.
Beginner-Friendly: Clear, step-by-step furniture plans woodworking instructions that eliminate the guesswork.

Cost-Effective: Build a premium piece for a fraction of retail prices.

📐 Overall Dimensions:

Width: 49""
Height: 26""
Depth: 16""

📥 What’s Inside Your Digital PDF Download?

Instant Access: Start building immediately after purchase.
Detailed 3D Illustrations: Visual guides for every single step.
Complete Material & Tool Lists: Shop efficiently at the hardware store.
Precise Cut List: Maximize your lumber and minimize waste.

(Friendly Reminder: This is a DIGITAL DOWNLOAD for a sideboard blueprint. No physical item will be shipped to you.)",8,USD,73,"woodworking_plans,modern_sideboard,entryway_table_plan,buffet_cabinet_plan,diy_woodworking,solid_wood_cabinet,diy_sideboard_plans,sideboard_blueprint,living_room_cabinet,sideboard_plans,cabinet_blue_prints,diy_plans_cabinet,wooden_sideboard","Digital Download,PDF File,Digital Instructions,Instant Download,Printable File",https://i.etsystatic.com/37058139/r/il/7c36db/7787874263/il_fullxfull.7787874263_2svk.jpg,https://i.etsystatic.com/37058139/r/il/aa332f/7787874271/il_fullxfull.7787874271_d8k1.jpg,https://i.etsystatic.com/37058139/r/il/5783bf/7787874279/il_fullxfull.7787874279_p43k.jpg,https://i.etsystatic.com/37058139/r/il/941c13/7787874265/il_fullxfull.7787874265_6w1i.jpg,https://i.etsystatic.com/37058139/r/il/3b125f/7739918734/il_fullxfull.7739918734_5z2f.jpg,https://i.etsystatic.com/37058139/r/il/bbc22b/7787874283/il_fullxfull.7787874283_bnp2.jpg,https://i.etsystatic.com/37058139/r/il/082874/7739918736/il_fullxfull.7739918736_471x.jpg,https://i.etsystatic.com/37058139/r/il/d8b7d5/7787874297/il_fullxfull.7787874297_lwkr.jpg,https://i.etsystatic.com/37058139/r/il/e35fa4/7739918744/il_fullxfull.7739918744_cfri.jpg,https://i.etsystatic.com/37058139/r/il/a0965b/7787874293/il_fullxfull.7787874293_pudz.jpg,,,,,,,1
"6x12 Firewood Shed DIY Plans PDF | 3 Cord Wood Storage Rack Blueprint | Large Dry Wood Shelter","DIY 6x12 Firewood Shed Plans PDF | 3 Cord Wood Storage Rack Blueprint

Stop letting your valuable firewood rot under cheap plastic tarps! This comprehensive digital woodworking blueprint provides the exact, step-by-step instructions to build a massive, heavy-duty 6x12 Firewood Shed. Designed with an extra-deep profile to hold a full 3 cords of wood, this structure is the ultimate high-capacity storage solution for homesteaders, cabin owners, and anyone who relies heavily on a wood stove to heat their home through the brutal winter.

Engineered for Perfect Seasoning & Extreme Protection:

Extra-Deep Storage Capacity: The massive 72-inch depth allows you to stack multiple rows of standard-cut logs from front to back, maximizing your storage footprint and securely holding 3 full cords of wood.

Maximum Airflow Design: Firewood needs to breathe to dry properly. The slatted back and side walls, combined with the elevated floor, ensure continuous cross-ventilation, naturally seasoning your wood faster and preventing mold or rot.

Heavy-Duty Sloped Roof: The slanted corrugated metal roof design ensures heavy snow and rain slide right off, keeping your massive wood supply bone-dry and ready to burn.

Reinforced Framing: Storing 3 cords of wood means holding thousands of pounds. This blueprint features a heavily reinforced frame and thick dividers to prevent the structure from bowing under immense lateral and vertical pressure.

Fully Assembled Dimensions:

Overall Width: 144 inches

Overall Depth: 72 inches (Extra-deep design for multi-row stacking)

Overall Height: 95-1/8 inches (Slanted roofline)

Inside Your Digital PDF Download:

Your instant download provides a professional, frustration-free woodworking guide:

Measurement Standards: All structural details and cut lists are provided strictly in Imperial (inches).

Precise Material & Cut Lists: Take the exact shopping list to the hardware store and follow our precise cutting guide to eliminate costly wood waste.

Step-by-Step 3D Assembly: Crystal-clear visual instructions that walk you through framing the massive 6x12 elevated base, erecting the heavy-duty posts, and attaching the slatted airflow walls.

(Please Note: This listing is for a digital PDF woodworking instruction book only. No physical shed, firewood, or lumber will be shipped.)

Invest in a permanent home for your firewood. Download your plans today and start building your ultimate dry wood shelter!",5,USD,100,"6x12_firewood_shed,3_cord_wood_rack,wood_storage_pdf,large_wood_shelter,outdoor_log_store,shed_with_firewood,fire_wood_rack_diy,heavy_duty_log_rack,woodworking_plans,backyard_shed_diy,log_storage_build,winter_wood_shed,wood_seasoning_rack",,https://i.etsystatic.com/37058139/r/il/4f2380/7968835825/il_fullxfull.7968835825_occa.jpg,https://i.etsystatic.com/37058139/r/il/c65f9e/7968835415/il_fullxfull.7968835415_a4b1.jpg,https://i.etsystatic.com/37058139/r/il/35f5ed/7920884438/il_fullxfull.7920884438_4atx.jpg,https://i.etsystatic.com/37058139/r/il/cdf558/7968835891/il_fullxfull.7968835891_6ats.jpg,https://i.etsystatic.com/37058139/r/il/fdea68/7920884494/il_fullxfull.7920884494_oyym.jpg,https://i.etsystatic.com/37058139/r/il/eaba87/7920884502/il_fullxfull.7920884502_366h.jpg,https://i.etsystatic.com/37058139/r/il/16dec7/7968835605/il_fullxfull.7968835605_oju6.jpg,https://i.etsystatic.com/37058139/r/il/748cfe/7920884348/il_fullxfull.7920884348_pcz9.jpg,https://i.etsystatic.com/37058139/r/il/691e23/7920884532/il_fullxfull.7920884532_egov.jpg,,,,,,,,1
"3x6 Firewood Shed DIY Plans PDF | Small Wood Storage Rack Blueprint |  Dry Wood Shelter","DIY 3x6 Firewood Shed Plans PDF | Compact Wood Storage Rack Blueprint

Stop letting your firewood rot under cheap plastic tarps! This comprehensive digital woodworking blueprint provides the exact, step-by-step instructions to build a heavy-duty, 3x6 Firewood Shed. Designed with a perfectly compact capacity, this structure is the ideal storage solution for homeowners with fireplaces, fire pits, or anyone needing a smaller, organized log store.

Engineered for Perfect Seasoning & Protection:

Maximum Airflow Design: Firewood needs to breathe to dry properly. The slatted back and side walls, combined with the elevated floor, ensure continuous cross-ventilation, naturally seasoning your wood faster and preventing mold or rot.

Heavy-Duty Sloped Roof: The slanted corrugated metal roof design ensures heavy snow and rain slide right off, keeping your wood bone-dry and ready to burn.

Reinforced Framing: Despite its compact size, firewood is heavy. This blueprint features a robust frame designed to prevent the structure from bowing under pressure.

Fully Assembled Dimensions:

Overall Width: 72 inches
Overall Depth: 36 inches
Overall Height: 84 inches (Slanted roofline)

Inside Your Digital PDF Download: Your instant download provides a professional, frustration-free woodworking guide:

Measurement Standards: All structural details and cut lists are provided strictly in Imperial (inches).

Precise Material & Cut Lists: Take the exact shopping list to the hardware store and follow our precise cutting guide to eliminate costly wood waste.

Step-by-Step 3D Assembly: Crystal-clear visual instructions that walk you through framing the elevated base, erecting the heavy-duty posts, and attaching the slatted airflow walls.

(Please Note: This listing is for a digital PDF woodworking instruction book only. No physical shed, firewood, or lumber will be shipped.)

Invest in a permanent home for your firewood. Download your plans today and start building your ultimate dry wood shelter!",5,USD,100,"3x6_firewood_shed,compact_wood_rack,firewood_storage_pdf,small_log_store_diy,dry_wood_shelter,shed_with_firewood,fire_wood_rack_diy,heavy_duty_log_rack,woodworking_plans,backyard_shed_diy,log_storage_build,wood_seasoning_rack,outdoor_firewood",,https://i.etsystatic.com/37058139/r/il/f8cdda/7920875662/il_fullxfull.7920875662_iuix.jpg,https://i.etsystatic.com/37058139/r/il/57c558/7968827033/il_fullxfull.7968827033_oya1.jpg,https://i.etsystatic.com/37058139/r/il/27cf50/7920875722/il_fullxfull.7920875722_3ykc.jpg,https://i.etsystatic.com/37058139/r/il/db30cf/7968827395/il_fullxfull.7968827395_mftg.jpg,https://i.etsystatic.com/37058139/r/il/823b2a/7920875738/il_fullxfull.7920875738_hhft.jpg,https://i.etsystatic.com/37058139/r/il/3b0a26/7968827217/il_fullxfull.7968827217_6imp.jpg,https://i.etsystatic.com/37058139/r/il/07079a/7968827153/il_fullxfull.7968827153_881k.jpg,https://i.etsystatic.com/37058139/r/il/305ba2/7920875594/il_fullxfull.7920875594_jkfx.jpg,https://i.etsystatic.com/37058139/r/il/7b64e2/7968827387/il_fullxfull.7968827387_1iou.jpg,,,,,,,,1
"4x12 Firewood Shed DIY Plans PDF | 2 Cord Wood Storage Rack Blueprint | Large Dry Wood Shelter","DIY 4x12 Firewood Shed Plans PDF | 2 Cord Wood Storage Rack Blueprint

Stop letting your valuable firewood rot under cheap plastic tarps! This comprehensive digital woodworking blueprint provides the exact, step-by-step instructions to build a heavy-duty, 4x12 Firewood Shed. Designed with a generous 2-cord capacity, this structure is the perfect mid-sized solution for homesteaders, cabin owners, and anyone who relies on a wood stove to heat their home through the winter.

Engineered for Perfect Seasoning & Protection:

Maximum Airflow Design: Firewood needs to breathe to dry properly. The slatted back and side walls, combined with the elevated floor, ensure continuous cross-ventilation, naturally seasoning your wood faster and preventing mold or rot.

Heavy-Duty Sloped Roof: The slanted roof design ensures heavy snow and rain slide right off, keeping your two cords of wood bone-dry and ready to burn.

Reinforced Framing: Storing 2 cords of wood means holding thousands of pounds. This blueprint features a reinforced heavy-duty center divider to prevent the frame from bowing under immense lateral pressure.

While this listing is for our popular 4x12 capacity model, we offer a complete series of storage solutions. 

Inside Your Digital PDF Download:

Your instant download provides a professional, frustration-free woodworking guide:

Measurement Standards: All structural details and cut lists are provided strictly in Imperial (inches).

Precise Material & Cut Lists: Take the exact shopping list to the hardware store and follow our cutting guide to eliminate costly wood waste.

Step-by-Step 3D Assembly: Crystal-clear visual instructions that walk you through framing the elevated base, erecting the heavy-duty divider, and attaching the slatted airflow walls.

(Please Note: This listing is for a digital PDF woodworking instruction book only. No physical shed, firewood, or lumber will be shipped.)

Invest in a permanent home for your firewood. Download your plans today and start building your ultimate dry wood shelter!",5,USD,100,"4x12_firewood_shed,2_cord_wood_rack,firewood_storage_pdf,dry_wood_shelter,wood_shed_plans,outdoor_log_store,shed_with_firewood,fire_wood_rack_diy,heavy_duty_log_rack,woodworking_plans,backyard_shed_diy",,https://i.etsystatic.com/37058139/r/il/fe952c/7968803253/il_fullxfull.7968803253_1i8e.jpg,https://i.etsystatic.com/37058139/r/il/2008b7/7920851468/il_fullxfull.7920851468_3xn2.jpg,https://i.etsystatic.com/37058139/r/il/7208af/7920851866/il_fullxfull.7920851866_9vhx.jpg,https://i.etsystatic.com/37058139/r/il/d6304d/7920851956/il_fullxfull.7920851956_aem5.jpg,https://i.etsystatic.com/37058139/r/il/105458/7968803453/il_fullxfull.7968803453_q34f.jpg,https://i.etsystatic.com/37058139/r/il/d7c335/7968803399/il_fullxfull.7968803399_eta6.jpg,https://i.etsystatic.com/37058139/r/il/4d2e75/7968803615/il_fullxfull.7968803615_km0f.jpg,https://i.etsystatic.com/37058139/r/il/f77b42/7968803427/il_fullxfull.7968803427_lfqc.jpg,https://i.etsystatic.com/37058139/r/il/145969/7920851832/il_fullxfull.7920851832_gj8p.jpg,https://i.etsystatic.com/37058139/r/il/ab4af5/7968803577/il_fullxfull.7968803577_80ts.jpg,,,,,,,1
"Life-Size Santa Sleigh & Reindeer Plans | 2D Plywood Template for Outdoor Christmas Decor | DIY Silhouette Pattern | PDF Woodworking","🎅 Create a Magical Silhouette in Your Front Yard!

Turn your home into a holiday landmark with these Santa Sleigh Diy Plans. This design focuses on the classic 2D profile, making it the perfect project for cutting out of plywood or MDF sheets. Whether you use a simple jigsaw or a CNC machine, these Sleigh Blueprints will help you create a stunning life-size display.
This set is designed to be a showstopper. It features the elegant side profile of Santa's sleigh along with the matching reindeer, creating a cohesive Santa Sleigh Yard Display.

Why Choose These 2D Plans?

Complete Scene: The pattern includes templates for both the large sleigh and the reindeer.
Easy to Transfer: These are designed as Santa Sleigh Wooden Pattern templates. Simply trace the shapes onto your wood sheets and cut along the lines.

Impressive Scale: This is not a miniature model. It is a Full Size Wood Sleigh measuring over 83 inches long, making it visible and impressive from the street.

Versatile Construction: Perfect for creating flat ""stand-up"" cutouts for your lawn or layering wood for a 3D effect. Ideal for Outdoor Christmas Diy projects.

📏 Dimensions (Finished Cutouts):

The Sleigh:
Length: 212 cm (83.5 inches)
Height: 120 cm (47 inches)
Width: ~105 cm (~41.5 inches) depending on your assembly width.

The Reindeer:

Height: 160 cm (approx. 63 inches with antlers)
Width/Length: 107 cm (42 inches)

📂 What You Will Receive:

Digital Templates: High-resolution PDF files of the Pattern for Fill Sleigh and Reindeer.
Grid Layout / Large Format: Files prepared to help you transfer the large shape onto standard wood sheets.
Assembly Notes: Basic guidelines on how to brace the cutouts for outdoor standing.

Perfect For:

CNC Router Owners looking for holiday files.
DIYers with a Jigsaw wanting a weekend project.
Creating Santa Sleigh Life Like Diy photo backdrops.
Sleigh and Santa Instructions for school or church plays.

Get your saw ready! Download these Plans for Sleigh today and build a display that will delight the whole neighborhood.

Happy Building and Happy Holidays! Check our shop for more festive decor.",5,USD,42,"Santa_Sleigh_Plan,Reindeer_Template,Christmas_Yard_Art,Outdoor_Decor_DIY,Woodworking_Plan,Holiday_Photo_Prop,Life_Size_Sleigh,Winter_Wonderland,Lawn_Ornament,Plywood_Project,Xmas_Garden_Decor,Santas_Sleigh,Digital_Pattern","Digital Download,PDF File,Digital Instructions,Instant Download,Printable File",https://i.etsystatic.com/37058139/r/il/7b405b/7536304411/il_fullxfull.7536304411_qn3c.jpg,https://i.etsystatic.com/37058139/r/il/25f094/7488369696/il_fullxfull.7488369696_cejr.jpg,https://i.etsystatic.com/37058139/r/il/ac6208/7488369684/il_fullxfull.7488369684_hqzi.jpg,https://i.etsystatic.com/37058139/r/il/15ef3f/7536304423/il_fullxfull.7536304423_c3bi.jpg,https://i.etsystatic.com/37058139/r/il/9705e2/7488369660/il_fullxfull.7488369660_j3t8.jpg,,,,,,,,,,,,1
"4x16 Firewood Shed DIY Plans PDF | 3 Cord Wood Storage Rack Blueprint | Large Dry Wood Shelter","Easy 4x16 Firewood Shed DIY Plans PDF 

Stop letting your valuable firewood rot under cheap plastic tarps! This comprehensive digital woodworking blueprint provides the exact, step-by-step instructions to build a heavy-duty, 4x16 Firewood Shed. Designed with a massive 3-cord capacity, this structure is an absolute necessity for homesteaders, cabin owners, and anyone who relies on a wood stove to heat their home through the winter.

Engineered for Perfect Seasoning & Protection:

Maximum Airflow Design: Firewood needs to breathe to dry properly. The slatted back and side walls, combined with the elevated floor, ensure continuous cross-ventilation, naturally seasoning your wood faster and preventing mold or rot.

Heavy-Duty Sloped Roof: The slanted corrugated metal roof design ensures heavy snow and rain slide right off, keeping your three cords of wood bone-dry and ready to burn.

Reinforced Framing: Storing 3 cords of wood means holding thousands of pounds. This blueprint features multiple reinforced dividing sections to prevent the frame from bowing under immense lateral pressure.

Looking for a Different Size? (We have engineered this exact structure for every yard!) While this listing is for our largest 4x16 capacity model, we offer a complete series of storage solutions. Whether you are specifically searching for a compact 4x5 Wood Shed, a mid-sized 4x12 Firewood Storage Plan, or a shed with extra storage for kindling, please visit our shop to find the perfect blueprint for your space.

Fully Assembled Dimensions:

Overall Width: 195 inches (16+ Feet of storage space!)
Overall Depth: 51 inches (Designed for standard cut logs)
Overall Height: 94-1/4 inches (Slanted roofline)

Inside Your Digital PDF Download: Your instant download provides a professional, frustration-free woodworking guide:

Universal Measurement Standards: All structural details are provided in both Imperial (inches).

Precise Material & Cut Lists: Take the exact shopping list to the hardware store and follow our cutting guide to eliminate costly wood waste.

Step-by-Step 3D Assembly: Crystal-clear visual instructions that walk you through framing the elevated base, erecting the heavy-duty dividers, and attaching the slatted airflow walls.

(Please Note: This listing is for a digital PDF woodworking instruction book only. No physical shed, firewood, or lumber will be shipped.)

Invest in a permanent home for your firewood. Download your plans today and start building your ultimate dry wood shelter!",5,USD,100,"firewood_shed_plan,4x16_wood_shed,3_cord_wood_rack,dry_wood_shelter,16_firewood_storage,wood_shed_plans,outdoor_log_store,shed_with_firewood,fire_wood_rack_diy,heavy_duty_log_rack,wood_working_plans,firewood_storage_pdf",,https://i.etsystatic.com/37058139/r/il/2458e2/7968792495/il_fullxfull.7968792495_pi5s.jpg,https://i.etsystatic.com/37058139/r/il/e15b45/7968792493/il_fullxfull.7968792493_cujn.jpg,https://i.etsystatic.com/37058139/r/il/0e00ef/7920840640/il_fullxfull.7920840640_4ulg.jpg,https://i.etsystatic.com/37058139/r/il/3b8d06/7920840644/il_fullxfull.7920840644_1b7p.jpg,https://i.etsystatic.com/37058139/r/il/847d10/7968792497/il_fullxfull.7968792497_lefw.jpg,https://i.etsystatic.com/37058139/r/il/d216ce/7968792501/il_fullxfull.7968792501_i8i3.jpg,https://i.etsystatic.com/37058139/r/il/0bf8d2/7920840676/il_fullxfull.7920840676_aeor.jpg,https://i.etsystatic.com/37058139/r/il/5207a1/7920840670/il_fullxfull.7920840670_r4t4.jpg,https://i.etsystatic.com/37058139/r/il/5e24d2/7968792533/il_fullxfull.7968792533_m306.jpg,,,,,,,,1
"Covered Garden Swing Plans | DIY A-Frame Bench with Roof (PDF Blueprint","Create Your Own Backyard Sanctuary 🌿✨

Imagine enjoying your morning coffee or watching the sunset while gently swaying in your own handmade garden swing. This isn't just a swing; it's a complete Covered Swing Bench with a beautiful pergola-style roof that defines your outdoor space.

With these easy-to-follow Wooden Garden Swing Plans, you can build a stunning, self-supporting structure that doesn't require a big tree or a porch ceiling. Place it anywhere on your lawn, patio, or deck!

Why You’ll Love This Build:

Built-in Shade: Unlike basic swings, this design features a stylish Swing Plans With Roof structure (Canopy), offering protection from the sun and adding a high-end look.

Sturdy A-Frame Design: The robust A-Frame Swing Stand ensures stability and safety, making it a ""rock-solid"" addition to your garden.

Freestanding Freedom: This is a Self Supporting Swing system. No need to worry about hanging points; the stand holds it all.

Spacious Seating: The wide bench comfortably seats 2-3 adults, perfect for relaxing with family.

📏 Impressive Dimensions (As shown in plans):

Total Width: 92 inches (approx. 234 cm) – Wide and welcoming.

Total Height: 83 inches (approx. 211 cm) – Tall enough for great headroom.

Depth: 60 inches (approx. 152 cm) – Stable footprint.

📂 What’s Included in Your Download:

Professional PDF Blueprints: Clear, step-by-step instructions for both the frame and the bench.

Material & Cut List: A complete shopping guide to help you buy exactly what you need (Lumber, hardware, chains).

Assembly Diagrams: 3D visuals to guide you through every screw and bolt.

Perfect Project For:

DIYers looking for Outdoor Glider Furniture Plans.

Upgrading a patio with a Wooden Swing with Stand.

Creating a romantic or cozy corner in the garden.

Instant Digital Download: Get started on your dream project today! Please Note: This listing is for DIGITAL PLANS only. No physical wood or swing will be shipped.",10,USD,89,"Wooden_Swing_Plans,Covered_Swing_DIY,A-Frame_Swing_Stand,Swing_With_Roof,Garden_Furniture,Self_Supporting,Porch_Swing_Stand,Outdoor_Glider_Plan,Swing_Bench_Build,Yard_Swing_Project,Patio_Seating_DIY,Woodworking_Plans,Digital_Blueprint","Digital Download,PDF File,Digital Instructions,Instant Download,Printable File",https://i.etsystatic.com/37058139/r/il/e9d4e8/7679218863/il_fullxfull.7679218863_humi.jpg,https://i.etsystatic.com/37058139/r/il/b419c9/7631268288/il_fullxfull.7631268288_o425.jpg,https://i.etsystatic.com/37058139/r/il/685bb6/7631268318/il_fullxfull.7631268318_92se.jpg,https://i.etsystatic.com/37058139/r/il/650b8c/7631268330/il_fullxfull.7631268330_i5l3.jpg,https://i.etsystatic.com/37058139/r/il/66c5fa/7631268326/il_fullxfull.7631268326_ccuq.jpg,https://i.etsystatic.com/37058139/r/il/b03066/7679218855/il_fullxfull.7679218855_goi6.jpg,https://i.etsystatic.com/37058139/r/il/80ddd2/7631268340/il_fullxfull.7631268340_7ii1.jpg,https://i.etsystatic.com/37058139/r/il/ef66fe/7679218835/il_fullxfull.7679218835_pmfg.jpg,https://i.etsystatic.com/37058139/r/il/313513/7631268328/il_fullxfull.7631268328_jz0p.jpg,https://i.etsystatic.com/37058139/r/il/5fbd64/7679218845/il_fullxfull.7679218845_gn0k.jpg,,,,,,,1
"The Ultimate Custom Grinch Christmas Font SVG Bundle  | Holiday Doodle Alphabet & Lettering Kit (SVG, Dxf, Eps, Png)","💚 The Ultimate Custom Grinch Christmas Font SVG Bundle 🎄 | Holiday Doodle Alphabet & Lettering Kit (SVG, DXF, EPS, PNG)

Product Description: Bring Whoville to Your Crafts!

Get ready for a truly Grinchy Christmas! This massive digital bundle provides everything you need to create personalized, holiday-themed projects with the iconic style of everyone’s favorite holiday rogue. This isn't just a basic font; it's a complete The Grinch Alphabet and Grinch Lettering Cricut Svg kit, perfect for crafting custom names, phrases, and festive designs!

If you're looking for the signature The Grinch Font Alphabet to make your holiday creations stand out, look no further.

✨ Key Features for Crafters:

Custom Name Generator: Easily create Grinch Font Custom Name designs for personalized gifts, stockings, and apparel.

Versatile Cutting Files: Includes Grinch Font for Cricket (Cricut) and other cutting machines, ensuring smooth, clean cuts every time.

Complete Lettering Kit: Contains all uppercase letters, numbers, and festive symbols in the distinctive The Green Font style.

Printable Quality: High-resolution Grinch Font Printable and Grinch Font Png Files are perfect for sublimation, iron-on transfers, and digital art.

Wide Software Compatibility: Use with popular programs like Cricut Design Space, Silhouette Studio, Adobe Illustrator, and more.

Grinch Word & Text: Perfect for creating any Grinch Word or phrase, making holiday quotes, and designing unique cards.

📦 What's Included in Your Download:

Your purchase includes an instant digital download ZIP file containing all characters (A-Z, 0-9, and symbols) in the following formats:

SVG (The ultimate cutting file for Cricut)

DXF (Compatible with basic Silhouette Studio)

EPS (Vector file for scaleable printing and professional design)

PNG (300 DPI, High-resolution transparent background)

Instant download. No physical items will be shipped.

Don't let the Grinch steal your Christmas joy—get this bundle and start crafting those perfect holiday gifts today!",5,USD,46,"christmas_coloring,simple_christmas,grinch_alphabet,The_Grinch_Alphabet,Grinch_Font_Alphabet,Grinch_Font_Cricket,Grinch_Printable,Grinch_Font_Png","Digital Download,PDF File,Digital Instructions,Instant Download,Printable File",https://i.etsystatic.com/37058139/r/il/b9e21e/7448929887/il_fullxfull.7448929887_mraz.jpg,https://i.etsystatic.com/37058139/r/il/5b78ab/7401014708/il_fullxfull.7401014708_lcoh.jpg,https://i.etsystatic.com/37058139/r/il/0ca1b0/7401014714/il_fullxfull.7401014714_v33p.jpg,https://i.etsystatic.com/37058139/r/il/991101/7401014704/il_fullxfull.7401014704_j107.jpg,https://i.etsystatic.com/37058139/r/il/b521b9/7448929869/il_fullxfull.7448929869_69td.jpg,https://i.etsystatic.com/37058139/r/il/775a18/7448929889/il_fullxfull.7448929889_ri45.jpg,https://i.etsystatic.com/37058139/r/il/aca2e2/7448929879/il_fullxfull.7448929879_nxn3.jpg,https://i.etsystatic.com/37058139/r/il/a10110/7448929883/il_fullxfull.7448929883_bli0.jpg,https://i.etsystatic.com/37058139/r/il/3caa44/7401014722/il_fullxfull.7401014722_i1zk.jpg,,,,,,,,1
"DIY 13 FT Wooden Windmill Plans: Rustic Farmhouse Yard Decor (Digital Download)","Build a Landmark: DIY 4 Meter (13 FT) Wooden Windmill Plans

Stop searching for Garden Windmill perfection—build it yourself! Give your yard that unique Farmhouse charm with our comprehensive DIY Wooden Windmill Plans. Designed for a magnificent 4 Meter (13 FT) height, this isn't just a decoration; it's a stunning, functional Yard Ornament that will be the focal point of your neighborhood.

Why These Windmill Plans Are Your Best Investment

Our blueprints combine Modern precision with classic Rustic appeal, making this project accessible and rewarding.

Massive & Impressive: These Large Windmill plans guide you in building a huge 13 FT structure, perfect for dramatic Outdoor Wood Windmill Home Decor and truly defining your space.

Authentic Dutch Style: The design is inspired by the iconic Dutch Windmill, incorporating the classic look you love, ideal for a Windmill Theme garden.

Designed for DIY: Skip the expensive Handmade Windmill price tag! Our detailed blueprints make it easy to create a durable Wooden Windmill Outdoor structure, perfect for a Backyard Windmill or lawn feature.

Multi-Functional: The plans include options for the classic Windmill Head and can be adapted into a decorative Windmill Wind Vane or even a Dutch Windmill Birdhouse (though the main plan focuses on the large structure).

We included popular search terms like rustic garden windmill, wood yard windmill, and even niche terms like 6 Foot Wooden Windmill Dornyard inspiration, ensuring people find your listing easily.

What's Included in Your Digital Download?

You're purchasing a downloadable set of plans—not the physical Wood Windmill

Detailed, Step-by-Step Instructions: Easy to follow, even if you're new to large DIY projects.

Materials List: Everything you need to source the lumber for your impressive 4-Meter Wooden Windmills Lawn statement.

Professional Diagrams: Clear, high-quality illustrations to simplify every cut and joint.

Tool List: Get started immediately on your Garden Windmill build.

Ready to Transform Your Backyard?

Click 'Add to Cart' and download your Vintage Blueprint instantly. Start building the stunning Windmill your garden deserves today!",9,USD,59,"windmill_plans,windmill_art,windmills,windmill,large_windmill,holland_windmills,windmill_theme,blue_windmill,wood_windmill,backyard_windmill,handmade_windmill,windmill_head,metal_windmill_clock","Digital Download,PDF File,Digital Instructions,Instant Download,Printable File",https://i.etsystatic.com/37058139/r/il/7fb93a/7245706984/il_fullxfull.7245706984_j7o2.jpg,https://i.etsystatic.com/37058139/r/il/3e3269/7245706992/il_fullxfull.7245706992_1l1k.jpg,https://i.etsystatic.com/37058139/r/il/f9ac22/7286099401/il_fullxfull.7286099401_ooi8.jpg,https://i.etsystatic.com/37058139/r/il/273b44/7144919048/il_fullxfull.7144919048_amqt.jpg,,,,,,,,,,,,,1
"Modern S-Shaped Floating Shelf Plans, Woodworking Blueprints (Digital Download)","Elevate Your Decor with Modern DIY S-Shaped Wall Shelf Plans!

Looking to add a contemporary touch to your walls? Build your own stylish and functional display with our comprehensive floating shelf plans. This unique S-shaped asymmetrical design serves as the perfect book shelf plan for small spaces, or a decorative diy wall shelf for your living room, office, or bedroom.

Whether you are looking for diy shelving plans to organize your home or professional bookcase woodworking plans for a weekend project, these step-by-step shelves blueprints will guide you through the entire process.

📐 WALL SHELF DIMENSIONS:

Overall Width: 18 inches
Overall Depth: 7 13/16 inches
Overall Height: 15 15/16 inches

🛠️ WHAT IS INCLUDED IN THIS DIGITAL DOWNLOAD?

Detailed Building Plans: Clear, step-by-step instructions with 3D illustrations for the floating shelf diy plans.
Comprehensive Material List: Know exactly what lumber and mounting hardware you need for your diy wood shelves.
Precise Cut List: Minimize wood waste and save money with our accurate shelves template.
Assembly Tips: Professional floating shelf instructions to ensure a perfectly level and secure wall mount.

💡 WHY CHOOSE OUR PLANS?

Building your own floating shelves wood plans is a rewarding way to get high-end designer furniture at a fraction of the cost. This sturdy, modern design is beginner-friendly and fits perfectly into any farmhouse bookshelf plans or minimalist interior decor style.

⚠️ PLEASE NOTE: This is a DIGITAL DOWNLOAD only. No physical items, decor, or lumber will be shipped. You will receive high-quality PDF files instantly upon purchase.",5,USD,98,"wall_shelf_plans,diy_floating_shelf,book_shelf_plan,shelves_blueprints,diy_shelving_plans,floating_shelf_pdf,modern_wall_shelf,wood_shelf_plans,shelves_template,floating_shelf_diy,diy_wall_decor,wall_shelves_diy,woodworking_plans",Wood,https://i.etsystatic.com/37058139/r/il/b8e77d/7766612088/il_fullxfull.7766612088_pqid.jpg,https://i.etsystatic.com/37058139/r/il/d046fe/7766612096/il_fullxfull.7766612096_549r.jpg,https://i.etsystatic.com/37058139/r/il/726eb0/7766612086/il_fullxfull.7766612086_sg0x.jpg,https://i.etsystatic.com/37058139/r/il/ccaf9f/7814557227/il_fullxfull.7814557227_h6dl.jpg,https://i.etsystatic.com/37058139/r/il/ac260d/7766612098/il_fullxfull.7766612098_15qg.jpg,https://i.etsystatic.com/37058139/r/il/f8e89e/7766612094/il_fullxfull.7766612094_qk6z.jpg,https://i.etsystatic.com/37058139/r/il/15ae91/7814557225/il_fullxfull.7814557225_p6qq.jpg,https://i.etsystatic.com/37058139/r/il/9c31f1/7814557253/il_fullxfull.7814557253_kkz0.jpg,,,,,,,,,1
"DIY Outdoor Barstool Plans | Wooden Bar Stool Plans PDF | Counter Height Chair Build Guide","Build Your Own Professional Outdoor Seating with DIY Barstool Plans!

Looking to complete your home bar, kitchen island, or patio set? Build your own sturdy and stylish seating with our comprehensive bar stool plans. This versatile design includes instructions for two different heights, making it the perfect bar stool plan digital download for both standard bars and kitchen counters.

Whether you are looking for a 2x4 barstool plan to save on costs or a professional bar chair plans guide to upgrade your outdoor and garden furniture, our step-by-step instructions ensure a high-quality result. It is the ultimate diy furniture kits project for any woodworking enthusiast!

📐 BARSTOOL DIMENSIONS:
Bar Height Stool:
Width: 16 1/8 inches
Depth: 15 1/2 inches
Height: 36 3/4 inches
Counter Height Stool:
Width: 16 1/8 inches
Depth: 15 1/2 inches
Height: 26 3/8 inches

🛠️ WHAT IS INCLUDED IN THIS DIGITAL DOWNLOAD?

Detailed Building Plans: Clear, step-by-step instructions with 3D illustrations for both stool sizes.
Comprehensive Material List: Know exactly what lumber and hardware to buy for your wood diy recliner or stool project.
Precise Cut List: Minimize wood waste and save money with our bar stool plans guide.
Assembly Tips: Professional advice on framing, leg bracing, and achieving a perfectly level seat.

💡 WHY CHOOSE OUR PLANS? Our outdoor barstool plans are engineered for durability and comfort. Building your own bar height stool is far more cost-effective than buying mass-produced furniture and allows you to customize the finish to match your home. It’s a great wood bench 2x4 design project that adds immediate utility to your entertaining space.

⚠️ PLEASE NOTE: This is a DIGITAL DOWNLOAD only. No physical items, hardware, or lumber will be shipped. You will receive high-quality PDF files instantly upon purchase.",5,USD,98,"outdoor_barstool,bar_stool_plans,diy_bar_stool,bar_stool_digital,2x4_barstool_plan,bar_chair_plans,counter_height_plan,wood_stool_plans,patio_furniture,diy_furniture_pdf,bar_height_stool,kitchen_stool_diy,woodworking_plans",Wood,https://i.etsystatic.com/37058139/r/il/0e9c60/7814569595/il_fullxfull.7814569595_19qp.jpg,https://i.etsystatic.com/37058139/r/il/79ff02/7766624722/il_fullxfull.7766624722_fhou.jpg,https://i.etsystatic.com/37058139/r/il/6a78a2/7766624724/il_fullxfull.7766624724_pzrm.jpg,https://i.etsystatic.com/37058139/r/il/ac2fe3/7766624726/il_fullxfull.7766624726_4sju.jpg,https://i.etsystatic.com/37058139/r/il/89352f/7814569605/il_fullxfull.7814569605_9mih.jpg,https://i.etsystatic.com/37058139/r/il/26c5a6/7814569577/il_fullxfull.7814569577_kk20.jpg,https://i.etsystatic.com/37058139/r/il/0dbb9f/7814569611/il_fullxfull.7814569611_65xu.jpg,https://i.etsystatic.com/37058139/r/il/b598fe/7814569583/il_fullxfull.7814569583_ged6.jpg,https://i.etsystatic.com/37058139/r/il/eec14f/7814569615/il_fullxfull.7814569615_fs8b.jpg,,,,,,,,1
"Eucalyptus Funeral Program Template | Celebration of Life (Instant Download)","Editable Funeral Program Template – Celebration of Life | Instant Download | Printable Memorial Service Program

Saying goodbye to someone we love is never easy. In these difficult moments, creating a funeral program that beautifully tells their story can feel overwhelming. This editable funeral program template makes it simple to design a heartfelt celebration of life brochure that honors their memory — without the stress of complicated software.

With this instant download funeral template, you can personalize every detail in Canva — add photos, adjust the wording, change colors and fonts — to create a keepsake your family and friends will treasure. This printable funeral program is perfect for sharing memories, the order of service, favorite poems, or heartfelt tributes.

✶ WHAT’S INCLUDED ✶
Funeral Program Template – 4 Pages, 3 Sizes:
• 10"" x 7"" (5"" x 7"" folded) – print on US Letter or A4 paper
• US Letter 11"" x 8.5"" (5.5"" x 8.5"" folded) – print on US Letter paper
• A4 29.7 cm x 21 cm (14.8 cm x 21 cm folded) – print on A4 paper

✶ EASY TO EDIT IN CANVA ✶

• Change all text (name, dates, service details, poems)
• Adjust fonts, colors, and text sizes
• Upload your loved one’s photo
• Download as PDF or JPG for printing or sharing online

✶ WHY THIS FUNERAL TEMPLATE IS SPECIAL ✶

• Instant download – start editing in minutes
• No software or font downloads required
• Professional design that’s respectful and timeless
• Fully customizable for any memorial service or celebration of life event

✶ IMPORTANT NOTES ✶

• This is a digital template, no physical product will be shipped
• Best edited on a computer for full customization
• Colors may vary depending on your printer and paper type
• Canva account required (free)

💚 Create a memorial service program that reflects their personality, tells their story, and celebrates their life — so you can focus on remembering and honoring the moments that truly matter.",5,USD,100,"obituary_program,funeral_program,editable_funeral,celebration_of_life,printable_funeral,memorial_service,instant_funeral,funeral_brochure,greenery_funeral,eucalyptus_funeral,funeral_template,memorial_template,printable_obituary","Digital File,PDF,Canva Editable,Printable,Instant Download,Customizable Template,Party Kit,Party Decorations,Birthday Supplies,Themed Party,Event Planning,DIY Party,Digital Product",https://i.etsystatic.com/37058139/r/il/444f3e/7151607799/il_fullxfull.7151607799_g50x.jpg,https://i.etsystatic.com/37058139/r/il/78cae2/7103639830/il_fullxfull.7103639830_eakg.jpg,https://i.etsystatic.com/37058139/r/il/b14330/7151607807/il_fullxfull.7151607807_hytu.jpg,https://i.etsystatic.com/37058139/r/il/036670/7103639834/il_fullxfull.7103639834_dtz3.jpg,https://i.etsystatic.com/37058139/r/il/fcb04d/7103639816/il_fullxfull.7103639816_6ogc.jpg,https://i.etsystatic.com/37058139/r/il/0890fc/7151607803/il_fullxfull.7151607803_mydg.jpg,https://i.etsystatic.com/37058139/r/il/14142e/7151607805/il_fullxfull.7151607805_mved.jpg,https://i.etsystatic.com/37058139/r/il/7e20e9/7103639824/il_fullxfull.7103639824_4v5w.jpg,https://i.etsystatic.com/37058139/r/il/cffa81/7151607811/il_fullxfull.7151607811_7qa2.jpg,,,,,,,,1
"DIY Wedding Arbor Plans PDF | Wooden Arch Trellis Blueprint | Pergola Ceremony Backdrop | Detachable Outdoor Wedding Arch Woodworking","Build a Timeless Focal Point: The Classic Pergola-Style Wedding Arbor

Create a truly enchanting backdrop for your ceremony with a structure built for floral artistry. This digital woodworking blueprint provides the exact instructions to build a heavy-duty, pergola-style wooden wedding arbor. Featuring traditional curved top beams and built-in side trellises, this design is the ultimate canvas for lush greenery, climbing vines, and heavy floral installations.

Whether you are building a permanent garden feature or a highly rentable prop for your event decor business, these wedding arch construction plans deliver a perfect balance of rustic charm and structural integrity.

Engineered for Floral Design and Stability:

Built-In Trellis Sides: The lattice side panels are a floral designer's dream. They provide infinite anchoring points to easily weave heavy flower swags, pampas grass, and drapery without needing unsightly wires or zip ties.

Exceptional Freestanding Stability: With a massive 36-inch depth, this arbor is designed to stand securely on its own. You will not have to worry about the wind toppling your structure during an outdoor ceremony.

Detachable & Event-Ready: We engineered this blueprint specifically for the event industry. The structure functions as a ""Wedding Trellis That is Detachable,"" allowing you to break down the massive 8-foot frame into flat, manageable sections for easy transport in standard cargo vans.

Classic Pergola Aesthetic: The overhanging top beams and architectural corbels provide a timeless, high-end look that perfectly suits rustic, garden, coastal, and traditional wedding themes.

Highly Profitable Event Niches:

This blueprint is exactly what couples and vendors are searching for to build their:

Rustic Outdoor Wedding Arbors
Detachable Garden Trellis Arches
Square Wooden Wedding Backdrops
Premium Event Rental Arbor Designs

Fully Assembled Dimensions:

Overall Width: 96 inches (8 Feet - Top Beam)
Overall Depth: 36 inches (Provides incredible freestanding stability)
Overall Height: 90 inches

Inside Your Digital PDF Download: Your instant download provides a professional, frustration-free woodworking guide:

Universal Measurement Standards: All structural details are provided in both Imperial (inches) 

Precise Material & Cut Lists: Take the exact shopping list to the lumber yard and follow our precise cutting guide to eliminate costly wood waste.

Step-by-Step 3D Assembly: Crystal-clear visual instructions that walk you through assembling the trellis sides, cutting the curved pergola beams, and securing the heavy-duty frame.

(Please Note: This listing is for a digital PDF woodworking instruction book only. No physical arbor, floral arrangements, fabrics, or lumber will be shipped.)

Build an arbor that elevates the entire ceremony. Download your plans today and start crafting a timeless backdrop!",5,USD,100,"wedding_arbor_plan,arch_trellis_plans,wooden_wedding_arch,pergola_arch_diy,rustic_arbor_build,detachable_trellis,outdoor_wedding_arch,garden_arbor_pdf,woodworking_plans,ceremony_backdrop,square_wedding_arch,event_rental_plans,wood_archway_diy",,https://i.etsystatic.com/37058139/r/il/56a183/7913195144/il_fullxfull.7913195144_i5ya.jpg,https://i.etsystatic.com/37058139/r/il/54235c/7913194460/il_fullxfull.7913194460_3unw.jpg,https://i.etsystatic.com/37058139/r/il/3b8cdf/7961151845/il_fullxfull.7961151845_maup.jpg,https://i.etsystatic.com/37058139/r/il/c76ddf/7913195330/il_fullxfull.7913195330_4zqg.jpg,https://i.etsystatic.com/37058139/r/il/808e5c/7913195138/il_fullxfull.7913195138_7to8.jpg,https://i.etsystatic.com/37058139/r/il/6b0ce7/7961151849/il_fullxfull.7961151849_h3ng.jpg,https://i.etsystatic.com/37058139/r/il/47e5da/7913194584/il_fullxfull.7913194584_mdve.jpg,https://i.etsystatic.com/37058139/r/il/42fb05/7913194620/il_fullxfull.7913194620_kvon.jpg,https://i.etsystatic.com/37058139/r/il/dee8ea/7961151495/il_fullxfull.7961151495_s0cg.jpg,,,,,,,,1
"DIY Hexagon Wedding Arch Plans PDF | Portable Geometric Arbor Blueprint | Wooden Hexagonal Backdrop | Boho Ceremony Alter Woodworking","Build the Ultimate Modern Centerpiece: The Freestanding Hexagon Wedding Arch

Geometric backdrops are the pinnacle of modern, boho-chic wedding design. This digital woodworking blueprint provides the exact, step-by-step instructions to build a stunning, professional-grade Wooden Hexagon Wedding Arch. Whether you are a DIY couple planning a picturesque outdoor ceremony or an event rental company updating your inventory with high-demand props, this unique arch delivers unparalleled aesthetic appeal.

Skip the flimsy metal hoops. Build a robust, heavy-duty wooden structure that beautifully frames the couple and handles heavy floral installations with ease.

Engineered for Professional Aesthetics and Portability:

Freestanding Double-Frame Design: This is the standout feature! Unlike flat, single-layer arches that require massive, unsightly base plates to stay upright, this design is 13-1/2 inches deep. The double-layered frame with cross supports allows the arch to stand securely on its own, providing a clean, elegant look for photography.

Heavy-Duty Floral Support: The deep, dual-layered wooden structure offers the perfect anchoring system for heavy floral swags, massive pampas grass arrangements, and intricate drapery.

Portable & Modular: We designed these ""Portable Archway Plans"" with event logistics in mind. The hexagon can be easily disassembled into manageable, modular sections, making transport in standard vehicles and on-site assembly a breeze.

Versatile Modern Aesthetic: The perfect ""Wedding Alter"" for any setting—from rustic barn weddings and woodland elopements to modern industrial indoor ceremonies.

Highly Profitable Event Niches:

This precise blueprint is exactly what vendors are searching for to build their:

Boho & Modern Hexagon Wedding Arches
Portable Geometric Ceremony Backdrops
Wooden Hexagonal Arbors & Trellises
Premium Event Rental Photo Booths

Fully Assembled Dimensions:

Overall Width: 90 inches
Overall Height: 77-15/16 inches
Overall Depth: 13-1/2 inches (Provides freestanding stability)

Inside Your Digital PDF Download: Your instant download provides a professional, frustration-free woodworking guide:

Universal Measurement Standards: All structural details are provided in both Imperial (inches)

Precise Material & Cut Lists: Take the exact shopping list to the lumber yard and follow our cutting guide to eliminate costly wood waste.

Step-by-Step 3D Assembly: Crystal-clear visual instructions that walk you through cutting the precise angles, assembling the double frames, and securing the cross supports.

(Please Note: This listing is for a digital PDF woodworking instruction book only. No physical arch, floral arrangements, fabrics, or lumber will be shipped.)

Frame your ceremony with a modern masterpiece. Download your plans today and start building your geometric arch!",5,USD,100,"hexagon_wedding_arch,hexagonal_arbor_plan,geometric_arch_diy,portable_archway_pdf,boho_wedding_arbor,wedding_alter_plans,hexagon_arbor_diy,event_prop_blueprint,rustic_ceremony_arch,woodworking_plans,freestanding_arch,wedding_backdrop,portable_arch",,https://i.etsystatic.com/37058139/r/il/558c95/7913188550/il_fullxfull.7913188550_gvqq.jpg,https://i.etsystatic.com/37058139/r/il/24971a/7913187628/il_fullxfull.7913187628_57xl.jpg,https://i.etsystatic.com/37058139/r/il/6de4fb/7913188444/il_fullxfull.7913188444_7apy.jpg,https://i.etsystatic.com/37058139/r/il/cdc5ee/7913188590/il_fullxfull.7913188590_bt4a.jpg,https://i.etsystatic.com/37058139/r/il/abdd9c/7961145061/il_fullxfull.7961145061_m0uu.jpg,https://i.etsystatic.com/37058139/r/il/19d821/7961145179/il_fullxfull.7961145179_6pqp.jpg,https://i.etsystatic.com/37058139/r/il/a4f1f3/7961144285/il_fullxfull.7961144285_ltni.jpg,https://i.etsystatic.com/37058139/r/il/3e3368/7913187808/il_fullxfull.7913187808_roqd.jpg,https://i.etsystatic.com/37058139/r/il/414870/7961144745/il_fullxfull.7961144745_1pw4.jpg,,,,,,,,1
"DIY 3-Piece Wedding Arch Plans PDF | Tall Church Arch Backdrop | Pointed Wooden Arbor Blueprint | Rustic Outdoor Ceremony Woodworking","Create a Majestic Altar: The 12-Foot Tall 3-Piece Church Arch Blueprint

Set the stage for a breathtaking ceremony with a backdrop that truly captures the grandeur of the moment. This digital woodworking blueprint provides the exact instructions to build a magnificent, towering 3-piece pointed wedding arch set. Often referred to as a ""Church Arch"" or ""House Arch,"" this geometric design features staggering heights—peaking at over 12 feet tall—creating an unforgettable, multi-dimensional altar for outdoor and indoor weddings alike.

Whether you are a DIY couple looking to create a jaw-dropping focal point or a professional event rental business wanting to add a highly lucrative, premium asset to your inventory, this heavy-duty architectural build is designed to impress.

Engineered for Grandeur and Practicality:

Towering 3-Piece Design: The overlapping, tiered heights (145"", 140"", and 132"") create incredible depth and framing for the couple. Use all three together for a massive visual impact, or separate them to frame different areas of your venue.

Heavy-Duty Wind Resistance: Outdoor weddings require robust structures. This design incorporates wide, heavy-duty T-bases with reinforced gussets, ensuring your massive arches stand secure against the wind and can effortlessly support heavy, cascading floral arrangements.

Modular Breakdown Structure: Transporting a 12-foot arch is a logistical challenge. This blueprint is engineered with a smart breakdown design, allowing you to disassemble the towering posts and peaked roofs into manageable sections for transport in standard cargo vans.

Versatile Rustic Elegance: The classic pointed-roof silhouette perfectly complements boho, rustic, woodland, and traditional wedding themes.

Highly Profitable Event Niches:

This towering blueprint is exactly what vendors are searching for to build their:

Rustic Outdoor Wedding Arches
Church Arch Ceremony Backdrops
Pointed Wooden Arbors & Trellises
Premium Event Photography Props

Fully Assembled Dimensions (Set of 3):

Large Arch: 145-5/16"" Height x 108"" Width
Medium Arch: 140-11/16"" Height x 97"" Width
Small Arch: 132-1/16"" Height x 86"" Width

Inside Your Digital PDF Download: Your instant download provides a professional, frustration-free woodworking guide:

Universal Measurement Standards: All structural details are provided in both Imperial (inches) 

Precise Material & Cut Lists: Take the exact shopping list to the hardware store and follow our cutting guide to eliminate costly wood waste.

Step-by-Step 3D Assembly: Crystal-clear visual instructions that walk you through building the reinforced bases, cutting the precise roof angles, and joining the massive framework.

(Please Note: This listing is for a digital PDF woodworking instruction book only. No physical arch, floral arrangements, fabrics, or lumber will be shipped.)

Build a ceremony backdrop that matches the magnitude of your vows. Download your plans today and start crafting!",5,USD,100,"triangle_arch_plans,wooden_wedding_arch,wedding_arbor_design,collapsible_arch_diy,diy_wedding_backdrop,simple_arch_plans,rustic_wedding_arbor,3_piece_arch_build,woodworking_plans,wedding_trellis_pdf,event_prop_build,pinterest_arch_diy,wedding_decor",,https://i.etsystatic.com/37058139/r/il/f52f10/7913181244/il_fullxfull.7913181244_fuo0.jpg,https://i.etsystatic.com/37058139/r/il/6a6b35/7913180490/il_fullxfull.7913180490_elny.jpg,https://i.etsystatic.com/37058139/r/il/4d1415/7961137885/il_fullxfull.7961137885_4kit.jpg,https://i.etsystatic.com/37058139/r/il/7373bb/7913181316/il_fullxfull.7913181316_mk32.jpg,https://i.etsystatic.com/37058139/r/il/0e2d7e/7961137859/il_fullxfull.7961137859_59tq.jpg,https://i.etsystatic.com/37058139/r/il/6920a0/7961137877/il_fullxfull.7961137877_6ybp.jpg,https://i.etsystatic.com/37058139/r/il/9eeaca/7961137049/il_fullxfull.7961137049_q3fl.jpg,https://i.etsystatic.com/37058139/r/il/38e657/7913180610/il_fullxfull.7913180610_ksun.jpg,https://i.etsystatic.com/37058139/r/il/bf687c/7913180826/il_fullxfull.7913180826_t91c.jpg,,,,,,,,1
"DIY Square Wedding Arch Plans PDF | 8x8 Wooden Picture Frame Arbor | Chunky Outdoor Ceremony Backdrop | Heavy Duty Floral Trellis Blueprint","Frame Your Love Story: The Massive 8x8 Picture Frame Wedding Arch

Make your ceremony unforgettable with a backdrop that commands attention. This digital woodworking blueprint provides the exact instructions to build a massive, 8-foot by 8-foot ""Picture Frame"" style wooden wedding arch. Unlike thin, flimsy metal stands, this oversized, chunky wood design provides a luxurious, high-end aesthetic that perfectly frames the couple and the surrounding landscape.

Whether you are a DIY couple wanting a breathtaking altar or a professional event rental company looking for a highly requested, premium prop, this heavy-duty frame is engineered for maximum visual impact.
Engineered for Luxury and Logistics:

The ""Picture Frame"" Effect: The extra-wide, chunky wooden beams create a modern, architectural border around the couple, making for absolutely stunning wedding photography.

Heavy-Duty Floral Support: This solid structure is built to easily bear the weight of massive, asymmetrical floral swags, thick greenery garlands, and draped fabrics without bending or swaying.

Smart Modular Design: We know that transporting an 8x8 frame is impossible if it's built in one piece. This plan is designed with a breakdown structure, allowing you to quickly assemble and disassemble the arch on-site for easy transport in a standard cargo van or truck.

Versatile Aesthetic: Leave the wood in a natural, warm stain for a rustic or boho outdoor wedding, or paint it crisp white or matte black for a modern, industrial, or minimalist event.

Highly Profitable Event Niches:

This 8x8 blueprint is exactly what customers are searching for to build their:

Outdoor Wooden Wedding Frames
Heavy-Duty Floral Trellises & Arbors
Modern Boho Ceremony Backdrops
Premium Event Photography Props

Fully Assembled Dimensions:

Overall Width: 96 inches (8 Feet)
Overall Height: 96 inches (8 Feet)

Profile: Extra-thick, chunky wood aesthetic for maximum stability.

Inside Your Digital PDF Download: Your instant download provides a professional, frustration-free woodworking guide:

Universal Measurement Standards: All structural details are provided in both Imperial (inches)

Precise Material & Cut Lists: Take the exact shopping list to the hardware store and follow our cutting guide to eliminate costly wood waste.

Step-by-Step 3D Assembly: Crystal-clear visual instructions that walk you through framing the massive beams and creating the hidden joining mechanisms for easy transport.

(Please Note: This listing is for a digital PDF woodworking instruction book only. No physical arch, floral arrangements, fabrics, or lumber will be shipped.)

Build a ceremony backdrop that matches the magnitude of the moment. Download your plans today and start building!",5,USD,100,"triangle_arch_plans,wooden_wedding_arch,wedding_arbor_design,collapsible_arch_diy,diy_wedding_backdrop,simple_arch_plans,rustic_wedding_arbor,3_piece_arch_build,woodworking_plans,wedding_trellis_pdf,event_prop_build,pinterest_arch_diy,wedding_decor",,https://i.etsystatic.com/37058139/r/il/804adb/7913172250/il_fullxfull.7913172250_8ia0.jpg,https://i.etsystatic.com/37058139/r/il/cd9cb0/7961127721/il_fullxfull.7961127721_qohz.jpg,https://i.etsystatic.com/37058139/r/il/9014e8/7913172316/il_fullxfull.7913172316_gbgw.jpg,https://i.etsystatic.com/37058139/r/il/500cfa/7913172190/il_fullxfull.7913172190_2o2c.jpg,https://i.etsystatic.com/37058139/r/il/219488/7961128681/il_fullxfull.7961128681_a446.jpg,https://i.etsystatic.com/37058139/r/il/aa5d0f/7961128617/il_fullxfull.7961128617_5oe1.jpg,https://i.etsystatic.com/37058139/r/il/017487/7961127913/il_fullxfull.7961127913_odsu.jpg,https://i.etsystatic.com/37058139/r/il/d2fbd8/7913171642/il_fullxfull.7913171642_n2z4.jpg,https://i.etsystatic.com/37058139/r/il/64d07c/7961128477/il_fullxfull.7961128477_7i10.jpg,,,,,,,,1
"DIY Workbench Plans | DIY Woodworking Project | Roll Away Work Bench Fit Plans | Woodworking Workshop Design with Tool Wall DXF Files","Butcher Block Workbench Plans | DIY Mobile Work Table | Compact Woodworking Project
Looking for a workbench that's both a powerhouse of functionality and a beautiful piece of furniture? Our DIY Butcher Block Workbench Plans are designed to help you build a durable, mobile, and stylish work surface perfect for any small garage, workshop, or even a modern kitchen.

This is more than just a blueprint; it's a comprehensive guide to a rewarding woodworking project. This bench combines a classic, heavy-duty butcher block top with a clean, modern design. With its integrated storage and caster system, you’ll have a versatile and dynamic workspace that can be moved and secured wherever you need it.

Key Features & Dimensions
Based on our detailed blueprint, you'll be able to build a workbench with the following specifications:

Premium Butcher Block Top: The plan features a classic butcher block top, known for its strength and durability. This surface is ideal for everything from woodworking projects to food prep.

Dimensions: This compact design is perfect for small spaces, measuring 48 inches long x 24 inches wide x 30 inches high.

Ample Storage: Two spacious lower shelves provide plenty of room for tools, lumber, kitchen appliances, or any other items you need to keep close at hand.

Full Mobility: The included locking casters on all four legs make this a true mobile work table, allowing you to easily roll it into a new location and then lock it firmly in place.

What's Included in Your Purchase
This is a digital product that contains all the information you need to confidently complete this woodworking project:

Step-by-Step Instructions: A clear and easy-to-follow guide suitable for builders of all skill levels.

Material & Cut List: A complete list of all required materials and precise cuts to streamline your building process.

Detailed Diagrams: Professional-quality schematics and illustrations to ensure your finished product is accurate and sturdy.

Stop dreaming of the perfect workbench and start building it. Get your plans today and create a functional and stylish piece that will elevate any space.",7,USD,42,"woodworking,plans,beginner,small_workbench,small_shop_workbench,garage_workbench,diy_workbench,garden_bench,workbench,how_to_make,build,how_to_build","Digital Download,PDF File,Digital Instructions,Instant Download,Printable File",https://i.etsystatic.com/37058139/r/il/365ccf/7159021344/il_fullxfull.7159021344_zfic.jpg,https://i.etsystatic.com/37058139/r/il/8689f2/7207011053/il_fullxfull.7207011053_lyt8.jpg,https://i.etsystatic.com/37058139/r/il/61e0c9/7207011051/il_fullxfull.7207011051_6lr1.jpg,https://i.etsystatic.com/37058139/r/il/7ecf5e/7159021336/il_fullxfull.7159021336_hx0z.jpg,https://i.etsystatic.com/37058139/r/il/8dafa4/7207011045/il_fullxfull.7207011045_h49t.jpg,https://i.etsystatic.com/37058139/r/il/12fa30/7159021342/il_fullxfull.7159021342_fdau.jpg,https://i.etsystatic.com/37058139/r/il/4b1367/7045515514/il_fullxfull.7045515514_1jyi.jpg,https://i.etsystatic.com/37058139/r/il/d74773/7045515490/il_fullxfull.7045515490_gw2f.jpg,,,,,,,,,1
"DIY Garden Pergolas Plans | Wood Pergolas Build Blueprint | Corner Privacy Pergola","Create Your Dream Outdoor Oasis with Premium DIY Garden Pergola Plans!

Ready to upgrade your patio or backyard? Build your own beautiful and sturdy pergola with our comprehensive, easy-to-follow pergola build guide. Featuring integrated planter boxes and a modern pergola wall with a slatted design, this structure is perfect as a corner privacy pergola or a shaded lounge area for your outdoor gatherings.
Whether you are looking for classic wood pergolas or detailed gazebo templates to enhance your space, these step-by-step instructions will help you craft a professional-quality outdoor retreat. It is the ultimate DIY project for transforming your garden!

📐 PERGOLA DIMENSIONS:

Overall Width: 171 inches
Overall Depth: 148 1/2 inches
Overall Height: 93 7/8 inches

🛠️ WHAT IS INCLUDED IN THIS DIGITAL DOWNLOAD?

Detailed Garden Pergolas Plans: Clear, step-by-step instructions with 3D illustrations.
Comprehensive Material List: Know exactly what lumber and hardware to buy.
Precise Cut List: Minimize wood waste and save money on your project.
Measurements: Easy-to-follow dimensions to ensure a perfectly square and stable structure.
Assembly Tips: Everything you need to know, from anchoring the posts to attaching the privacy slats and building the planter boxes.

💡 WHY CHOOSE OUR PLANS?

Building your own outdoor structure is far more affordable than buying pre-fab kits. This design not only provides shade but also adds a stunning architectural element to your home. The included planter boxes allow you to add your favorite flowers or climbing vines, making it a truly unique garden feature.

⚠️ PLEASE NOTE: This is a DIGITAL DOWNLOAD only. No physical items, hardware, plants, or lumber will be shipped. You will receive high-quality PDF files instantly upon purchase.

Start your woodworking project today and enjoy your beautiful new patio pergola!",5,USD,98,"garden_pergolas,wood_pergolas,sturdy_pergola,gazebo_templates,garden_arbor_metric,privacy_pergola,pergola_wall,pergola_build,pergola_holz,diy_pergola_plan,pergola_with_planter,patio_gazebo_diy,woodworking_plans",Wood,https://i.etsystatic.com/37058139/r/il/58aa2b/7814382395/il_fullxfull.7814382395_jbla.jpg,https://i.etsystatic.com/37058139/r/il/f070a3/7814381951/il_fullxfull.7814381951_64tj.jpg,https://i.etsystatic.com/37058139/r/il/32f9a0/7814382283/il_fullxfull.7814382283_724u.jpg,https://i.etsystatic.com/37058139/r/il/3a21b3/7766437312/il_fullxfull.7766437312_kvee.jpg,https://i.etsystatic.com/37058139/r/il/db3fcd/7766437304/il_fullxfull.7766437304_b5mf.jpg,https://i.etsystatic.com/37058139/r/il/f16b81/7814382355/il_fullxfull.7814382355_9ph4.jpg,https://i.etsystatic.com/37058139/r/il/4b4b76/7766437234/il_fullxfull.7766437234_inr8.jpg,https://i.etsystatic.com/37058139/r/il/980fb5/7814382467/il_fullxfull.7814382467_o8lo.jpg,https://i.etsystatic.com/37058139/r/il/a49bdb/7814382517/il_fullxfull.7814382517_s929.jpg,,,,,,,,1
"Memorial Photo Collage Sign | Funeral Welcome Poster (Digital Download)","Modern Funeral Photo Collage Set Template - Editable Memorial Poster, Celebration of Life, Canva Photo Display, Instant Download

Honor the memory of a loved one with our beautifully designed Funeral Photo Collage Sign Set. This comprehensive collection of editable templates is a perfect way to celebrate a life well-lived, creating a stunning memorial poster display for a funeral, memorial service, or celebration of life event.

Why Choose Our Templates?

Our templates are designed for ease and elegance. You can quickly create a personalized tribute with a touching photo collage that tells a story. The set includes options to accommodate a large number of cherished photos, ensuring no memory is left behind.

Product Features & Details:

Fully Editable in Canva: The templates are directly and easily editable in the FREE online editor, Canva. No special software is needed! Simply add your photos, change the text, and even adjust the background color to match your style.

High-Quality Resolution: The templates are created at a professional 300 DPI high-resolution, making them suitable for printing large-scale posters without losing quality.

Multiple Photo Options: The templates are offered in sets to accommodate a minimum of 100, 40, and 20 photos. Perfect for any size photo collection!

Instant Download: After your purchase, you'll receive an instant download link to a PDF file that gives you immediate access to your templates and a detailed instruction guide.

How It Works:

Purchase: Buy this listing and instantly receive a download link via Etsy.

Edit: Follow the link in the provided PDF to access your templates in Canva. Our step-by-step instructions make the editing process simple and stress-free, even for beginners.

Download: Once your memorial photo board is perfect, download it as a high-quality PDF, JPG, or PNG file.

Print: Print your digital poster at home or at a local print shop (e.g., Staples, Office Depot, Walgreens). We can provide printing recommendations if you need them!

Available Dimensions:

Our templates come in a wide range of popular poster sizes to fit any easel or display area:

24x36 inch

20x30 inch

28x40 inch

22x28 inch

18x24 inch

16x24 inch

16x20 inch

11x14 inch

12x18 inch

11x17 inch

A1, A2, A3, A4, A5

Need a custom size? Just message us! We will gladly resize the collage for you and deliver it promptly.

Important Information:

This is a DIGITAL DOWNLOAD only. No physical items will be shipped to you.

Terms of Use: This template is for personal use only. It may not be shared, resold, or redistributed. You may not claim it as your own design.

Create a beautiful, lasting tribute effortlessly with our customizable memorial poster templates today.",5,USD,43,"printable_cards,Collage_Template,In_Loving_Memory,Memorial_Sign,Memorial_Poster,Celebration_of_Life,Photo_Collage_Sign,Photo_Collage_Set,Funeral_Poster,Funeral_Welcome_Sign,Photo_Sign_Funeral,Photo_Poster_Funeral,Funeral_Photo_Board","Digital File,PDF,Canva Editable,Printable,Instant Download,Customizable Template,Party Kit,Party Decorations,Birthday Supplies,Themed Party,Event Planning,DIY Party,Digital Product",https://i.etsystatic.com/37058139/r/il/1056d9/7148736881/il_fullxfull.7148736881_ktnz.jpg,https://i.etsystatic.com/37058139/r/il/3f390d/7148736895/il_fullxfull.7148736895_l35g.jpg,https://i.etsystatic.com/37058139/r/il/30096d/7100771564/il_fullxfull.7100771564_5wuz.jpg,https://i.etsystatic.com/37058139/r/il/9b9ef1/7148736879/il_fullxfull.7148736879_1qne.jpg,https://i.etsystatic.com/37058139/r/il/b92dab/7100771570/il_fullxfull.7100771570_c87s.jpg,https://i.etsystatic.com/37058139/r/il/2204ef/7100771572/il_fullxfull.7100771572_cryq.jpg,https://i.etsystatic.com/37058139/r/il/05525c/7148736871/il_fullxfull.7148736871_ltrd.jpg,,,,,,,,,,1
"Funeral Photo Collage Sign Set, Memorial Poster (Digital Download)","Modern Funeral Photo Collage Set Template - Editable Memorial Poster, Celebration of Life, Canva Photo Display, Instant Download

Honor the memory of a loved one with our beautifully designed Funeral Photo Collage Sign Set. This comprehensive collection of editable templates is a perfect way to celebrate a life well-lived, creating a stunning memorial poster display for a funeral, memorial service, or celebration of life event.

Why Choose Our Templates?

Our templates are designed for ease and elegance. You can quickly create a personalized tribute with a touching photo collage that tells a story. The set includes options to accommodate a large number of cherished photos, ensuring no memory is left behind.

Product Features & Details:

Fully Editable in Canva: The templates are directly and easily editable in the FREE online editor, Canva. No special software is needed! Simply add your photos, change the text, and even adjust the background color to match your style.

High-Quality Resolution: The templates are created at a professional 300 DPI high-resolution, making them suitable for printing large-scale posters without losing quality.

Multiple Photo Options: The templates are offered in sets to accommodate a minimum of 100, 40, and 20 photos. Perfect for any size photo collection!

Instant Download: After your purchase, you'll receive an instant download link to a PDF file that gives you immediate access to your templates and a detailed instruction guide.

How It Works:

Purchase: Buy this listing and instantly receive a download link via Etsy.

Edit: Follow the link in the provided PDF to access your templates in Canva. Our step-by-step instructions make the editing process simple and stress-free, even for beginners.

Download: Once your memorial photo board is perfect, download it as a high-quality PDF, JPG, or PNG file.

Print: Print your digital poster at home or at a local print shop (e.g., Staples, Office Depot, Walgreens). We can provide printing recommendations if you need them!

Available Dimensions:

Our templates come in a wide range of popular poster sizes to fit any easel or display area:

24x36 inch

20x30 inch

28x40 inch

22x28 inch

18x24 inch

16x24 inch

16x20 inch

11x14 inch

12x18 inch

11x17 inch

A1, A2, A3, A4, A5

Need a custom size? Just message us! We will gladly resize the collage for you and deliver it promptly.

Important Information:

This is a DIGITAL DOWNLOAD only. No physical items will be shipped to you.

Terms of Use: This template is for personal use only. It may not be shared, resold, or redistributed. You may not claim it as your own design.

Create a beautiful, lasting tribute effortlessly with our customizable memorial poster templates today.",5,USD,43,"printable_cards,Collage_Template,In_Loving_Memory,Memorial_Sign,Memorial_Poster,Celebration_of_Life,Photo_Collage_Sign,Photo_Collage_Set,Funeral_Poster,Funeral_Welcome_Sign,Photo_Sign_Funeral,Photo_Poster_Funeral,Funeral_Photo_Board","Digital File,PDF,Canva Editable,Printable,Instant Download,Customizable Template,Party Kit,Party Decorations,Birthday Supplies,Themed Party,Event Planning,DIY Party,Digital Product",https://i.etsystatic.com/37058139/r/il/7975eb/7148621427/il_fullxfull.7148621427_p5sv.jpg,https://i.etsystatic.com/37058139/r/il/6c7f4b/7100657318/il_fullxfull.7100657318_tkrl.jpg,https://i.etsystatic.com/37058139/r/il/6d91bd/7100657316/il_fullxfull.7100657316_pj3f.jpg,https://i.etsystatic.com/37058139/r/il/6c895c/7148621421/il_fullxfull.7148621421_2fqk.jpg,https://i.etsystatic.com/37058139/r/il/027dec/7100657384/il_fullxfull.7100657384_8ydq.jpg,https://i.etsystatic.com/37058139/r/il/37ad4b/7148621481/il_fullxfull.7148621481_n3pb.jpg,https://i.etsystatic.com/37058139/r/il/c41450/7100657326/il_fullxfull.7100657326_756i.jpg,https://i.etsystatic.com/37058139/r/il/04fd68/7148621483/il_fullxfull.7148621483_e2ww.jpg,https://i.etsystatic.com/37058139/r/il/33da6a/7100657324/il_fullxfull.7100657324_rl3n.jpg,https://i.etsystatic.com/37058139/r/il/18f5c5/7100657362/il_fullxfull.7100657362_c2ov.jpg,,,,,,,1
"DIY Plant Stand Plans | Multi Tier Flower Pot Stand Blueprint |Outdoor Wooden Shelves PDF","Showcase Your Beautiful Garden with Premium DIY Tiered Plant Stand Plans!

Running out of space for your growing plant collection? Build the ultimate outdoor display with our comprehensive tiered plant stand outdoor plans. This massive, beautifully designed wooden rustic plant stand features three large base planter boxes and multiple staggered shelves, making it the perfect multi tier flower pot stand for your patio, deck, or backyard.

Whether you are looking for sturdy outdoor wooden shelves to organize your herbs and succulents or a striking vertical garden centerpiece, these step-by-step woodworking blueprints will help you craft a professional-quality, heavy-duty display.

📐 PLANT STAND DIMENSIONS:

Overall Width: 79 inches
Overall Depth: 19 5/8 inches
Overall Height: 81 1/2 inches

🛠️ WHAT IS INCLUDED IN THIS DIGITAL DOWNLOAD?

Detailed Building Plans: Clear, step-by-step instructions with 3D illustrations for your diy plant stand plans project.
Comprehensive Material List: Know exactly what weather-resistant lumber and hardware to buy.
Precise Cut List: Minimize wood waste and save money with our accurate plant furniture plans.
Assembly Tips: Professional advice on framing the tall vertical supports, assembling the base planter boxes, and securing the staggered floating-style shelves.

💡 WHY CHOOSE OUR PLANS?

Building your own outdoor shelf is incredibly rewarding and saves you hundreds of dollars compared to buying flimsy metal or plastic stands. This solid wood design provides a robust foundation that won't tip over in the wind, and it can be customized with your favorite weather-resistant stain to perfectly match your outdoor decor.

⚠️ PLEASE NOTE: This is a DIGITAL DOWNLOAD only. No physical items, plants, soil, pots, hardware, or lumber will be shipped. You will receive high-quality PDF files instantly upon purchase.",5,USD,97,"plant_stand_plans,outdoor_plant_shelf,tiered_plant_stand,multi_tier_planter,wood_plant_stand,diy_plant_shelf,vertical_garden_diy,rustic_plant_stand,flower_pot_stand,outdoor_shelving,wooden_plant_stand,diy_garden_projects,woodworking_plans",Wood,https://i.etsystatic.com/37058139/r/il/252aef/7825342295/il_fullxfull.7825342295_o65f.jpg,https://i.etsystatic.com/37058139/r/il/a46c85/7777413664/il_fullxfull.7777413664_hp2s.jpg,https://i.etsystatic.com/37058139/r/il/0aacb9/7825342297/il_fullxfull.7825342297_kgid.jpg,https://i.etsystatic.com/37058139/r/il/92cbfc/7825342299/il_fullxfull.7825342299_3ff3.jpg,https://i.etsystatic.com/37058139/r/il/3b8cab/7825342303/il_fullxfull.7825342303_gu4y.jpg,https://i.etsystatic.com/37058139/r/il/afbc21/7825342301/il_fullxfull.7825342301_602m.jpg,https://i.etsystatic.com/37058139/r/il/796e88/7825342367/il_fullxfull.7825342367_er75.jpg,https://i.etsystatic.com/37058139/r/il/02f8b4/7825342319/il_fullxfull.7825342319_4uqt.jpg,https://i.etsystatic.com/37058139/r/il/1ef4ce/7777413746/il_fullxfull.7777413746_c45m.jpg,https://i.etsystatic.com/37058139/r/il/99e77f/7825342371/il_fullxfull.7825342371_eukg.jpg,,,,,,,1
"DIY Roadside Farmstand Plans PDF | Mobile Bakery Cart Guide","Start Your Small Business with Premium DIY Farmstand Plans!

Looking for a professional way to sell your fresh produce, baked goods, or handmade crafts? Build your own high-quality, eye-catching roadside stand with our comprehensive farmstand plan. This mobile design features sturdy wheels, a protective corrugated roof, and built-in shelving, making it the perfect market stall or mobile bakery cart for any entrepreneur.

Whether you need a vegetable stand plans for your driveway or a stylish farmers market stand that is easy to transport, these step-by-step instructions will help you craft a durable and attractive foodstand diy project.

📐 FARMSTAND DIMENSIONS:

Overall Width: 51 3/4 inches
Overall Depth: 48 1/2 inches
Overall Height: 70 1/2 inches

🛠️ WHAT IS INCLUDED IN THIS DIGITAL DOWNLOAD?

Detailed Building Plans: Clear, step-by-step instructions with 3D illustrations for the farmstand build plans.
Comprehensive Material List: A full shopping list of lumber, roofing, tekerlekler (wheels), and hardware.
Precise Cut List: Minimize wood waste and save money on your farmstand blueprint.
Assembly Tips: Professional advice on framing the structure, installing the roof, and ensuring the mobile base is secure.

💡 WHY CHOOSE OUR PLANS?

Our driveway farmstand design is engineered for both functionality and curb appeal. Building your own standing produce stand is a cost-effective way to get a customized, professional look that attracts customers. This diy bakery stand is versatile enough for eggs, flowers, crafts, or fresh garden harvests!

⚠️ PLEASE NOTE: This is a DIGITAL DOWNLOAD only. No physical items, wheels, roofing sheets, or lumber will be shipped. You will receive high-quality PDF files instantly upon purchase.",10,USD,99,"farmstand_plan,roadside_stand,mobile_bakery_cart,market_stall,vegetable_stand,farm_stand_diy,foodstand_diy,bakery_stand_plans,flower_cart_diy,farmstand_build,driveway_stand,produce_stand,woodworking_plans",Wood,https://i.etsystatic.com/37058139/r/il/fdb491/7766564024/il_fullxfull.7766564024_s3sd.jpg,https://i.etsystatic.com/37058139/r/il/a08afa/7814509351/il_fullxfull.7814509351_7siw.jpg,https://i.etsystatic.com/37058139/r/il/505b32/7766564026/il_fullxfull.7766564026_fdb1.jpg,https://i.etsystatic.com/37058139/r/il/1848ad/7766564020/il_fullxfull.7766564020_8tkg.jpg,https://i.etsystatic.com/37058139/r/il/eda466/7814509363/il_fullxfull.7814509363_pvqn.jpg,https://i.etsystatic.com/37058139/r/il/ab46eb/7766564030/il_fullxfull.7766564030_et6n.jpg,https://i.etsystatic.com/37058139/r/il/ebd077/7814509359/il_fullxfull.7814509359_9lpf.jpg,https://i.etsystatic.com/37058139/r/il/1f7cd6/7814509365/il_fullxfull.7814509365_t0gn.jpg,https://i.etsystatic.com/37058139/r/il/e86f7e/7766564050/il_fullxfull.7766564050_36lr.jpg,,,,,,,,1
"Rustic Birthday Card | Print on Kraft Paper | Instant Download | Share a Memory & Wish Sign","Instant Download 90th Birthday Cards: Favorite Memory Sign & Share Memory Cards

Celebrate a milestone 90th birthday with a heartfelt, personalized touch! Our ""Loved for 90 Years"" printable card set is the perfect party favor for any mom, dad, grandma, or grandpa. This isn't just a download; it's a completely editable Canva template that lets you create a beautiful memory keepsake.

Guests will love sharing their favorite memory or a special wish on these cards, making a cherished guestbook alternative for the birthday honoree. The rustic, vintage design is perfect for printing on Kraft paper or any cardstock of your choice, adding a warm and unique touch to the celebration.

What You'll Get:

This instant download includes a link to a Canva template with a total of 7 unique card designs:

Share Memory Cards: Six beautifully designed cards for guests to write down their favorite memories and wishes.

Favorite Memory Sign: A bonus card design that can be used as a sign to direct guests to the memory cards.

Bonus ""Happy Birthday"" Card: A special design with space for a photo collage that you can customize with your own pictures.

Product Features & Details:

Fully Editable: Easily change text, fonts, colors, and even upload your own photos using your free Canva account. No graphic design skills needed!

Instant Download: After your purchase, you'll receive a PDF with a direct link to the Canva template. Start editing and printing right away!

Printable Cards: The template is set up on a standard US Letter size (8.5"" x 11"") page, with two cards per page. Each individual card is sized at approximately 5"" x 7"". You can print as many copies as you need.

Versatile Printing: Perfect for both home printing and professional print shops. For a rustic feel, we recommend printing on Kraft paper or textured cardstock.

Designed for All: The versatile design is ideal for any mom, mother, dad, father, sister, grandma, grandpa, or wife birthday party.

Double-Sided Option: Some of the designs are great for using as double-sided cards to maximize space and give a polished feel.

How to Use:

Download: Purchase this listing and download the PDF file containing your Canva template link.

Customize: Click the link to open the template in your free Canva account. Edit text, add photos, and personalize the cards to match your celebration.

Print: Download your finished designs as a high-quality PDF. Print at home or at a local print shop on your preferred paper.

Display: Place the favorite memory sign and the blank share memory cards on a table at the party for guests to fill out.

This is a downloadable product, so no physical item will be shipped. Start creating a beautiful and unforgettable gift today!",5,USD,43,"90th_birthday_party,90th_birthday_decor,90th_invitation,90th_Birthday,wife_birthday_party,rustic_birthday_card,grandma_grandpa,share_memory_cards,favorite_memory_sign,mother_birthday,birthday_card,printable_cards,mom_mother_birthday","Digital File,PDF,Canva Editable,Printable,Instant Download,Customizable Template,Party Kit,Party Decorations,Birthday Supplies,Themed Party,Event Planning,DIY Party,Digital Product",https://i.etsystatic.com/37058139/r/il/b7ad57/7097875064/il_fullxfull.7097875064_9614.jpg,https://i.etsystatic.com/37058139/r/il/943780/7097875066/il_fullxfull.7097875066_5eq8.jpg,https://i.etsystatic.com/37058139/r/il/b57f74/7145834795/il_fullxfull.7145834795_7izx.jpg,https://i.etsystatic.com/37058139/r/il/90e3e1/7097875016/il_fullxfull.7097875016_45mf.jpg,https://i.etsystatic.com/37058139/r/il/829dd3/7145834803/il_fullxfull.7145834803_1hhw.jpg,https://i.etsystatic.com/37058139/r/il/65eeca/7097875036/il_fullxfull.7097875036_rxpg.jpg,https://i.etsystatic.com/37058139/r/il/f16ae6/7145834797/il_fullxfull.7145834797_62ir.jpg,https://i.etsystatic.com/37058139/r/il/ff38fa/7097875068/il_fullxfull.7097875068_ieyv.jpg,https://i.etsystatic.com/37058139/r/il/61fe78/7145834831/il_fullxfull.7145834831_657g.jpg,https://i.etsystatic.com/37058139/r/il/ceb243/7145834793/il_fullxfull.7145834793_7wjc.jpg,,,,,,,1
"90th Birthday Memory Cards: Rustic Party Keepsake (Canva Template)","Instant Download 90th Birthday Cards: Favorite Memory Sign & Share Memory Cards

Celebrate a milestone 90th birthday with a heartfelt, personalized touch! Our ""Loved for 90 Years"" printable card set is the perfect party favor for any mom, dad, grandma, or grandpa. This isn't just a download; it's a completely editable Canva template that lets you create a beautiful memory keepsake.

Guests will love sharing their favorite memory or a special wish on these cards, making a cherished guestbook alternative for the birthday honoree. The rustic, vintage design is perfect for printing on Kraft paper or any cardstock of your choice, adding a warm and unique touch to the celebration.

What You'll Get:

This instant download includes a link to a Canva template with a total of 7 unique card designs:

Share Memory Cards: Six beautifully designed cards for guests to write down their favorite memories and wishes.

Favorite Memory Sign: A bonus card design that can be used as a sign to direct guests to the memory cards.

Bonus ""Happy Birthday"" Card: A special design with space for a photo collage that you can customize with your own pictures.

Product Features & Details:

Fully Editable: Easily change text, fonts, colors, and even upload your own photos using your free Canva account. No graphic design skills needed!

Instant Download: After your purchase, you'll receive a PDF with a direct link to the Canva template. Start editing and printing right away!

Printable Cards: The template is set up on a standard US Letter size (8.5"" x 11"") page, with two cards per page. Each individual card is sized at approximately 5"" x 7"". You can print as many copies as you need.

Versatile Printing: Perfect for both home printing and professional print shops. For a rustic feel, we recommend printing on Kraft paper or textured cardstock.

Designed for All: The versatile design is ideal for any mom, mother, dad, father, sister, grandma, grandpa, or wife birthday party.

Double-Sided Option: Some of the designs are great for using as double-sided cards to maximize space and give a polished feel.

How to Use:

Download: Purchase this listing and download the PDF file containing your Canva template link.

Customize: Click the link to open the template in your free Canva account. Edit text, add photos, and personalize the cards to match your celebration.

Print: Download your finished designs as a high-quality PDF. Print at home or at a local print shop on your preferred paper.

Display: Place the favorite memory sign and the blank share memory cards on a table at the party for guests to fill out.

This is a downloadable product, so no physical item will be shipped. Start creating a beautiful and unforgettable gift today!",5,USD,43,"90th_birthday_party,90th_birthday_decor,90th_invitation,90th_Birthday,wife_birthday_party,rustic_birthday_card,grandma_grandpa,share_memory_cards,favorite_memory_sign,mother_birthday,birthday_card,printable_cards,mom_mother_birthday","Digital File,PDF,Canva Editable,Printable,Instant Download,Customizable Template,Party Kit,Party Decorations,Birthday Supplies,Themed Party,Event Planning,DIY Party,Digital Product",https://i.etsystatic.com/37058139/r/il/943780/7097875066/il_fullxfull.7097875066_5eq8.jpg,https://i.etsystatic.com/37058139/r/il/b57f74/7145834795/il_fullxfull.7145834795_7izx.jpg,https://i.etsystatic.com/37058139/r/il/b7ad57/7097875064/il_fullxfull.7097875064_9614.jpg,https://i.etsystatic.com/37058139/r/il/90e3e1/7097875016/il_fullxfull.7097875016_45mf.jpg,https://i.etsystatic.com/37058139/r/il/829dd3/7145834803/il_fullxfull.7145834803_1hhw.jpg,https://i.etsystatic.com/37058139/r/il/65eeca/7097875036/il_fullxfull.7097875036_rxpg.jpg,https://i.etsystatic.com/37058139/r/il/f16ae6/7145834797/il_fullxfull.7145834797_62ir.jpg,https://i.etsystatic.com/37058139/r/il/ff38fa/7097875068/il_fullxfull.7097875068_ieyv.jpg,https://i.etsystatic.com/37058139/r/il/61fe78/7145834831/il_fullxfull.7145834831_657g.jpg,https://i.etsystatic.com/37058139/r/il/ceb243/7145834793/il_fullxfull.7145834793_7wjc.jpg,,,,,,,1
"6x8 Firewood Shed Plans: DIY Wood Storage with Sloped Roof (PDF Download)","🔥 Stop Burning Wet Wood! Build Your Dream Woodshed Today! 🔥
Tired of struggling with soggy, smoking logs? Our 6x8 Firewood Shed Plans are the perfect solution to keep your wood dry, seasoned, and ready for the fire pit or stove. This isn't just a shed; it's the ultimate DIY project to enhance your backyard and ensure perfectly seasoned fuel all winter long!

🏡 About These 6x8 Wood Shed Plans 🏡
These are complete DIY plans to build a sturdy, attractive 6' x 8' Firewood Storage Shed (or Woodshed) with an approximate 2 Cord Wood capacity. The design features a classic Sloped Roof (or Lean-To style) and open-slat sides for maximum ventilation, ensuring your firewood seasons quickly and stays perfectly dry.

Key Dimensions (Based on Plan):

Width: 6'-0""

Depth: 8'-0""

Front Height (High Side): 7'-8""

Back Height (Low Side): 6'-3""

What makes these plans perfect for you?

Optimal Seasoning: The steeply Sloped Roof (ideal for Tin or shingle roofing) and the slatted sides promote excellent airflow, guaranteeing your wood is perfectly dried and ready to burn.

Ideal Capacity: The 6x8 Firewood Shelter footprint is compact yet spacious, holding roughly 2 Cord Wood—enough to keep you warm through the cold months.

Simple DIY: Designed for the beginner to intermediate builder. Our plans make this a satisfying weekend project you'll be proud of.

Classic Design: A beautiful and sturdy Wood Shed Design that looks great in any backyard or homestead setting.

✨ What You Get with Your Purchase (Instant Digital PDF Download) ✨
Your purchase is an instant digital download. No physical shed or materials will be shipped. You will receive a high-quality PDF featuring:

Detailed 3D Illustrations: Clear, easy-to-follow, step-by-step visuals for every stage of the build.

Complete Material List: A full list of lumber, hardware (screws, nails, etc.), and roofing material (e.g., Wood Shed Tin).

Precise Cut List: Accurately measured cuts for all components to minimize waste and save you time.

Essential Building Tips: Helpful advice for framing, foundation, and installing the Sloped Roof.

Ready to stop buying expensive, pre-built racks and create your own professional-grade firewood storage? Click 'Add to Cart' and get your instant Wood Shed Plans today! Happy building!",4,USD,74,"Firewood_Shed,Woodshed_Plans,Outdoor_Storage,Wood_Rack,DIY_Plans,Firewood_Rack,2_Cord_Wood,Tool_Shed,1_Cord_Wood,Pallet_Wood,Shed_Plans,Firewood_Holder,6x8_Firewood","Digital Download,PDF File,Digital Instructions,Instant Download,Printable File",https://i.etsystatic.com/37058139/r/il/46ff96/7250951332/il_fullxfull.7250951332_3vmc.jpg,https://i.etsystatic.com/37058139/r/il/118c70/7250951324/il_fullxfull.7250951324_pl81.jpg,https://i.etsystatic.com/37058139/r/il/c83645/7250951310/il_fullxfull.7250951310_g2y7.jpg,https://i.etsystatic.com/37058139/r/il/5a381e/7298905333/il_fullxfull.7298905333_85zr.jpg,https://i.etsystatic.com/37058139/r/il/f170c5/7298904859/il_fullxfull.7298904859_r6cy.jpg,https://i.etsystatic.com/37058139/r/il/acc5e0/7298904769/il_fullxfull.7298904769_obt7.jpg,https://i.etsystatic.com/37058139/r/il/4974c7/7298910157/il_fullxfull.7298910157_ctzu.jpg,,,,,,,,,,1
"DIY Chairs for Outside Plans | Outdoor Dining Chairs Wooden Blueprint | Chair Design Pattern PDF","Build Your Own Modern Wooden Patio Seating!

Upgrade your patio or garden with our comprehensive chair design pattern! Whether you need comfortable chairs for outside to relax on the porch or stylish outdoor dining chairs wooden for your backyard gatherings, this DIY building guide makes it easy to create beautiful, sturdy furniture.

Featuring a sleek, modern aesthetic, this woodworking plan is perfect for building minimalistic dining chairs or a cozy lounge chair. Want to add a touch of handmade craftsmanship to your space? Build your own high-quality sillas de madera and sedie in legno (wooden chairs) with our precise, step-by-step instructions.

📐 CHAIR DIMENSIONS:

Overall Width: 37 1/2 inches
Overall Depth: 37 1/2 inches
Overall Height: 57 1/4 inches

🛠️ WHAT IS INCLUDED IN THIS DIGITAL DOWNLOAD?

Detailed Building Plans: Clear, step-by-step instructions with 3D illustrations.
Comprehensive Material List: Know exactly what lumber and hardware to buy.
Precise Cut List: Minimize wood waste and save money on your DIY project.
Measurements: Easy-to-follow dimensions to ensure a perfect build.
Assembly Tips: Everything you need to know from framing to final assembly.

💡 WHY CHOOSE OUR PLANS?

Stop settling for expensive, factory-made furniture. With this detailed PDF plan, you can craft high-quality, outdoor chairs low back style seating that perfectly fits your home's aesthetic. The design accommodates standard outdoor cushions for maximum comfort. It is a highly rewarding project for woodworkers of all skill levels!

⚠️ PLEASE NOTE: This is a DIGITAL DOWNLOAD only. No physical items, cushions, hardware, or lumber will be shipped. You will receive high-quality PDF files instantly upon purchase.

Start your woodworking project today and enjoy your beautiful new outdoor seating!",5,USD,99,"chairs_for_outside,chair_design_pattern,wooden_chair_plan,outdoor_dining_chair,sillas_de_madera,sedie_in_legno,low_back_chair_plan,minimalist_chair_diy,diy_patio_chair,woodworking_plan_pdf,outdoor_seating_diy,wood_chair_build,diy_furniture_pdf",Wood,https://i.etsystatic.com/37058139/r/il/e19ae7/7766293186/il_fullxfull.7766293186_lvjw.jpg,https://i.etsystatic.com/37058139/r/il/725df8/7766293174/il_fullxfull.7766293174_3v2w.jpg,https://i.etsystatic.com/37058139/r/il/c7c7a5/7814239021/il_fullxfull.7814239021_br04.jpg,https://i.etsystatic.com/37058139/r/il/6db755/7814239019/il_fullxfull.7814239019_ag6i.jpg,https://i.etsystatic.com/37058139/r/il/bf4e8b/7766293226/il_fullxfull.7766293226_mqjt.jpg,https://i.etsystatic.com/37058139/r/il/81db59/7814239013/il_fullxfull.7814239013_ifim.jpg,https://i.etsystatic.com/37058139/r/il/5bd624/7766293192/il_fullxfull.7766293192_wslc.jpg,https://i.etsystatic.com/37058139/r/il/bb9139/7814239025/il_fullxfull.7814239025_5kmz.jpg,https://i.etsystatic.com/37058139/r/il/abeb86/7814239035/il_fullxfull.7814239035_ry13.jpg,https://i.etsystatic.com/37058139/r/il/e39f61/7814239055/il_fullxfull.7814239055_3ciu.jpg,,,,,,,1
"Double Wedding Arch Plans | Rustic Wooden Arbor DIY (PDF Download)","Create your dream rustic wedding with our comprehensive Double Wedding Arch Plans! This DIY woodworking plan provides everything you need to build a stunning, sturdy wooden arch frame, perfect as a ceremony backdrop or a beautiful wedding arbor. Designed for a Boho wedding aesthetic, this arch stand adds a charming, personalized touch to your special day.

Our detailed Wooden Arch Plan includes step-by-step instructions, material lists, and clear diagrams, making it easy for even novice woodworkers to construct this elegant piece. The Wedding Wood Arch Stand is not only beautiful but also practical, designed to be potentially collapsible for easy transport and storage – ideal for backyard weddings or destination ceremonies.

Transform your wedding ceremony with a custom-built Wedding Arbor that reflects your unique style. This versatile Wood Wedding Arch can be adorned with flowers, drapery, or lights to create an unforgettable wedding backdrop and focal point for your vows. Get your Wedding Arch Plans today and start building the perfect Wedding Altar for your momentous occasion!

Please Note
This listing is for a digital Woodworking plan (PDF Download) only. No physical materials, tools, or completed bench will be shipped.

File Format: PDF

Delivery: Instant Digital Download

Refund Policy: Due to the nature of digital products, all sales are final.

Start building your own rustic outdoor seating today. These DIY plans are the perfect way to add character and function to your outdoor space!",10,USD,98,"Woodworking_Plans,Wedding_Arch,Wood_Wedding_Arch,Rustic_Wedding_Decor,Wedding_Trellis,Backyard_Wedding,Rustic_Wedding,DIY_Wedding_Arch,Wedding_Backdrop,Wooden_Arbor,Frame,Boho_Wedding_Decor,Wedding_Ceremony","Digital Download,PDF File,Digital Instructions,Instant Download,Printable File",https://i.etsystatic.com/37058139/r/il/284a41/7053085836/il_fullxfull.7053085836_hk4t.jpg,https://i.etsystatic.com/37058139/r/il/a06310/7101047429/il_fullxfull.7101047429_pu45.jpg,https://i.etsystatic.com/37058139/r/il/c529a9/7053086050/il_fullxfull.7053086050_rned.jpg,https://i.etsystatic.com/37058139/r/il/381fa9/7053086048/il_fullxfull.7053086048_l0qj.jpg,https://i.etsystatic.com/37058139/r/il/7c2da3/7053086046/il_fullxfull.7053086046_c38i.jpg,https://i.etsystatic.com/37058139/r/il/b339e2/7053086030/il_fullxfull.7053086030_m4cv.jpg,https://i.etsystatic.com/37058139/r/il/b5cd82/7053086042/il_fullxfull.7053086042_aim4.jpg,,,,,,,,,,1
"DIY Mobile Farmstand Plans | Rolling Garden Cart Blueprints (PDF)","Handcrafted by You, For Your Dream: Build the Perfect Farmstand Today! 

With our digital DIY plans, you can easily create a beautiful wooden stand to showcase your fresh produce, artisan goods, or vibrant flowers. Download the Instant PDF Guide and start your building adventure now!

Every farm-fresh egg, every vibrant bouquet, and every loaf of artisan sourdough has a story. Now, it’s time to give that story the beautiful stage it deserves.

These detailed woodworking plans were designed not just to help you build a stand, but to create a charming destination for your passion. Whether you're greeting smiling customers at a roadside stand, becoming the star of the local farmer's market, or setting up a lovely flower cart in your neighborhood, this versatile and portable cart will be your greatest asset.

✨ Why You'll Love These Plans:

Step-by-Step Simplicity: No complex jargon here! Whether you're a seasoned woodworker or just starting, our easy-to-follow instructions and detailed 3D diagrams will guide you confidently through every cut and screw.

Save Time & Avoid Guesswork: Our complete shopping list and precise cut list mean you'll walk into the hardware store knowing exactly what you need. No wasted trips, no wasted materials.

A Canvas for Your Creativity: Consider this your starting point! Paint it a cheerful color, add a chalkboard sign, or hang a basket for herbs. Our classic design is the perfect foundation for your unique brand and style.

🌱 Perfect For A Variety Of Uses:

Roadside Produce Stand: Showcase your garden's bounty in style.

Egg Selling Stand: A charming and professional display for your fresh eggs.

Flower & Plant Cart: Create an eye-catching mobile nursery for your plants and bouquets.

Bakery & Sourdough Display: A perfect cart for your delicious handmade breads and pastries.

Lemonade or Coffee Bar: The cutest pop-up for neighborhood events and parties!

📦 WHAT YOUR DIGITAL DOWNLOAD INCLUDES:

A comprehensive, multi-page PDF guide.

A complete materials and shopping list.

A detailed cut list

Helpful tips and tricks to ensure a smooth build.

⚠️ PLEASE NOTE!

This listing is for a DIGITAL PRODUCT ONLY. You are purchasing a PDF file with DIY plans, not a physical farmstand. No physical item will be shipped to you. Upon purchase, the file will be available for instant download in your Etsy account. Due to the nature of digital products, refunds cannot be issued.

You're just one step away from building the stand of your dreams. Click 'Add to Cart' now and start your next favorite project today!",16,USD,94,"DIY_Farmstand,Roadside_Plant,Flower_Cart,Fruit_Stand,Vegetable_Stands,Roadside_Egg,Bakery_Cart,Sourdough_Cart,driveway_farmstand,farmer's_market,Flower_Stand,Mobile_Farm_Cart","Digital Download,PDF File,Digital Instructions,Instant Download,Printable File",https://i.etsystatic.com/37058139/r/il/dc094e/7281729113/il_fullxfull.7281729113_mnnk.jpg,https://i.etsystatic.com/37058139/r/il/62ab3b/7281729115/il_fullxfull.7281729115_6gnl.jpg,https://i.etsystatic.com/37058139/r/il/3dfeb3/7233767072/il_fullxfull.7233767072_26wq.jpg,https://i.etsystatic.com/37058139/r/il/98139f/7233767076/il_fullxfull.7233767076_hb2h.jpg,https://i.etsystatic.com/37058139/r/il/99b162/7281729097/il_fullxfull.7281729097_6tz8.jpg,https://i.etsystatic.com/37058139/r/il/4ffc4c/7281729095/il_fullxfull.7281729095_8vvl.jpg,https://i.etsystatic.com/37058139/r/il/4336d9/7233773122/il_fullxfull.7233773122_qxaa.jpg,https://i.etsystatic.com/37058139/r/il/6aad18/7112557918/il_fullxfull.7112557918_l9jq.jpg,https://i.etsystatic.com/37058139/r/il/55af1d/7160528159/il_fullxfull.7160528159_lbo4.jpg,,,,,,,,1
"DIY Farmhouse Picnic Table Plan: Outdoor Wood Table & Bench (PDF)","Please note that these plans are provided in Imperial measurements and are available as a digital product.

Bring your dream Wood Outdoor Build to life with this complete Unique Outdoor Table plan! Perfect for your backyard, patio, or deck, these Wood Outdoor Table DIY Plans guide you step by step to create a stunning, functional table and bench set.

Designed for both classic and modern styles, this set includes Picnic Table Plans, Solid Wood Deck Table designs, and Outdoor Table Plans With Trex. Whether you want a traditional Wooden Table Design, a Picnic Table Lazy Susan Plans feature for family meals, or sleek Outdoor Table Plans Modern aesthetics, these plans have you covered.

Small spaces? No problem! Build a Wood Pick Nick Table, Back Yard Bench, or even a Picnic Table for Two. Transform your outdoor space with a versatile Transformer Outdoor Table that fits your lifestyle perfectly. With guidance from Picnic Table Guide and quality-tested plans from Uncle John Shoppe, anyone can build a professional-looking table at home.

All plans are delivered as a farmhouse table | wooden table | patio table | picnic table bench plan | DIY outdoor table | modern table plan PDF, making it easy to start your project immediately. Create your own handcrafted outdoor furniture and enjoy gatherings in style and comfort!",10,USD,4,"Picnic_Table_Plans,Woodworking_Plans,Outdoor_Furniture,Farmhouse_Table,DIY_Plans,Picnic_Table,Digital_Download,Outdoor_Table,Backyard_Furniture,Patio_Furniture,6_Foot_Table,8_Foot_Table,Wood_Picnic_Table","Digital Download,PDF File,Digital Instructions,Instant Download,Printable File",https://i.etsystatic.com/37058139/r/il/e6338d/7218374874/il_fullxfull.7218374874_rijh.jpg,https://i.etsystatic.com/37058139/r/il/216524/7218374860/il_fullxfull.7218374860_qs9o.jpg,https://i.etsystatic.com/37058139/r/il/1239e6/7218374858/il_fullxfull.7218374858_8wq7.jpg,https://i.etsystatic.com/37058139/r/il/bf5e7d/7218374870/il_fullxfull.7218374870_d1u1.jpg,https://i.etsystatic.com/37058139/r/il/12b800/7266341157/il_fullxfull.7266341157_qm6d.jpg,https://i.etsystatic.com/37058139/r/il/4431b4/7218374876/il_fullxfull.7218374876_8te6.jpg,https://i.etsystatic.com/37058139/r/il/d59b49/7266341171/il_fullxfull.7266341171_eeis.jpg,https://i.etsystatic.com/37058139/r/il/881ef9/7266341235/il_fullxfull.7266341235_4f9v.jpg,https://i.etsystatic.com/37058139/r/il/680605/7218374910/il_fullxfull.7218374910_hv1y.jpg,https://i.etsystatic.com/37058139/r/il/d1e9a0/7266341233/il_fullxfull.7266341233_nfwu.jpg,,,,,,,1
"DIY Mobile Bar Cart Plans: Collapsible Vendor Cart (PDF Plan)","DIY Mobile Bar Cart Plans: The Ultimate Collapsible Vendor Cart Blueprint

Ready to create the perfect centerpiece for your next event? This is not just a plan; it's your ticket to building a beautiful, professional-grade mobile bar or vendor cart. Our meticulously designed, step-by-step PDF guide gives you everything you need to bring this elegant and modern design to life. Imagine effortlessly serving guests from a stunning, custom-built cart that perfectly fits your unique style.

Unmatched Customization & Versatility

This is the most flexible DIY plan you'll find, designed for everything from intimate gatherings to grand events. The plan includes multiple distinct countertop layouts, allowing you to tailor your cart to any need.

The Classic: A smooth, solid top for a clean, minimalist look or a versatile workspace.

The Party Pro: Multiple cutouts for beverage tubs, making it the ultimate drink cart.

The Charcuterie Dream: Cutouts designed for a beautiful and functional charcuterie board display.

Effortless Portability & Smart Design

Designed with convenience in mind, this foldable cart features two sturdy folding wings for extra serving space. When not in use, they neatly tuck away, transforming the cart into a compact, space-saving design.

Two-Wheel Version: Build a classic, vintage-style cart with two large wheels and two casters.

Four-Caster Version: Use heavy-duty 3-inch locking casters to ensure your cart glides effortlessly and locks securely, even when fully loaded.

Perfect for Any Occasion
For the Entrepreneur: Launch your business with a professional-looking coffee cart, snack bar, or vendor cart.

For the Host: Impress your guests with a stunning mobile bar or party cart.

For the DIY Enthusiast: Experience the satisfaction of building a high-quality piece with our easy-to-follow guide. This is the DIY cart project you've been waiting for.

What You Will Receive
Upon purchase, you will get an instant digital download of a comprehensive PDF file that includes everything you need to build your own mobile bar.

Detailed Cut List: All parts are labeled with clear letters and precise inch measurements.

Shopping List: A complete list of all required tools and hardware.

Step-by-Step Instructions: Easy-to-follow, detailed instructions for every stage of assembly, from cutting the panels to installing the casters.

Start building your dream cart today and get ready to roll out your next event with style and ease!

Note: This listing is for a digital PDF plan only. You are not purchasing a physical product.**",9,USD,46,"Custom_food_cart,Charcuterie_cart,foldable_cart,bar_carts,DIY_Cart,Party_cart,beverage_cart,coffee_cart,collapsible_cart,wedding_cart,Mobile_bar,vendor_cart,bar_cart","Digital Download,PDF File,Digital Instructions,Instant Download,Printable File",https://i.etsystatic.com/37058139/r/il/01930b/7328512023/il_fullxfull.7328512023_7e8d.jpg,https://i.etsystatic.com/37058139/r/il/7073ee/7328512045/il_fullxfull.7328512045_9gte.jpg,https://i.etsystatic.com/37058139/r/il/ef707d/7280564524/il_fullxfull.7280564524_pu85.jpg,https://i.etsystatic.com/37058139/r/il/4360e3/7280564526/il_fullxfull.7280564526_qy9t.jpg,https://i.etsystatic.com/37058139/r/il/16efb4/7280564522/il_fullxfull.7280564522_q7t6.jpg,https://i.etsystatic.com/37058139/r/il/49ae14/7328512025/il_fullxfull.7328512025_s4e4.jpg,https://i.etsystatic.com/37058139/r/il/0ef0eb/7280564564/il_fullxfull.7280564564_8it4.jpg,https://i.etsystatic.com/37058139/r/il/86559f/7280564566/il_fullxfull.7280564566_pszs.jpg,,,,,,,,,1
"Twin Loft Bed DIY Plans with Stairs & Desk | Space Saving Blueprint (PDF Download)","Twin Loft Bed Plans | DIY Kids Loft Bed & Bunk Bed Plan | Space Saving High Sleeper for Teens | Wooden Bedroom Furniture Blueprint

Unlock the full potential of any small bedroom with these premium Twin Loft Bed DIY Plans. Designed for parents and DIYers who want a custom, sturdy, and stylish solution, this blueprint is the perfect alternative to expensive store-bought furniture.

Whether you are searching for a Bunk Bed Plan to maximize floor space or a cool Teen Loft Bed upgrade, this project delivers exactly what you need.

Why This Plan is a Customer Favorite:

Ultimate Loft Bed With Desk Potential: The generous clearance underneath is specifically designed to accommodate a study area. It turns a single corner into a complete sleep-and-study station (perfect for a Loft Bed with Desk setup).

Smart Storage & Access: Features a built-in shelving unit for books and toys, plus a secure, heavy-duty ladder-style Loft Bed with Stairs system that makes climbing up fun and safe for kids.

Heavy-Duty Construction: Forget wobbly metal frames. This wooden bed frame is rock-solid and built to last from toddler years through the teenage years.

Space Saving Blueprint: By elevating the sleeping quarters, you effectively double the usable room space.

📏 Dimensions & Specs:

Total Height: 80 inches – High clearance for comfortable use underneath.

Total Length: 96.63 inches (including ladder footprint).

Width: 44 inches.

Mattress Size: Fits a standard Twin Mattress.

📂 What’s Included in Your Download:

Step-by-Step PDF Instructions (Beginner to Intermediate friendly).

Detailed Cut List & Material Shopping Guide (Save money at the hardware store!).

3D Assembly Diagrams for visual clarity.

Perfect For:

Creating a Kids Loft Bed with a play fort underneath.

Setting up a dorm-style High Sleeper for students.

DIYers looking for reliable Woodworking Plans with professional measurements.

Instant Digital Download: Get your tools ready and transform your room this weekend! Please Note: This listing is for the DIGITAL PLANS only. Mattress, desk, and bedding are not included.",10,USD,94,"Loft_Bed_With_Stairs,Loft_Bed_With_Desk,Twin_Loft_Bed_Plan,Kids_Loft_Bed,Bunk_Bed_Plan,DIY_Bed_Plan,Teen_Loft_Bed,Space_Saving_Bed,High_Sleeper_DIY,Bed_With_Storage,Woodworking_Plans,Digital_Blueprint,Twin_Bed_Frame","Digital Download,PDF File,Digital Instructions,Instant Download,Printable File",https://i.etsystatic.com/37058139/r/il/6952de/7631247484/il_fullxfull.7631247484_mma0.jpg,https://i.etsystatic.com/37058139/r/il/668aae/7679197769/il_fullxfull.7679197769_rppu.jpg,https://i.etsystatic.com/37058139/r/il/ef458a/7679197771/il_fullxfull.7679197771_ldkl.jpg,https://i.etsystatic.com/37058139/r/il/6fbd58/7679197797/il_fullxfull.7679197797_d5s2.jpg,https://i.etsystatic.com/37058139/r/il/57c94b/7631247488/il_fullxfull.7631247488_7i01.jpg,https://i.etsystatic.com/37058139/r/il/39d5d3/7631247492/il_fullxfull.7631247492_rt8n.jpg,https://i.etsystatic.com/37058139/r/il/400618/7679197799/il_fullxfull.7679197799_s0nz.jpg,https://i.etsystatic.com/37058139/r/il/e715d5/7631247450/il_fullxfull.7631247450_g9il.jpg,https://i.etsystatic.com/37058139/r/il/2be49b/7631247482/il_fullxfull.7631247482_t5iw.jpg,https://i.etsystatic.com/37058139/r/il/496c5c/7631247478/il_fullxfull.7631247478_8x4k.jpg,,,,,,,1
"DIY Mobile Snack Bar Cart | Charcuterie Cart on Wheels | Small Foldable Vendor Cart | Refrigerated Charcuterie Cart","DIY Mobile Serving Cart Plan: Build Your Dream Charcuterie, Coffee, or Snack Cart!

Ready to build the ultimate centerpiece for your next event? This isn't just a project—it's your complete guide to creating a stunning, multi-functional mobile serving cart that will impress your guests and elevate any occasion. Our detailed, step-by-step PDF plan gives you everything you need to bring this elegant, modern design to life, transforming your ideas into a beautiful, professional-looking cart.

Unmatched Customization & Versatility

This is the most flexible DIY plan you'll find. It's designed to be the perfect fit for any occasion, whether you're building a simple bar cart for your home or a professional vendor cart for your business. Our comprehensive guide includes six distinct countertop layouts so you can tailor the cart to your specific needs:

The Classic: A clean, solid top for a minimalist look or versatile workspace.

The Charcuterie Dream: Multiple cutouts perfect for creating a stunning, sectioned charcuterie display.

The Party Pro: Two large cutouts, ideal for holding beverage tubs on ice, making it the ultimate mobile bar.

Plus 3 more options! A variety of other layouts to suit any serving style.

Effortless Portability & Smart Design
We designed this cart with convenience in mind. It features sturdy folding wings that provide extra serving space when you need it and neatly tuck away for easy storage. The heavy-duty 3-inch locking casters ensure your cart glides effortlessly over any surface and stays securely in place, even when fully loaded. This collapsible design is not just beautiful; it's a masterclass in functional, space-saving craftsmanship.

Perfect for Every Occasion:

For the Entrepreneur: Launch your business with a professional-looking vendor cart or a refrigerated charcuterie cart.

For the Host: Impress your guests with a beautiful bar cart, coffee cart, or dessert station.

For the DIY Enthusiast: Experience the satisfaction of building a high-quality, professional piece with our easy-to-follow guide.

What You'll Get (Instant Digital Download):

Upon purchase, you'll receive a comprehensive PDF file with everything you need to start building:

Detailed Cut List: All parts are clearly labeled with precise inch measurements.

Step-by-Step Instructions: Easy-to-follow, detailed instructions for every stage of assembly.

Six Countertop Options: Choose the perfect layout to suit your needs.

Don't wait—start building your dream cart today! Get ready to roll out your next event with style and ease.

Note: This listing is for a digital PDF plan only. You are not purchasing a physical product.",20,USD,84,"Custom_food_cart,Charcuterie_cart,foldable_cart,bar_carts,Food_cart,DIY_Cart,Party_cart,beverage_cart,coffee_cart,collapsible_cart,wedding_cart,Mobile_bar,vendor_cart","Digital Download,PDF File,Digital Instructions,Instant Download,Printable File",https://i.etsystatic.com/37058139/r/il/d7de66/7148078498/il_fullxfull.7148078498_b7z0.jpg,https://i.etsystatic.com/37058139/r/il/186439/7148078504/il_fullxfull.7148078504_tr3k.jpg,https://i.etsystatic.com/37058139/r/il/ad00cc/7148078508/il_fullxfull.7148078508_pg3z.jpg,https://i.etsystatic.com/37058139/r/il/b11002/7148078506/il_fullxfull.7148078506_or28.jpg,https://i.etsystatic.com/37058139/r/il/5de10c/7196067773/il_fullxfull.7196067773_e66q.jpg,https://i.etsystatic.com/37058139/r/il/f724fc/7196067765/il_fullxfull.7196067765_4peh.jpg,https://i.etsystatic.com/37058139/r/il/6aad18/7112557918/il_fullxfull.7112557918_l9jq.jpg,https://i.etsystatic.com/37058139/r/il/55af1d/7160528159/il_fullxfull.7160528159_lbo4.jpg,,,,,,,,,1
"Rustic Christmas Star Plan: DIY Wooden Holiday Decor | Wooden Stars For Christmas Tree (PDF Download)","Capture the perfect blend of rustic warmth and modern farmhouse charm!

This Rustic Christmas Star Plan provides everything you need to build this stunning 12-inch, 3D wooden star. Forget flat, lifeless decorations; this dimensional star has the substance and style to be the highlight of your DIY Wooden Holiday Decor.

This versatile 12-inch design is perfect as a ""shelf-sitter,"" a striking mantel centerpiece, or even as a unique tree topper for a larger tree. The ""hollow"" 3D construction makes it lightweight yet sturdy, and the design (with or without the optional hardware) gives it an authentic, handcrafted feel.

Final Project Dimensions:
Height: 12 inches (approx. 30.5 cm)

Width: 12 inches (approx. 30.5 cm)

What Your PDF Download Includes:
Your digital plan is a comprehensive, easy-to-follow guide packed with everything you need for a successful build:

Full-Scale Printable Template (1:1): No guessing! We provide the exact angles on a printable template. Just print, trace, and cut.

Detailed Step-by-Step Instructions: We walk you through the entire process, from cutting the mitered angles to final assembly.

Complete Materials & Shopping List: Get everything you need in one trip (including options for the rustic hardware).

Precise Cut List: All measurements and angles are clearly laid out.

Clear 3D & 2D Diagrams: Visualize every step to ensure a perfect, gap-free star.

Project Details:
Skill Level: Adventurous Beginner / Intermediate (This project requires a miter saw or a miter box to cut accurate angles).

Tools: Miter Saw (highly recommended for clean angles), wood glue, and a pin nailer or clamps.

Why settle for store-bought decor when you can create a timeless, handmade piece? Download your Rustic Christmas Star Plan today and build a piece of holiday magic that will last for years to come!",5,USD,4,"Woodworking_Plan,DIY_plans,Landscape_Tree_Plan,Build_Plan,One_Board_Spiral,Spiral_Christmas,Christmas_Tree,Spiral_Wooden,Tree_Plan,Christmas_Display,Christmas_Village","Digital Download,PDF File,Digital Instructions,Instant Download,Printable File",https://i.etsystatic.com/37058139/r/il/c4cb28/7389502348/il_fullxfull.7389502348_4sp0.jpg,https://i.etsystatic.com/37058139/r/il/cad8a0/7437419675/il_fullxfull.7437419675_n850.jpg,https://i.etsystatic.com/37058139/r/il/72fb05/7389502340/il_fullxfull.7389502340_iz98.jpg,https://i.etsystatic.com/37058139/r/il/82d406/7389502368/il_fullxfull.7389502368_siao.jpg,https://i.etsystatic.com/37058139/r/il/1300f6/7389502334/il_fullxfull.7389502334_f42w.jpg,https://i.etsystatic.com/37058139/r/il/b39d6d/7437419705/il_fullxfull.7437419705_54jz.jpg,https://i.etsystatic.com/37058139/r/il/598fe4/7389502338/il_fullxfull.7389502338_3pdd.jpg,https://i.etsystatic.com/37058139/r/il/a950e2/7389502352/il_fullxfull.7389502352_pb4s.jpg,https://i.etsystatic.com/37058139/r/il/b9cf13/7389502374/il_fullxfull.7389502374_9jod.jpg,https://i.etsystatic.com/37058139/r/il/89e7c4/7437419697/il_fullxfull.7437419697_1atc.jpg,,,,,,,1
"Simple 2x4 Garden Bench Plans | DIY Outdoor Furniture (PDF Download)","Simple Bench Plans Outdoor Furniture |  2x4 lumber Patio Furniture | Garden Bench | Solid Wood Bench | Woodworking Plans | Deck Furniture

Now you can build this easy and sturdy bench and enhance the look of your patio, deck or back yard lawn.

Dimensions - L 70"" x W 15"" x H 19.5""
Estimated Cost: $45
Plans includes:
. Complete List of Material
. Cut List
. Detail Drawings and Step-by-step Instructions
. Tools List, Safety and Helpful Hints
. Digital plans format. (Instant Download)
Plans are in English and all of the dimentions are in inches

Please Note
This listing is for a digital Woodworking plan (PDF Download) only. No physical materials, tools, or completed bench will be shipped.

File Format: PDF

Delivery: Instant Digital Download

Refund Policy: Due to the nature of digital products, all sales are final.

Start building your own rustic outdoor seating today. These DIY plans are the perfect way to add character and function to your outdoor space!",5,USD,4,"Woodworking_Plan,Patio_furniture,DIY_plans,PDF_Download,Rustic_Wooden_Bench,Outdoor_Patio_Bench,Potting_Lounge_Bench,2x4_Wooden_Bench,Simple_Bench_Plans,Garden_Bench,Solid_Wood_Bench,Woodworking_Plans","Digital Download,PDF File,Digital Instructions,Instant Download,Printable File",https://i.etsystatic.com/37058139/r/il/a5db26/7100756715/il_fullxfull.7100756715_rjum.jpg,https://i.etsystatic.com/37058139/r/il/807b11/7100756717/il_fullxfull.7100756717_2uux.jpg,https://i.etsystatic.com/37058139/r/il/823a95/7100756723/il_fullxfull.7100756723_rm9s.jpg,https://i.etsystatic.com/37058139/r/il/a4f68e/7052795422/il_fullxfull.7052795422_e6qg.jpg,https://i.etsystatic.com/37058139/r/il/801c99/7052795420/il_fullxfull.7052795420_cyun.jpg,,,,,,,,,,,,1
"DIY Base Cabinet Plans with Drawers | Garage Organization Woodworking PDF | Plywood Furniture Blueprint","Build Your Own Custom Base Cabinet with Drawers!

Looking for the perfect storage solution? This comprehensive DIY Cabinet Plan provides everything you need to build a sturdy, professional-looking 3-section base cabinet with drawers. Whether you are upgrading your workshop with new garage drawers plans or looking for highly detailed organization plans woodworking projects, this blueprint is designed for success.

Perfect for DIYers of all levels, these cabinet plans for beginners include step-by-step instructions, cutting lists, and 3D visual guides. No more guessing—just precise prints for building cabinets that will save you time, money, and materials.

📐 OVERALL DIMENSIONS:

Width: 36 inches
Height: 31 inches
Depth: 29 1/4 inches

🛠️ WHAT'S INCLUDED IN THIS DIGITAL DOWNLOAD?

High-quality Furniture Plans PDF instantly available after purchase.

Detailed material and cut lists for efficient plywood usage (DIY plywood drawers made easy!).

Step-by-step 3D illustrated assembly instructions.

Tool recommendations and hardware requirements.

💡 WHY CHOOSE THESE WOOD FURNITURE TEMPLATES?

Versatile Design: Use it as a robust workshop station, a stylish kitchen addition, or for general garage organization.

Beginner-Friendly: Clear, jargon-free instructions make this wood cabinet plan accessible to anyone.

Digital Format: Print it out in your shop or follow along on your tablet.

Please Note: This is a DIGITAL DOWNLOAD only. No physical item will be shipped. Due to the nature of digital products, we do not accept returns or cancellations.",4.99,USD,99,"DIY_Cabinet_Plan,Garage_Drawer_Plan,Woodworking_Plans,Plywood_Drawers,Wood_Cabinet_Plan,Furniture_Blueprint,Cabinet_Plans_PDF,Base_Cabinets_DIY,Organization_Plan,Building_Cabinets,Beginner_Wood_Plan,Furniture_Template,Shop_Organization","Digital Download,PDF File,Digital Instructions,Instant Download,Printable File",https://i.etsystatic.com/37058139/r/il/eea007/7804919140/il_fullxfull.7804919140_8p8d.jpg,https://i.etsystatic.com/37058139/r/il/51dbed/7852860459/il_fullxfull.7852860459_aty4.jpg,https://i.etsystatic.com/37058139/r/il/b16cea/7804919134/il_fullxfull.7804919134_an0w.jpg,https://i.etsystatic.com/37058139/r/il/911ca4/7852860477/il_fullxfull.7852860477_4j0p.jpg,https://i.etsystatic.com/37058139/r/il/cb2ede/7852860461/il_fullxfull.7852860461_64hy.jpg,https://i.etsystatic.com/37058139/r/il/127f52/7852860457/il_fullxfull.7852860457_cyxd.jpg,https://i.etsystatic.com/37058139/r/il/11c8d0/7852860479/il_fullxfull.7852860479_fbhl.jpg,https://i.etsystatic.com/37058139/r/il/600f3a/7852860471/il_fullxfull.7852860471_7hse.jpg,,,,,,,,,1
"DIY Multipurpose Workbench Plans | Assembly Work Bench PDF | Garage Work Bench Storage | Craft Room Table Build | Tool Chest Pattern","Build the Ultimate Massive Storage Workbench!

Take your workshop or craft room to the next level with this incredible DIY Multipurpose Workbench Plan. Measuring over 10 feet wide, this heavy-duty island features a massive solid work surface and 9 spacious drawers, giving you the ultimate garage work bench storage solution.

Whether you need a heavy-duty assembly work bench for your woodworking shop, a dedicated workbench for craft room projects, or a large-scale tool chest plan to organize all your gear, this blueprint provides everything you need. Stop struggling with clutter and build a professional-grade center island!

📐 OVERALL DIMENSIONS:

Width: 121-1/2 inches (Over 10 Feet!)
Height: 49 inches
Depth: 48 inches

🛠️ WHAT'S INCLUDED IN THIS DIGITAL DOWNLOAD?

High-quality Workbench Pattern blueprints instantly available in PDF format.
Detailed material list and exact cut list to optimize your lumber and plywood.
Step-by-step 3D illustrated assembly instructions.
Perfect guide for building a massive woodwork for shop station.

💡 WHY CHOOSE THESE WOODWORKING PLANS?

Massive Storage: 9 deep drawers provide a built-in tool chest to keep your workspace completely clear.
Versatile Use: The massive 48"" depth is perfect for use as an outfeed table, a cutting station, or a sewing workbench.
Digital Format: Print the workbench builds in your shop or follow along easily on your tablet.

Please Note: This is a DIGITAL DOWNLOAD only. No physical item will be shipped. Due to the nature of digital products, we do not accept returns or cancellations.

Upgrade your workspace with the ultimate storage island! Add these Multipurpose Workbench Plans to your cart and start building today.",4.99,USD,99,"Multipurpose_Bench,Assembly_Work_Bench,Workbench_Storage,Garage_Work_Bench,Craft_Room_Workbench,Tool_Chest_Plan,Workbench_Pattern,Woodwork_For_Shop,Workbench_Builds,10ft_Workbench_Plan,Work_Bench_Drawings,Garage_Storage_Plan,DIY_Workbench_PDF","Digital Download,PDF File,Digital Instructions,Instant Download,Printable File",https://i.etsystatic.com/37058139/r/il/268a9b/7805304588/il_fullxfull.7805304588_r815.jpg,https://i.etsystatic.com/37058139/r/il/b75354/7805304592/il_fullxfull.7805304592_shd7.jpg,https://i.etsystatic.com/37058139/r/il/58feda/7853248379/il_fullxfull.7853248379_bmfq.jpg,https://i.etsystatic.com/37058139/r/il/803c33/7853248403/il_fullxfull.7853248403_b8rf.jpg,https://i.etsystatic.com/37058139/r/il/4c4371/7805304596/il_fullxfull.7805304596_adq1.jpg,https://i.etsystatic.com/37058139/r/il/ff35e0/7853248401/il_fullxfull.7853248401_mw7u.jpg,https://i.etsystatic.com/37058139/r/il/3f0c5e/7805304612/il_fullxfull.7805304612_m5wt.jpg,https://i.etsystatic.com/37058139/r/il/f85c87/7853248437/il_fullxfull.7853248437_p4ac.jpg,https://i.etsystatic.com/37058139/r/il/c81ea5/7853248443/il_fullxfull.7853248443_7rr2.jpg,https://i.etsystatic.com/37058139/r/il/ba7564/7805304630/il_fullxfull.7805304630_o919.jpg,,,,,,,1
"DIY Tool Organizer Plans | Cordless Drill Holder PDF | Power Tool Rack Plans | Wooden Drill Battery Storage Blueprint","Build the Ultimate Power Tool & Battery Organizer!

Tired of a cluttered workbench and missing batteries? Reclaim your workspace with this comprehensive DIY Tool Organizer Plan! Specifically designed for modern woodworkers and DIYers, this heavy-duty wall-mounted shelf features dedicated bottom slots perfectly sized for hanging cordless drills and impact drivers.

The spacious upper shelves provide the ideal wooden drill and battery organizer setup, giving you plenty of room for charging stations, spare batteries, and extra hardware. Whether you are upgrading your shop organization or looking for practical power tool rack plans for your garage, this blueprint is a game-changer.

📐 OVERALL DIMENSIONS:

Width: 48-3/4 inches
Height: 36 inches
Depth: 18 inches

🛠️ WHAT'S INCLUDED IN THIS DIGITAL DOWNLOAD?

High-quality Cordless Drill Holder Plans instantly available in PDF format.
Detailed material list and efficient cut list to get the most out of your plywood.
Step-by-step 3D illustrated assembly instructions.
Perfect guide for professional-level woodworking tool storage.

💡 WHY CHOOSE THESE WOODWORKING PLANS?

Clears Workbench Space: Gets your most-used tools off the table and onto the wall.
Customizable: The open shelving concept allows you to arrange your specific chargers and gear easily.
Digital Format: Print the tool storage plans in your shop or follow along easily on your tablet.

Please Note: This is a DIGITAL DOWNLOAD only. No physical item will be shipped. Due to the nature of digital products, we do not accept returns or cancellations.

Get your shop organized this weekend! Add these Tool Organizer Plans to your cart and start building your custom tool station.",3.99,USD,99,"Tool_Organizer_Plan,Cordless_Drill_Rack,Power_Tool_Rack,Shop_Organization,Tool_Storage_Plans,Drill_Holder_PDF,Wooden_Tool_Holder,Battery_Organizer,Woodworking_Plans,Garage_Storage_DIY,Tool_Holder_Plan,Power_Tool_Storage,Garage_Tool_Shelf","Digital Download,PDF File,Digital Instructions,Instant Download,Printable File",https://i.etsystatic.com/37058139/r/il/b76c43/7853209255/il_fullxfull.7853209255_48o0.jpg,https://i.etsystatic.com/37058139/r/il/204c6c/7805265834/il_fullxfull.7805265834_qhxx.jpg,https://i.etsystatic.com/37058139/r/il/db3abe/7853209249/il_fullxfull.7853209249_13ag.jpg,https://i.etsystatic.com/37058139/r/il/ba5d47/7805265848/il_fullxfull.7805265848_5o3a.jpg,https://i.etsystatic.com/37058139/r/il/af522a/7853209253/il_fullxfull.7853209253_miqu.jpg,https://i.etsystatic.com/37058139/r/il/641a04/7805265844/il_fullxfull.7805265844_a6bh.jpg,https://i.etsystatic.com/37058139/r/il/0114b4/7805265850/il_fullxfull.7805265850_77uw.jpg,https://i.etsystatic.com/37058139/r/il/cdaf19/7805265858/il_fullxfull.7805265858_f1og.jpg,,,,,,,,,1
"DIY Shooting Bench Plans | Wood Rifle Shooting Table PDF | Shooters Bench Blueprint |  Shooting Range Table Build | Hunting Stand","Build the Ultimate Stable Shooting Bench!

Improve your accuracy and enjoy comfortable target practice with this comprehensive DIY Shooting Bench Plan. Stability is everything when sighting in a rifle, and this heavy-duty wood shooting bench is designed to provide a rock-solid foundation. Featuring an integrated seating area and a spacious, robust tabletop, this is the perfect shooting table and bench setup for your backyard or private range.

Skip the wobbly, expensive portable tables. Whether you need a reliable rifle shooting bench for zeroing scopes or are looking for solid shooting rest wood projects, this blueprint gives you everything you need to build a professional-grade station.

📐 OVERALL DIMENSIONS:

Width: 201.9 cm (Approx. 79.5 inches)
Depth: 148.6 cm (Approx. 58.5 inches)
Height: 105.4 cm (Approx. 41.5 inches)

🛠️ WHAT'S INCLUDED IN THIS DIGITAL DOWNLOAD?

High-quality Shooting Bench Plans instantly available in PDF format.
Detailed material list and precise cut list to ensure maximum stability.
Step-by-step 3D illustrated assembly instructions.
Perfect guide for building a permanent shooting range table.

💡 WHY CHOOSE THESE WOODWORKING PLANS?

Rock-Solid Stability: The heavy timber design ensures minimal recoil movement.
Ergonomic Design: Built-in seating makes long shooters bench sessions comfortable.
Digital Format: Print the blueprints in your workshop or view them easily on your smartphone.

Please Note: This is a DIGITAL DOWNLOAD only. No physical item will be shipped. Due to the nature of digital products, we do not accept returns or cancellations.

Upgrade your target practice setup today! Add these Shooting Table Plans to your cart and build your own custom range furniture.",2.99,USD,99,"Shooting_Bench_Plans,Wood_Shooting_Bench,Rifle_Shooting_Bench,Shooting_Table_Bench,Shooters_Bench,Shooting_Range_Table,Hunting_Stand_Plan,DIY_Shooting_Bench,Target_Practice_Desk,Woodworking_Plans,Shooting_Rest_Wood,Gun_Range_Furniture,Outdoor_Shooting","Digital Download,PDF File,Digital Instructions,Instant Download,Printable File",https://i.etsystatic.com/37058139/r/il/643fa0/7805253362/il_fullxfull.7805253362_cves.jpg,https://i.etsystatic.com/37058139/r/il/906fd7/7853196597/il_fullxfull.7853196597_klnj.jpg,https://i.etsystatic.com/37058139/r/il/631d2c/7853196637/il_fullxfull.7853196637_ffgi.jpg,https://i.etsystatic.com/37058139/r/il/6b81e3/7805253358/il_fullxfull.7805253358_ie6z.jpg,https://i.etsystatic.com/37058139/r/il/d3c8a9/7853196605/il_fullxfull.7853196605_8d8w.jpg,https://i.etsystatic.com/37058139/r/il/5f83b4/7853196603/il_fullxfull.7853196603_4aiq.jpg,https://i.etsystatic.com/37058139/r/il/7bc506/7853196633/il_fullxfull.7853196633_lhdh.jpg,https://i.etsystatic.com/37058139/r/il/a5db7a/7853196643/il_fullxfull.7853196643_jgyh.jpg,,,,,,,,,1
"DIY Kids Garage Playset Plan | Mechanic Pretend Play Station PDF | Wooden Toy Car Stand | Playroom Role Play Build","Build the Ultimate Pretend Play Mechanic Garage!

Spark your child's imagination with this unique DIY Kids Playset Plan! Designed to look like a real mechanic's service station, this wooden play stand features a fun car front profile, a service counter, and side panels perfect for a chalkboard menu or tool display. It is the ultimate playroom role play build for little ones who love cars and fixing things!

Stop buying flimsy plastic toys that break in a month. Use this toddler playset blueprint to craft a sturdy, heirloom-quality wooden mechanic pretend play station that will provide hours of creative, screen-free fun.

📐 OVERALL DIMENSIONS:

Width: 59-1/16 inches
Height: 62-1/4 inches
Depth: 33-1/2 inches

🛠️ WHAT'S INCLUDED IN THIS DIGITAL DOWNLOAD?

High-quality Wooden Toy Car Stand plans instantly available in PDF format.
Detailed material list and exact cut list to minimize waste.
Step-by-step 3D illustrated assembly instructions.
Perfect instructions for a fun kids DIY plan weekend project.

💡 WHY CHOOSE THESE WOODWORKING PLANS?

Sparks Creativity: Perfect for dramatic play, learning, and developing social skills.
Sturdy & Safe: Designed to be built with solid wood/plywood to withstand energetic toddler play.
Digital Format: Print the indoor playhouse DIY plans in your shop or follow along easily on your tablet.

Please Note: This is a DIGITAL DOWNLOAD only. No physical item will be shipped. Due to the nature of digital products, we do not accept returns or cancellations.

Create a magical play space for your little mechanic! Add these Garage Playset Plans to your cart and start building today.",4.99,USD,99,"Kids_Playset_Plan,Mechanic_Garage_Toy,Pretend_Play_Station,Wooden_Toy_Car_Plan,DIY_Playroom_Build,Toddler_Playset_PDF,Role_Play_Toy_Stand,Kids_DIY_Plan,Wood_Play_Store,Toy_Garage_Blueprint,Childrens_Furniture,Indoor_Playhouse_DIY,Woodworking_Plan_PDF","Digital Download,PDF File,Digital Instructions,Instant Download,Printable File",https://i.etsystatic.com/37058139/r/il/fe6960/7805170778/il_fullxfull.7805170778_snx6.jpg,https://i.etsystatic.com/37058139/r/il/ef58cf/7853113441/il_fullxfull.7853113441_n3ie.jpg,https://i.etsystatic.com/37058139/r/il/04f55e/7853113453/il_fullxfull.7853113453_87ld.jpg,https://i.etsystatic.com/37058139/r/il/18c167/7853113455/il_fullxfull.7853113455_rgro.jpg,https://i.etsystatic.com/37058139/r/il/9dd57b/7853113451/il_fullxfull.7853113451_f7bv.jpg,https://i.etsystatic.com/37058139/r/il/a21616/7853113447/il_fullxfull.7853113447_m6bs.jpg,https://i.etsystatic.com/37058139/r/il/3d5d1e/7805170782/il_fullxfull.7805170782_knj1.jpg,https://i.etsystatic.com/37058139/r/il/f5e343/7805170800/il_fullxfull.7805170800_h0l4.jpg,,,,,,,,,1
"DIY Memory Box Plans | Small Wooden Box Projects PDF | Keepsake Gift Box Blueprint | Small Wood DIY Projects","Build a Beautiful Custom Keepsake Box!

Looking for a rewarding and meaningful woodworking project? This comprehensive DIY Memory Box Plan provides everything you need to craft a stunning, high-quality wooden box with a hinged lid. Whether you are searching for elegant gift box plans for a loved one, or robust momento box plans to safely store your treasured keepsakes, this detailed blueprint is the perfect guide.

Ideal for weekend crafters and seasoned woodworkers alike, these plans for small boxes are designed to help you create a professional-level product. Dive into one of the best small wood DIY projects and craft an heirloom piece that will be cherished for generations.

📐 OVERALL DIMENSIONS:

Width: 20 cm (Approx. 7.9 inches)
Height: 29 cm (Approx. 11.4 inches)
Depth: 17 cm (Approx. 6.7 inches)

🛠️ WHAT'S INCLUDED IN THIS DIGITALDOWNLOAD?

High-quality Wooden Box Downloads instantly available in PDF format.
Detailed material list and precise cut list for your wooden box projects.
Step-by-step 3D illustrated assembly instructions.
Hardware guide for installing a smooth hinged lid.

💡 WHY CHOOSE THESE WOODEN BOX PLANS?

Versatile Use: Perfect as a jewelry box, a watch organizer, or a classic memory chest.
Skill Builder: A fantastic way to practice joinery and finishing on small wood DIY projects before tackling larger furniture.
Digital Format: Print the plans for a memory box in your shop or follow along easily on your tablet.

Please Note: This is a DIGITAL DOWNLOAD only. No physical item will be shipped. Due to the nature of digital products, we do not accept returns or cancellations.

Craft something truly special today! Add these DIY Box Plans to your cart and start building your custom box.",4.99,USD,99,"Memory_Box_Plans,Gift_Box_Plans,Small_Box_Plans,Wooden_Box_Plans,Woodbox_Plans,Wood_Box_Projects,Momento_Box_Plans,DIY_Box_Plans,Keepsake_Box_DIY,Small_Wood_Projects,Plans_for_Wooden_Box,Box_DIY_Template,Box_Pattern_PDF","Digital Download,PDF File,Digital Instructions,Instant Download,Printable File",https://i.etsystatic.com/37058139/r/il/8ed2cf/7853071829/il_fullxfull.7853071829_in3q.jpg,https://i.etsystatic.com/37058139/r/il/0a9808/7805128962/il_fullxfull.7805128962_gjlw.jpg,https://i.etsystatic.com/37058139/r/il/1d0a71/7853071831/il_fullxfull.7853071831_sw4c.jpg,https://i.etsystatic.com/37058139/r/il/ba4ce3/7853071825/il_fullxfull.7853071825_2gxv.jpg,https://i.etsystatic.com/37058139/r/il/0bf167/7853071837/il_fullxfull.7853071837_6lyt.jpg,https://i.etsystatic.com/37058139/r/il/048229/7805128972/il_fullxfull.7805128972_e1t0.jpg,https://i.etsystatic.com/37058139/r/il/d55599/7853071853/il_fullxfull.7853071853_dx6d.jpg,https://i.etsystatic.com/37058139/r/il/424c03/7853071849/il_fullxfull.7853071849_a7l5.jpg,https://i.etsystatic.com/37058139/r/il/cb7af5/7805128990/il_fullxfull.7805128990_oqbf.jpg,,,,,,,,1
"DIY Kids Wooden Chair Plans | Toddler Chair Plans PDF | Child Patio Chair Wood Plans | Wood Chair Template Printable","Build the Perfect Sturdy Chair for Your Little Ones!

Looking for a rewarding weekend project? This comprehensive DIY Kids Wooden Chair Plan provides everything you need to craft a durable, comfortable, and beautiful wooden chair. Whether you want to build a toddler chair out of wood for the playroom or a cute child patio chair for the backyard, this blueprint makes it easy and fun.

Perfect for anyone interested in kids woodshop DIY projects, these instructions are clear, beginner-friendly, and designed to save you time. Forget buying flimsy plastic furniture; use this wood chair template printable to build something that will last for generations.

📐 OVERALL DIMENSIONS:

Width: 30 inches
Height: 41-15/16 inches
Depth: 20-3/4 inches

🛠️ WHAT'S INCLUDED IN THISDIGITAL DOWNLOAD?

High-quality Childs Chair Plans instantly available in PDF format.
Detailed material list and exact cut list to minimize waste.
Step-by-step 3D illustrated assembly instructions.
Perfect addition to your collection of kids wooden chair DIY builds.

💡 WHY CHOOSE THESE WOODWORKING PLANS?

Sturdy Design: Built to withstand energetic kids and outdoor weather.
Beginner-Friendly: Easy-to-follow steps make this DIY plan wood kids project accessible to all skill levels.
Digital Format: Print it out in your shop or follow along on your tablet or phone.

Please Note: This is a DIGITAL DOWNLOAD only. No physical item will be shipped. Due to the nature of digital products, we do not accept returns or cancellations.

Start building a meaningful piece of furniture today! Add these Toddler Chair Plans to your cart and get instant access.",3.99,USD,99,"Kids_Wooden_Chair,Toddler_Chair_Plans,Childs_Chair_Plans,Childrens_Chair,DIY_Plan_Wood_Kids,Kids_Woodshop_DIY,Kids_Stool_Plans,Child_Patio_Chair,Wood_Chair_Template,Kids_Chair_DIY,Toddler_Chair_Wood,Furniture_Plans_PDF,Woodworking_Plan","Digital Download,PDF File,Digital Instructions,Instant Download,Printable File",https://i.etsystatic.com/37058139/r/il/a9ca88/7805112778/il_fullxfull.7805112778_alnm.jpg,https://i.etsystatic.com/37058139/r/il/8aeac6/7853055531/il_fullxfull.7853055531_yyo4.jpg,https://i.etsystatic.com/37058139/r/il/dcddf6/7805112788/il_fullxfull.7805112788_gr6y.jpg,https://i.etsystatic.com/37058139/r/il/00ccd8/7805112780/il_fullxfull.7805112780_egf1.jpg,https://i.etsystatic.com/37058139/r/il/b70f33/7805112774/il_fullxfull.7805112774_tsxo.jpg,https://i.etsystatic.com/37058139/r/il/b01c56/7805112784/il_fullxfull.7805112784_l9em.jpg,https://i.etsystatic.com/37058139/r/il/909e29/7853055601/il_fullxfull.7853055601_k8bc.jpg,https://i.etsystatic.com/37058139/r/il/8a2059/7805112842/il_fullxfull.7805112842_5n64.jpg,https://i.etsystatic.com/37058139/r/il/c0ae5b/7853055591/il_fullxfull.7853055591_mn56.jpg,https://i.etsystatic.com/37058139/r/il/6310eb/7853055595/il_fullxfull.7853055595_ig9p.jpg,,,,,,,1
"DIY Dining Table Plan | Midcentury Modern Furniture | Outdoor Wood Table PDF | Wooden Dining Table Plan","Elevate Your Space with DIY Midcentury Modern Furniture Home Decor!

Are you looking to upgrade your dining area with a timeless, handcrafted piece? Build your own stunning dining table with our comprehensive woodworking plans! Featuring elegant, curved wooden legs and a spacious top, this design perfectly captures the essence of Midcentury Modern Furniture Home Decor.

Whether you need a reliable template wood furniture guide to challenge your DIY skills or are simply looking to create beautiful dinnerroom furniture for your family gatherings, these step-by-step blueprints will help you craft a professional-quality table.

📐 TABLE DIMENSIONS:

Overall Top Width: 1396 mm.
Base Width: 847 mm.
Overall Height: 756 mm.

🛠️ WHAT IS INCLUDED IN THIS DIGITAL DOWNLOAD?

Detailed Building Plans: Clear, step-by-step instructions with 3D illustrations to build your new interior furniture.
Comprehensive Material List: Know exactly what premium hardwood and fasteners to buy for a sturdy build.
Precise Cut List: Minimize wood waste and save money with our highly accurate cutting templates.
Assembly Tips: Professional advice on crafting the signature mid-century curved legs and securely attaching the table base for a wobble-free dining experience.

💡 WHY CHOOSE OUR PLANS?

Buying authentic, solid wood mid-century tables from designer stores can cost thousands of dollars. Creating your own custom piece using this detailed template wood furniture plan is an incredibly rewarding experience that adds immense character to your home. Finish it with a natural walnut or oak stain to complete that classic retro look!

⚠️ PLEASE NOTE: This is a DIGITAL DOWNLOAD only. No physical items, chairs, decor, hardware, or lumber will be shipped. You will receive high-quality PDF files instantly upon purchase.",4.99,USD,99,"midcentury_modern,dinnerroom_furniture,interior_furniture,template_wood,wood_furniture_plan,dining_table_diy,mid_century_table,centertable_plan,kitchen_table_pdf,diy_wood_table,wooden_table_pattern,furniture_blueprint,woodworking_plans","Digital Download,PDF File,Digital Instructions,Instant Download,Printable File",https://i.etsystatic.com/37058139/r/il/79b831/7804901004/il_fullxfull.7804901004_dokc.jpg,https://i.etsystatic.com/37058139/r/il/0fd45c/7804900998/il_fullxfull.7804900998_dnbt.jpg,https://i.etsystatic.com/37058139/r/il/48bb3c/7804901012/il_fullxfull.7804901012_nti5.jpg,https://i.etsystatic.com/37058139/r/il/c4538c/7852842297/il_fullxfull.7852842297_mrt9.jpg,https://i.etsystatic.com/37058139/r/il/d57f1a/7804901018/il_fullxfull.7804901018_kami.jpg,https://i.etsystatic.com/37058139/r/il/a03bd6/7804901010/il_fullxfull.7804901010_n2i7.jpg,https://i.etsystatic.com/37058139/r/il/66c6b7/7804901074/il_fullxfull.7804901074_k8d2.jpg,https://i.etsystatic.com/37058139/r/il/df0bab/7804901066/il_fullxfull.7804901066_qbj4.jpg,https://i.etsystatic.com/37058139/r/il/743583/7852842333/il_fullxfull.7852842333_jtrr.jpg,,,,,,,,1
"DIY Tiered Flower Display Stand Plans: Large Wood Planter (PDF Pattern)","DIY Large Planter & Raised Garden Bed with Trellis Woodworking Plans

Tired of expensive, flimsy store-bought garden furniture? Dreaming of a lush, organized outdoor space that makes gardening comfortable and stylish?

Our Ultimate Tiered Planter Plans transform your patio, deck, or balcony into a stunning focal point. These plans don't just show you how to build a box—they give you the blueprint for a commanding, multi-functional Patio Decor centerpiece that combines massive planting volume with vertical climbing support. Build a lasting piece of furniture that reflects your dedication to quality and your passion for green living.

Robust & Massive DIY Planter Stand

With these detailed, easy-to-follow Woodworking Plans, you will construct a magnificent Large Planter unit designed for serious gardening and display. Perfect for creating a dedicated Herb Garden, a tiered Flower Box display, or a sturdy Raised Garden Bed.

Key Features & Dimensions (Build the Dream!)

This robust design is engineered to hold maximum soil and stand up to the elements, featuring impressive dimensions:

Massive Footprint: A generous 150 cm (59 inches) Wide and 100 cm (39.4 inches) Deep base provides colossal capacity for root growth and stability.

Vertical Impact: Standing a full 150 cm (59 inches) Tall, this unit maximizes small spaces, turning a plain wall into a thriving vertical garden.

Ergonomic Planting Height: The main planting trough (Top Shelf) is set at a comfortable 85 cm (33.5 inches) high, eliminating the need for bending and making gardening accessible for everyone.

Integrated Trellis Back: A dedicated 65 cm (25.6 inches) tall back section serves as a natural trellis, perfect for vining plants like cucumbers, beans, or beautiful climbing flowers.

Tiered Storage: The practical lower shelf sits at 40 cm (15.7 inches) high, ideal for storing tools, watering cans, or additional pots.

Your Complete DIY Success Kit

Purchase includes a high-quality PDF containing everything you need to confidently complete this project:

Step-by-step, simplified instructions.

Detailed 3D drawings and diagrams.

Comprehensive Material and Cutting List.

Suitable for standard lumber sizes.

Start your rewarding building project today and create the stunning outdoor space you’ve always wanted!",8,USD,95,"DIY_Planter,Large_Planter,Raised_Garden_Bed,Woodworking_Plans,Patio_Decor,Flower_Box,Herb_Garden,Trellis_Planter,Deck_Storage,Garden_Shelf,Planter_Stand,Planter_Plans,Outdoor_Furniture","Digital Download,PDF File,Digital Instructions,Instant Download,Printable File",https://i.etsystatic.com/37058139/r/il/0dbf7b/7277709006/il_fullxfull.7277709006_ltel.jpg,https://i.etsystatic.com/37058139/r/il/7084aa/7325657049/il_fullxfull.7325657049_60fb.jpg,https://i.etsystatic.com/37058139/r/il/030f29/7277709030/il_fullxfull.7277709030_rt6c.jpg,https://i.etsystatic.com/37058139/r/il/53ad4e/7325656979/il_fullxfull.7325656979_rzfc.jpg,https://i.etsystatic.com/37058139/r/il/b7102e/7277708410/il_fullxfull.7277708410_pexh.jpg,https://i.etsystatic.com/37058139/r/il/d287ad/7277708418/il_fullxfull.7277708418_dob7.jpg,https://i.etsystatic.com/37058139/r/il/4974c7/7298910157/il_fullxfull.7298910157_ctzu.jpg,https://i.etsystatic.com/37058139/r/il/6cd0e9/7277709106/il_fullxfull.7277709106_2te7.jpg,,,,,,,,,1
"Grinch and Max Dog Christmas Tree SVG, PNG, JPG Bundle |","🎄 12 Grinch & Max Dog Christmas Tree Digital Bundle | SVG, PNG, JPG Cut Files | Merry Grinchmas Clipart for Cricut, Sublimation & Crafts 🐾

Bring a touch of Whoville whimsy and holiday mischief to your crafting this season with our ultimate 12-design Grinch and Max Dog Christmas Tree Bundle!

This comprehensive digital pack features everyone's favorite grumpy green character and his loyal dog, Max, often with a playfully ""stolen"" or uniquely decorated Christmas tree. Whether you're making shirts, mugs, ornaments, or festive home decor, these high-quality, versatile files are perfect for all your Grinchmas projects.

✨ What Makes Our Bundle Special?

Twelve Unique Designs: Get 12 distinct variations of the Grinch, Max, and the iconic Christmas tree theme. Perfect for creating a diverse range of items!

Instant Digital Download: Start crafting immediately! No waiting for shipping.

Versatile Formats: Includes SVG, PNG, and JPG files to ensure compatibility with all major cutting and printing software.

High Resolution: Crisp, clear 300 DPI files for perfect printing and scaling.

✂️ Perfect For:

Cutting Machines: Use the SVG files with Cricut Design Space, Silhouette Studio Designer Edition, and other vector-compatible software.

Sublimation Printing: The PNG files (with transparent backgrounds) are ideal for heat pressing onto apparel, mugs, and more.

Digital Crafting: Use the JPG files for printable art, greeting cards, or digital scrapbooking.

Creating Gifts: Design festive T-shirts, hoodies, tumblers, stockings, tote bags, and personalized gifts for all the Grinch fans in your life!

📦 What You Will Receive (Digital Download):

Your purchase includes a ZIP file containing:

12 x SVG Files (Vector file, great for cutting machines)

12 x PNG Files (300 DPI, transparent background, ideal for Sublimation/Clipart)

12 x JPG Files (300 DPI, white background, great for printing)

Note: This is a DIGITAL PRODUCT. No physical items will be shipped.

PLEASE NOTE: These are for your personal use only, no sharing of files please. You cannot resell these files for any purpose. Colors may vary slightly due to monitor and printer variations.

⚠️ A Note on Your Digital Keepsake

This is an INSTANT DIGITAL DOWNLOAD. No physical art or frame will be shipped. These files are carefully optimized for screen display and are NOT sized for physical printing.

License and Integrity

The purchase grants you a PERSONAL USE ONLY license. This art is intended to enhance your personal home display.

We kindly ask that you honor the artist's work: The files may not be shared, modified, altered, or resold in any form—digital or physical. Copyright remains with the creator.

We are dedicated to your complete satisfaction. Should any question arise, from download assistance to file clarity, please reach out via Etsy message. We are here to ensure your holiday story is perfect.

Bring the timeless charm and heartfelt story of Christmas to your living space. Download your ultimate art bundle today.",5,USD,57,"christmas_coloring,christmas_posters,simple_christmas","Digital Download,PDF File,Digital Instructions,Instant Download,Printable File",https://i.etsystatic.com/37058139/r/il/33825c/7401018262/il_fullxfull.7401018262_pvlb.jpg,https://i.etsystatic.com/37058139/r/il/68bb10/7448933363/il_fullxfull.7448933363_5itw.jpg,https://i.etsystatic.com/37058139/r/il/2a5a73/7401018238/il_fullxfull.7401018238_ele3.jpg,https://i.etsystatic.com/37058139/r/il/fc27c9/7401018234/il_fullxfull.7401018234_lds6.jpg,https://i.etsystatic.com/37058139/r/il/f6c557/7448933375/il_fullxfull.7448933375_lr35.jpg,https://i.etsystatic.com/37058139/r/il/7095fc/7401018242/il_fullxfull.7401018242_ikvv.jpg,https://i.etsystatic.com/37058139/r/il/0e89c8/7401018252/il_fullxfull.7401018252_2cnb.jpg,https://i.etsystatic.com/37058139/r/il/b01afe/7448933367/il_fullxfull.7448933367_luup.jpg,https://i.etsystatic.com/37058139/r/il/a7d147/7448933359/il_fullxfull.7448933359_qbz7.jpg,https://i.etsystatic.com/37058139/r/il/976f06/7448933385/il_fullxfull.7448933385_trml.jpg,,,,,,,1
"DIY 27-Gallon Tote Rack Plan 2x2 | Costco Totes (PDF Pattern)","27-Gallon Bin Rack 2x2 | DIY Storage for 4 Costco Totes
Tired of cluttered spaces and unorganized storage? Our 2x2 27-gallon bin rack plans are exactly what you need to bring order to your garage, workshop, or storage area! Designed specifically for Costco's popular 27-gallon tough totes, this DIY storage solution offers a sturdy and efficient way to organize your belongings.

These easy-to-follow plans allow you to build a compact and robust rack that holds four 27-gallon storage totes. Whether you're storing tools, seasonal decorations, camping gear, or anything in between, this rack keeps your items neatly off the floor and easily accessible.

What You'll Get:
Detailed, Step-by-Step Instructions: Our plans are designed for DIY enthusiasts of all skill levels. Each step is clearly outlined, making assembly straightforward and enjoyable.

Material List: A comprehensive list of all the lumber and hardware you'll need, ensuring you can gather everything before you start.

Cutting List: Precisely measured cuts for each piece of wood, minimizing waste and maximizing efficiency.

3D Illustrations: Visual aids that help you understand each assembly stage, ensuring you build with confidence.

Why Choose Our DIY Tote Rack Plans?
Custom-Built for 27-Gallon Totes: Perfectly sized for the widely available Costco 27-gallon tough totes, ensuring a snug and secure fit.

Space-Saving Design: The 2x2 configuration maximizes vertical space, ideal for smaller areas.

Durable & Sturdy: Build a strong storage solution that will last for years using readily available materials.

Cost-Effective: Save money by building your own storage rack instead of buying pre-made, often flimsy, alternatives.

Satisfaction Guaranteed: We're confident you'll love your new organized space!

Reclaim your space and get organized today!

Please note: This listing is for digital PDF plans only. No physical product or materials will be shipped. Totes are not included.",5,USD,3,"Garage_Storage,DIY_Plans,Woodworking_Plans,Tote_Storage,Garage_Organization,Storage_Rack,Shelving_Unit,Wooden_Rack,27_Gallon_Tote,Tote_Rack_Calculator,2x2_Tote_Rack,4_Totes_Gallon","Digital Download,PDF File,Digital Instructions,Instant Download,Printable File",https://i.etsystatic.com/37058139/r/il/164686/7070695407/il_fullxfull.7070695407_61t3.jpg,https://i.etsystatic.com/37058139/r/il/ca098a/7070695409/il_fullxfull.7070695409_pac6.jpg,https://i.etsystatic.com/37058139/r/il/0d7910/7070695427/il_fullxfull.7070695427_84f3.jpg,https://i.etsystatic.com/37058139/r/il/0741b7/7022720742/il_fullxfull.7022720742_idqa.jpg,https://i.etsystatic.com/37058139/r/il/4af28a/7070695403/il_fullxfull.7070695403_3vdu.jpg,https://i.etsystatic.com/37058139/r/il/472efb/7070695399/il_fullxfull.7070695399_qcue.jpg,https://i.etsystatic.com/37058139/r/il/83254d/7022720774/il_fullxfull.7022720774_pjr8.jpg,https://i.etsystatic.com/37058139/r/il/65507b/7070695451/il_fullxfull.7070695451_2xyh.jpg,https://i.etsystatic.com/37058139/r/il/22a646/7070695437/il_fullxfull.7070695437_21ep.jpg,https://i.etsystatic.com/37058139/r/il/b728f4/7022720788/il_fullxfull.7022720788_hh54.jpg,,,,,,,1
"DIY Farmhouse Bench Plans | Entryway Shoe Storage Blueprint (PDF Download)","Organize Your Entryway with a Heavy-Duty DIY Farmhouse Shoe Bench!

Tired of tripping over shoes in your hallway or mudroom? Build the ultimate organization solution with our comprehensive entryway bench plan. This massive, extra-sturdy farm bench features a wide seating area and a full-length lower shelf, making it the perfect diy shoe rack bench for large families, farmhouses, or spacious porches.

Whether you are looking for stylish mudroom plans to upgrade your home's entrance or a straightforward 2x4 shoe bench project for the weekend, these step-by-step woodworking blueprints will help you craft a professional-quality piece of furniture built to last a lifetime.

📐 BENCH DIMENSIONS:

Overall Width: 89 inches
Overall Depth: 31 1/2 inches
Overall Height: 24 1/2 inches

🛠️ WHAT IS INCLUDED IN THIS DIGITAL DOWNLOAD?

Detailed Building Plans: Clear, step-by-step instructions with 3D illustrations for your shoe rack bench diy project.
Comprehensive Material List: Know exactly what heavy-duty lumber and hardware to buy.
Precise Cut List: Minimize wood waste and save money with our accurate bench woodworking plan.
Assembly Tips: Professional advice on framing, attaching the lower shelf securely, and finishing the top for a smooth seating surface.

💡 WHY CHOOSE OUR PLANS?

Building your own storage bench design is incredibly rewarding and saves you hundreds of dollars compared to buying flimsy, mass-produced entryway furniture. This solid wood design is engineered to handle heavy weight and can be easily customized with your favorite rustic stain or modern paint to match your home decor.

⚠️ PLEASE NOTE: This is a DIGITAL DOWNLOAD only. No physical items, shoes, hardware, or lumber will be shipped. You will receive high-quality PDF files instantly upon purchase.",5,USD,99,"entryway_bench_plan,farm_bench_plans,shoe_rack_bench,diy_shoe_bench,mudroom_bench_pdf,bench_woodworking,storage_bench_diy,2x4_shoe_bench,rustic_entryway,shoe_organizer_diy,wood_bench_plans,outdoor_bench_plan,woodworking_plans",Wood,https://i.etsystatic.com/37058139/r/il/f1fc11/7777346356/il_fullxfull.7777346356_ti44.jpg,https://i.etsystatic.com/37058139/r/il/6b75f8/7777346340/il_fullxfull.7777346340_9vnf.jpg,https://i.etsystatic.com/37058139/r/il/e25e0f/7825275911/il_fullxfull.7825275911_hjk3.jpg,https://i.etsystatic.com/37058139/r/il/4d58a1/7777346354/il_fullxfull.7777346354_s7iu.jpg,https://i.etsystatic.com/37058139/r/il/331f6e/7825275913/il_fullxfull.7825275913_pkd7.jpg,https://i.etsystatic.com/37058139/r/il/8f43a4/7777346362/il_fullxfull.7777346362_b6zn.jpg,https://i.etsystatic.com/37058139/r/il/cba02a/7825275971/il_fullxfull.7825275971_t94i.jpg,https://i.etsystatic.com/37058139/r/il/b67b5f/7777346424/il_fullxfull.7777346424_1hzb.jpg,https://i.etsystatic.com/37058139/r/il/771ed3/7777346418/il_fullxfull.7777346418_kptm.jpg,https://i.etsystatic.com/37058139/r/il/0e47f8/7777346410/il_fullxfull.7777346410_jcew.jpg,,,,,,,1
"DIY L-Shaped Desk Plans | Corner Computer Build Guide With Drawers (Digital Download)","Build Your Ultimate Workspace with DIY L-Shaped Desk Plans!

Looking for the perfect office desk to maximize your corner space? Learn how to build a desk that is both highly functional and incredibly stylish with our comprehensive corner desk blueprints. This project features a spacious L-shaped work surface and built-in drawers on both sides, making it the ultimate computer desk DIY project for your home office, gaming room, or as a sturdy study desk.

Whether you are an experienced woodworker or looking for L shaped desk plans beginner friendly instructions, this desk pattern will guide you step-by-step to create a professional-quality piece of furniture.

📐 DESK DIMENSIONS:

Total Left Length: 58 11/16 inches

Total Right Length (Top Width): 58 11/16 inches

Desk Depth (End Piece Length): 24 5/16 inches

Inner Crosscut Length: 32 5/16 inches

🛠️ WHAT IS INCLUDED IN THIS DIGITAL DOWNLOAD?

Detailed Desk Build Plans: Clear, step-by-step instructions with 3D illustrations.

Comprehensive Material List: Know exactly what hardware, drawer slides, and lumber you need.

Precise Cut List: Minimize wood waste and save money on your DIY corner desk project.

Measurements: Easy-to-follow dimensions to ensure a perfectly square and sturdy build.

Assembly Tips: Everything you need to know, from building the drawer cabinets to attaching the expansive desktop.

💡 WHY CHOOSE OUR PLANS?
Building your own desk plans L shaped design is far more cost-effective than buying flimsy, factory-made furniture. This sturdy wooden desk provides ample storage to keep your workspace clutter-free while giving you plenty of room for multiple monitors and paperwork.

⚠️ PLEASE NOTE: This is a DIGITAL DOWNLOAD only. No physical items, hardware, or lumber will be shipped. You will receive high-quality PDF files instantly upon purchase.

Start your woodworking project today and transform your workspace!",5,USD,99,"l_shaped_desk,corner_desk_plans,computer_desk_diy,corner_desk_build,desk_pattern_pdf,how_to_build_a_desk,diy_office_desk,wood_desk_plans,desk_with_drawers,study_desk_diy,desk_blueprints,diy_furniture_pdf,woodworking_plans",Wood,https://i.etsystatic.com/37058139/r/il/928c63/7766422162/il_fullxfull.7766422162_8wur.jpg,https://i.etsystatic.com/37058139/r/il/cc8caa/7766422086/il_fullxfull.7766422086_20il.jpg,https://i.etsystatic.com/37058139/r/il/234d3b/7766422106/il_fullxfull.7766422106_hxxf.jpg,https://i.etsystatic.com/37058139/r/il/a37567/7766422112/il_fullxfull.7766422112_2hp6.jpg,https://i.etsystatic.com/37058139/r/il/dec347/7814367339/il_fullxfull.7814367339_qm5t.jpg,https://i.etsystatic.com/37058139/r/il/89be6f/7766422110/il_fullxfull.7766422110_kjee.jpg,https://i.etsystatic.com/37058139/r/il/87a904/7766422078/il_fullxfull.7766422078_dzam.jpg,https://i.etsystatic.com/37058139/r/il/4bf4a2/7766422142/il_fullxfull.7766422142_glrc.jpg,https://i.etsystatic.com/37058139/r/il/2d4d53/7814367391/il_fullxfull.7814367391_jsgg.jpg,,,,,,,,1
"Wooden Christmas Tree Shelf Plans: Easy DIY Build (PDF Pattern)","Easy DIY Wooden Christmas Tree Shelf Blueprints (3 Sizes!)

Tired of the same old holiday decor? Unleash your inner craftsman and create a stunning, rustic centerpiece this season! These easy-to-follow blueprints give you everything you need to build your own gorgeous, tiered wooden Christmas tree shelves.

Imagine the satisfaction of crafting your own holiday decor, perfect for display or gifting!

What You'll Be Building

These plans include all the details for creating a beautiful trio of trees, all made from the same simple lumber (ideal for standard 2.5"" wide material).

You get blueprints for THREE complete sizes:

Small: 7.75"" Length × 10.5"" Height

Medium: 13.75"" Length × 15.5"" Height

Large: 19.75"" Length × 20.5"" Height

What's Inside Your 9-Page PDF
This isn't just a basic diagram—it's a comprehensive guide designed for beginners and experienced woodworkers alike.

Detailed, Step-by-Step Instructions: No guesswork! We guide you through every stage, ensuring a smooth build.

Illustrated Blueprints: Clear, visual diagrams to show you exactly how the pieces fit together.

Complete Cut List: Precise length and angle measurements for every piece, including the critical 45 
∘
  and 22.5 
∘
  cuts.

Materials List: Everything you need to grab from the hardware store.

Tools You'll Need
No advanced woodworking shop required—just basic tools and a weekend afternoon!

A Miter Saw (Essential for accurate angle cuts)

A Drill / Driver

(Optional but Recommended: An Orbital Sander for a smooth finish)

Why These Trees Are Perfect
These versatile wooden trees serve as beautiful standalone decorations or as creative bases for garlands, fairy lights, and tiny festive touches. Paint them, stain them, or leave them natural for a true farmhouse feel!

Perfect for indoor or covered outdoor use.

A fantastic project for gifting or selling at craft fairs.

Start your new holiday tradition today!

IMPORTANT: PLEASE READ

This is a DIGITAL DOWNLOAD ONLY, NOT a physical product.

Be sure to save the PDF to your computer immediately after purchase.

I made this blueprint for your convenience, ensuring an easy and fun build!",5,USD,64,"digital_download,home_project,easy_plans,woodworking_pdf,christmas_decor,digital_plans,christmas,diy,build_plans,holiday_decor,christmas_tree,woodworking,wood_christmas_tree","Digital Download,PDF File,Digital Instructions,Instant Download,Printable File",https://i.etsystatic.com/37058139/r/il/dd1da6/7279284301/il_fullxfull.7279284301_ht2y.jpg,https://i.etsystatic.com/37058139/r/il/c2d040/7279284299/il_fullxfull.7279284299_bbq3.jpg,https://i.etsystatic.com/37058139/r/il/68c332/7231319078/il_fullxfull.7231319078_k1yz.jpg,https://i.etsystatic.com/37058139/r/il/be8106/7279284289/il_fullxfull.7279284289_t5z4.jpg,https://i.etsystatic.com/37058139/r/il/fcc33a/7231319084/il_fullxfull.7231319084_s5ra.jpg,https://i.etsystatic.com/37058139/r/il/21d390/7279284287/il_fullxfull.7279284287_9f64.jpg,https://i.etsystatic.com/37058139/r/il/5d7bc7/7279284343/il_fullxfull.7279284343_3jpy.jpg,https://i.etsystatic.com/37058139/r/il/1cdc0f/7231319136/il_fullxfull.7231319136_9zcf.jpg,https://i.etsystatic.com/37058139/r/il/792802/7265675253/il_fullxfull.7265675253_4toq.jpg,https://i.etsystatic.com/37058139/r/il/d54124/7265675247/il_fullxfull.7265675247_7igx.jpg,,,,,,,1
"Grinch Hand Stealing Christmas Tree SVG & PNG Bundle | Whoville Tree Clipart, Sublimation Files","The Ultimate Grinch Christmas Tree Design!

Capture the moment of holiday mischief with this fantastic digital download featuring the iconic Grinch Hand reaching around a beautifully shaped Christmas tree! This design is the perfect centerpiece for all your festive crafting.

Whether you're decorating a shirt for your little one (Grinch for Boys), creating a viral tee (Trending Christmas Shirts 2025), or designing unique gifts, this bundle provides high-quality Grinch Svg and PNG files ready for immediate use.

✨ Key Features of This Bundle:

Iconic Design: Features the instantly recognizable Grinch Tree design, capturing the essence of the holidays.

High-Quality Files: Includes crisp Whoville Tree Svg and transparent Grinch Sublimation Image T Shirt PNGs for perfect results every time.

Versatile Tree Styles: Get both the detailed design and a clean Outline Christmas Tree Svg for different project needs.

Sublimation Ready: Contains high-resolution PNGs like Grinch Tree Graphic and fun options like Cool Grinch Png and Boop Grinch Png.

Trending Content: Optimized for current searches including Grinch Christmas Tree Svg Files and Grinch Sublimation Tshirt Designs.

📦 What You Will Receive (Instant Digital Download):
Your purchase includes a ZIP file containing the Grinch Hand Tree design in the following formats:

SVG: The ultimate cut file for Cricut, Silhouette Designer Edition, and other vector software.

PNG: (300 DPI, Transparent Background) Excellent for sublimation and printing.

Note: This is a DIGITAL DOWNLOAD. No physical item will be shipped. The files are organized and ready for personal and small commercial crafting!",5,USD,50,"christmas_coloring,christmas_posters,simple_christmas","Digital Download,PDF File,Digital Instructions,Instant Download,Printable File",https://i.etsystatic.com/37058139/r/il/49d6aa/7448901685/il_fullxfull.7448901685_fpkz.jpg,https://i.etsystatic.com/37058139/r/il/d38312/7448901665/il_fullxfull.7448901665_kth1.jpg,https://i.etsystatic.com/37058139/r/il/35a7b6/7448901655/il_fullxfull.7448901655_gfmg.jpg,https://i.etsystatic.com/37058139/r/il/cceace/7400986818/il_fullxfull.7400986818_ajpj.jpg,https://i.etsystatic.com/37058139/r/il/18a1b6/7400986814/il_fullxfull.7400986814_efq6.jpg,https://i.etsystatic.com/37058139/r/il/37a473/7400986824/il_fullxfull.7400986824_gcnq.jpg,https://i.etsystatic.com/37058139/r/il/1f7c9d/7400986816/il_fullxfull.7400986816_bza4.jpg,https://i.etsystatic.com/37058139/r/il/bc9134/7448901673/il_fullxfull.7448901673_npec.jpg,https://i.etsystatic.com/37058139/r/il/b7b407/7448901671/il_fullxfull.7448901671_fveg.jpg,https://i.etsystatic.com/37058139/r/il/9a4613/7400986834/il_fullxfull.7400986834_47l7.jpg,,,,,,,1
"Vintage Christmas Frame TV Art: 100+ Holiday Pictures (Digital Download)","🎄 A Storybook Christmas: The Ultimate Frame TV Art Collection (100+ Pieces)

Invoke the Magic of a Bygone Christmas

Imagine your living room bathed in the soft, nostalgic glow of a Christmas past. This isn't just a TV; it's a portal to a classic holiday story.

Our exclusive 100+ piece Frame TV Art Collection is a carefully curated gallery designed to instantly transform your Samsung Frame TV into a breathtaking seasonal centerpiece. This bundle weaves together the solemn beauty of the season with its whimsical joy, offering a depth of character rarely found in digital art.

Discover the Heart of the Holidays:

Journey through cherished memories with art that captures the Reverence of the Nativity, the sweet simplicity of Santa Jesus depictions, and the cozy warmth of Vintage Farmhouse scenes. Every image tells a tale—from the quiet dignity of a Religious Wreath to the nostalgic charm of antique Christmas Trains. We've blended classic artistry with digital perfection, ensuring your screen radiates genuine holiday cheer.

This collection is more than decor; it's the backdrop to your most precious holiday moments.

▶ Your Personal Digital Gallery: Seamless Integration

We believe holiday decorating should be joyful, not frustrating. This massive bundle provides immediate access to every theme and style you could desire—all perfectly formatted for your screen.

Resolution: You will receive a PDF with a link to download over 350+ High-Resolution JPG files (3840 x 2160 pixels, 16:9 ratio). This is the precise, ideal dimension for a flawless, full-screen fit on all Samsung The Frame TV models and compatible Canvas TV screens.

▶ Simple Setup, Instant Magic

Adding a masterpiece to your wall takes just minutes:

Download the Samsung SmartThings app.

Connect your devices to the same Wi-Fi network.

Open the app, select 'Art Mode' on your Frame TV, and effortlessly upload your chosen piece.

Select 'No Mat' or the border option of your choice, and watch your TV vanish, replaced by timeless art.

⚠️ A Note on Your Digital Keepsake

This is an INSTANT DIGITAL DOWNLOAD. No physical art or frame will be shipped. These files are carefully optimized for screen display and are NOT sized for physical printing.

License and Integrity

The purchase grants you a PERSONAL USE ONLY license. This art is intended to enhance your personal home display.

We kindly ask that you honor the artist's work: The files may not be shared, modified, altered, or resold in any form—digital or physical. Copyright remains with the creator.

We are dedicated to your complete satisfaction. Should any question arise, from download assistance to file clarity, please reach out via Etsy message. We are here to ensure your holiday story is perfect.

Bring the timeless charm and heartfelt story of Christmas to your living space. Download your ultimate art bundle today.",7,USD,58,"Christmas_Digital,Christmas_Art,Christmas_Prints","Digital Download,PDF File,Digital Instructions,Instant Download,Printable File",https://i.etsystatic.com/37058139/r/il/367063/7418330317/il_fullxfull.7418330317_i8wt.jpg,https://i.etsystatic.com/37058139/r/il/888664/7370411616/il_fullxfull.7370411616_ezzi.jpg,https://i.etsystatic.com/37058139/r/il/a67ac0/7370411572/il_fullxfull.7370411572_343k.jpg,https://i.etsystatic.com/37058139/r/il/8ea0b3/7370411308/il_fullxfull.7370411308_pfbp.jpg,https://i.etsystatic.com/37058139/r/il/319e22/7370411604/il_fullxfull.7370411604_3vke.jpg,https://i.etsystatic.com/37058139/r/il/a8b125/7370411266/il_fullxfull.7370411266_5q1b.jpg,https://i.etsystatic.com/37058139/r/il/12d73b/7370411636/il_fullxfull.7370411636_6ppu.jpg,https://i.etsystatic.com/37058139/r/il/be7715/7418330347/il_fullxfull.7418330347_m8i7.jpg,https://i.etsystatic.com/37058139/r/il/e5a287/7418330375/il_fullxfull.7418330375_9bt3.jpg,https://i.etsystatic.com/37058139/r/il/3c8bba/7370411574/il_fullxfull.7370411574_lboc.jpg,,,,,,,1
"DIY Firewood Shed Plans | 2 Cord Capacity with Tool Storage (PDF Download)","Are you tired of unorganized firewood and searching for the perfect storage solution? Our 4x10 Firewood Shed Plans are exactly what you need to build a robust and functional wood shed that keeps your firewood dry and neatly stacked! These comprehensive plans are perfect for DIY enthusiasts and homeowners looking to build a reliable outdoor storage solution.

Why Choose Our 4x10 Firewood Shed Plans?
Optimal Capacity: Designed to hold approximately 2 cord firewood, this shed ensures you have ample supply for the colder months. It's an ideal 2 cord firewood storage rack.

Smart Design: These plans include details for a practical wood shed with shelf, offering extra space for kindling, tools, or other outdoor essentials.

Integrated Tool Storage: Never search for your axes or splitting mauls again! Our design incorporates a clever firewood shed with tool shade, keeping your tools dry and easily accessible.

Durable & Sturdy: Learn how to build a lasting structure, with options for secure foundations, including guidance on building a woodshed with concrete posts for ultimate stability.

Easy to Follow: Whether you're a seasoned woodworker or just starting, our detailed woodshed plans provide step-by-step instructions, cutting lists, and diagrams. These are truly woodshed plans home & hobby friendly!

Versatile Use: This design functions perfectly as a standalone firewood shack or can be adapted for a 1/2 cord firewood rack or 1 cord woodshed if you adjust the dimensions.

Protect Your Wood: Ensure your firewood stays seasoned and ready to burn with a design that offers excellent air circulation and protection from the elements, including an option for a firewood rack outdoor cover.

What You'll Receive:
Upon purchase, you'll instantly download a comprehensive PDF package that includes:

Detailed material list and cutting diagrams.

Step-by-step building instructions with clear illustrations.

Tips for selecting the best lumber (including options like durable rainforest wood or even repurposing pallet wood shed materials).

Guidance on foundation options, including concrete posts.

Start building your ultimate firewood shed today and bring order to your outdoor space!",8,USD,9,"Firewood_Shed,Woodshed_Plans,Outdoor_Storage,Wood_Rack,DIY_Plans,Firewood_Rack,2_Cord_Wood,Wood_Shed_4x10,Tool_Shed,1_Cord_Wood,Pallet_Wood,Shed_Plans,Firewood_Holder","Digital Download,PDF File,Digital Instructions,Instant Download,Printable File",https://i.etsystatic.com/37058139/r/il/7339a6/7111831915/il_fullxfull.7111831915_rjrc.jpg,https://i.etsystatic.com/37058139/r/il/fb1952/7063877830/il_fullxfull.7063877830_4def.jpg,https://i.etsystatic.com/37058139/r/il/3c6d0b/7063877850/il_fullxfull.7063877850_9a1s.jpg,https://i.etsystatic.com/37058139/r/il/c8c001/7063877846/il_fullxfull.7063877846_rapx.jpg,,,,,,,,,,,,,1
"Gold Funeral Program Template | Canva Bifold Memorial (Digital Download)","Editable Funeral Program Template – Celebration of Life | Instant Download | Printable Memorial Service Program

Saying goodbye to someone we love is never easy. In these difficult moments, creating a funeral program that beautifully tells their story can feel overwhelming. This editable funeral program template makes it simple to design a heartfelt celebration of life brochure that honors their memory — without the stress of complicated software.

With this instant download funeral template, you can personalize every detail in Canva — add photos, adjust the wording, change colors and fonts — to create a keepsake your family and friends will treasure. This printable funeral program is perfect for sharing memories, the order of service, favorite poems, or heartfelt tributes.

✶ WHAT’S INCLUDED ✶
Funeral Program Template – 4 Pages, 3 Sizes:
• 10"" x 7"" (5"" x 7"" folded) – print on US Letter or A4 paper
• US Letter 11"" x 8.5"" (5.5"" x 8.5"" folded) – print on US Letter paper
• A4 29.7 cm x 21 cm (14.8 cm x 21 cm folded) – print on A4 paper

✶ EASY TO EDIT IN CANVA ✶

• Change all text (name, dates, service details, poems)
• Adjust fonts, colors, and text sizes
• Upload your loved one’s photo
• Download as PDF or JPG for printing or sharing online

✶ WHY THIS FUNERAL TEMPLATE IS SPECIAL ✶

• Instant download – start editing in minutes
• No software or font downloads required
• Professional design that’s respectful and timeless
• Fully customizable for any memorial service or celebration of life event

✶ IMPORTANT NOTES ✶

• This is a digital template, no physical product will be shipped
• Best edited on a computer for full customization
• Colors may vary depending on your printer and paper type
• Canva account required (free)

💚 Create a memorial service program that reflects their personality, tells their story, and celebrates their life — so you can focus on remembering and honoring the moments that truly matter.",5,USD,99,"obituary_program,funeral_program,editable_funeral,celebration_of_life,printable_funeral,memorial_service,instant_funeral,funeral_brochure,greenery_funeral,eucalyptus_funeral,funeral_template,memorial_template,printable_obituary","Digital File,PDF,Canva Editable,Printable,Instant Download,Customizable Template,Party Kit,Party Decorations,Birthday Supplies,Themed Party,Event Planning,DIY Party,Digital Product",https://i.etsystatic.com/37058139/r/il/b5e3fb/7151751233/il_fullxfull.7151751233_jleo.jpg,https://i.etsystatic.com/37058139/r/il/ec82d5/7103784134/il_fullxfull.7103784134_gp7w.jpg,https://i.etsystatic.com/37058139/r/il/029796/7151751235/il_fullxfull.7151751235_9f7f.jpg,https://i.etsystatic.com/37058139/r/il/e4eca9/7151751237/il_fullxfull.7151751237_m7bw.jpg,https://i.etsystatic.com/37058139/r/il/ddf86f/7151751263/il_fullxfull.7151751263_2t70.jpg,https://i.etsystatic.com/37058139/r/il/6e8b2a/7151751231/il_fullxfull.7151751231_cv1a.jpg,https://i.etsystatic.com/37058139/r/il/030994/7103784100/il_fullxfull.7103784100_k3bc.jpg,https://i.etsystatic.com/37058139/r/il/35c46f/7103784106/il_fullxfull.7103784106_hpuu.jpg,https://i.etsystatic.com/37058139/r/il/d37eda/7151751261/il_fullxfull.7151751261_tq73.jpg,,,,,,,,1
"Roubo Workbench Plans PDF | Build Your Own Traditional Split Top Workbench | Ultimate Woodworking Bench","Elevate your woodworking with our comprehensive Roubo Workbench Plans PDF! If you're looking to build a timeless, incredibly sturdy, and highly functional workbench that will last a lifetime, these plans are for you. Based on the classic 18th-century design by André-Jacob Roubo, this workbench is renowned for its stability and versatility.

Why Choose Our Roubo Workbench Plans?

Timeless Design: Build a traditional workbench that combines historical elegance with modern functionality, a true centerpiece for any serious woodworker's shop.

Ultimate Stability: The Roubo design is famous for its massive construction, providing an incredibly stable platform for all your woodworking tasks, from hand-tool work to heavy chopping.

Split-Top Advantage: Our plans include instructions for the popular split-top Roubo workbench, allowing for flexible clamping options and easy dust collection.

Comprehensive PDF Format: You'll receive instant access to a detailed, high-quality PDF that you can print or view on any device. These aren't just basic sketches; they're professional-grade woodworking plans.

Detailed Dimensions: All necessary Roubo workbench dimensions are clearly provided, ensuring accuracy in your build.

DIY Satisfaction: Enjoy the rewarding experience of building your own heirloom-quality workbench. These plans empower you to create a superior bench without the high cost of buying a pre-made one.

What's Included with Your Purchase?
Upon purchase, you'll receive an instant digital download of our Roubo Workbench Plans PDF, which contains:

Detailed material list and cutting diagrams.

Step-by-step assembly instructions.

Clear illustrations and diagrams for every stage of the build.

Tips for selecting the right lumber and tools.

Invest in your woodworking journey today and construct the ultimate woodworking bench with our Roubo Workbench Plans!",19,USD,6,"Woodworking_Plans,Sawhorse,Workbench_Plans,DIY_Sawhorse,Ultimate_Sawhorse,Adjustable_Sawhorse,Shave_Horse,Sawhorse_Kit,Spoon_Mule,Roubo_Workbench,Traditional_Bench,Split_Top_Bench","Digital Download,PDF File,Digital Instructions,Instant Download,Printable File",https://i.etsystatic.com/37058139/r/il/8f11dd/7063932482/il_fullxfull.7063932482_h7ub.jpg,https://i.etsystatic.com/37058139/r/il/0742ad/7111886203/il_fullxfull.7111886203_l9n2.jpg,https://i.etsystatic.com/37058139/r/il/995585/7111886197/il_fullxfull.7111886197_2ga0.jpg,https://i.etsystatic.com/37058139/r/il/03f293/7063932492/il_fullxfull.7063932492_joof.jpg,https://i.etsystatic.com/37058139/r/il/500a89/7111886211/il_fullxfull.7111886211_qx1k.jpg,https://i.etsystatic.com/37058139/r/il/91c87e/7111886199/il_fullxfull.7111886199_9fmr.jpg,,,,,,,,,,,1
"Heavy-Duty Sawhorse DIY Plan | Adjustable Workbench (Digital Download)","Unleash the full potential of your workshop with our ""Sawhorse on Steroids"" DIY Plans! This isn't just any sawhorse; it's a robust, multi-functional beast designed to elevate your woodworking projects. Perfect for serious DIYers and professionals alike, these plans guide you through building the ultimate sawhorse that can double as a sturdy workbench.

Why Our ""Sawhorse on Steroids"" Plans Are a Must-Have:
Unmatched Durability: Build a heavy-duty saw horse capable of supporting significant weight, far beyond a standard wood saw horse. These plans teach you to create a foundation for a truly resilient workspace.

Versatile Functionality: More than just a simple support, this design can serve as a portable workbench, making it ideal for various tasks. It's truly a ""sawhorse on steroids""!

Adjustable Design: Our plans include instructions for creating an adjustable sawhorse, allowing you to customize the height for ergonomic comfort and various projects.

Comprehensive & Clear: These woodworking plans are meticulously detailed, providing step-by-step instructions, cutting lists, and diagrams. Even if you're new to building, you'll find these DIY sawhorse plans easy to follow.

Cost-Effective Solution: Save money by building your own high-quality workshop essential rather than buying expensive premade options.

Expand Your Tool Collection: Complement your workshop with this core piece of equipment. If you're into specialized tools, consider adding a shave horse or spoon mule later, but start with this versatile foundation!

What's Included with Your Purchase:
Upon completing your purchase, you'll receive an instant digital download containing:

A detailed material list for your project.

Comprehensive cutting diagrams for efficient material use.

Step-by-step assembly instructions with clear illustrations.

Tips for optimizing your sawhorse for maximum stability and utility.

Stop struggling with flimsy supports and build the ultimate sawhorse that works as hard as you do! Get your ""Sawhorse on Steroids"" Plans today and transform your workspace.",29,USD,8,"Woodworking_Plans,Sawhorse_Plans,Sawhorse,Workbench_Plans,Woodworking,DIY_Sawhorse,Ultimate_Sawhorse,Adjustable_Sawhorse,Shave_Horse,Wood_Tools,Sawhorse_Kit,Spoon_Mule,DIY_Plans","Digital Download,PDF File,Digital Instructions,Instant Download,Printable File",https://i.etsystatic.com/37058139/r/il/545b1f/7111849853/il_fullxfull.7111849853_fp1q.jpg,https://i.etsystatic.com/37058139/r/il/275dda/7111849861/il_fullxfull.7111849861_geon.jpg,https://i.etsystatic.com/37058139/r/il/3d912b/7111849867/il_fullxfull.7111849867_913f.jpg,https://i.etsystatic.com/37058139/r/il/045222/7111849857/il_fullxfull.7111849857_phj4.jpg,https://i.etsystatic.com/37058139/r/il/da4a4c/7111849851/il_fullxfull.7111849851_from.jpg,https://i.etsystatic.com/37058139/r/il/5f8f37/7063895818/il_fullxfull.7063895818_g1od.jpg,https://i.etsystatic.com/37058139/r/il/df4467/7111849893/il_fullxfull.7111849893_gwia.jpg,https://i.etsystatic.com/37058139/r/il/402740/7063895856/il_fullxfull.7063895856_g9ls.jpg,https://i.etsystatic.com/37058139/r/il/7f6a18/7111849891/il_fullxfull.7111849891_lhlx.jpg,https://i.etsystatic.com/37058139/r/il/75fae6/7063895866/il_fullxfull.7063895866_i6oo.jpg,,,,,,,1
"Modern Ping Pong Table Plans | DIY Game Table Blueprint (PDF Download)","Bring the Fun Home with Premium DIY Ping Pong Table Plans!

Ready to create the ultimate entertainment piece for your home or backyard? Build your own professional-grade, stylish ping pong table with our comprehensive woodworking blueprints. This design features a sleek, modern aesthetic with sturdy angled legs, making it far more attractive than standard folding metal tables.

Whether you are looking for outdoor table tennis fun or a high-quality blueprint game table for your interior, these step-by-step instructions will help you craft a durable and high-performing table. It’s a perfect project for DIYers who want a custom, high-end look.

📐 TABLE DIMENSIONS:

Overall Width: 102 inches
Overall Depth: 48 inches
Overall Height: 38 1/16 inches

🛠️ WHAT IS INCLUDED IN THIS DIGITAL DOWNLOAD?

Detailed Build Plans: Clear, step-by-step instructions with 3D illustrations for the ping pong table plans.
Comprehensive Material List: A full shopping list of lumber, net hardware, and finishing supplies.
Precise Cut List: Minimize waste and save money on your wooden beer die table or game table build.
Assembly Tips: Professional advice on achieving a perfectly level playing surface and installing the net.

💡 WHY CHOOSE OUR PLANS?

Building your own table tennis plans structure allows you to use high-quality wood that looks great and lasts for years. This sturdy design eliminates the ""bounce"" issues found in cheap kits and provides a professional playing experience. It’s an incredible diy pong table project that adds value and excitement to any home.

⚠️ PLEASE NOTE: This is a DIGITAL DOWNLOAD only. No physical items, paddles, nets, or lumber will be shipped.

You will receive high-quality PDF files instantly upon purchase.",5,USD,98,"ping_pong_table,table_tennis_plans,diy_ping_pong,game_table_plans,outdoor_ping_pong,ping_pong_blueprint,wooden_game_table,diy_pong_table,table_tennis_diy,wood_table_plans,outdoor_furniture,diy_furniture_pdf,woodworking_plans",Wood,https://i.etsystatic.com/37058139/r/il/7d6424/7814479317/il_fullxfull.7814479317_7dfp.jpg,https://i.etsystatic.com/37058139/r/il/70b412/7814479305/il_fullxfull.7814479305_16b5.jpg,https://i.etsystatic.com/37058139/r/il/e3f190/7814479315/il_fullxfull.7814479315_62vm.jpg,https://i.etsystatic.com/37058139/r/il/93dd7d/7814479313/il_fullxfull.7814479313_fims.jpg,https://i.etsystatic.com/37058139/r/il/6b51b1/7766534218/il_fullxfull.7766534218_faqs.jpg,https://i.etsystatic.com/37058139/r/il/3bcb40/7766534206/il_fullxfull.7766534206_qbu2.jpg,https://i.etsystatic.com/37058139/r/il/81bad5/7814479329/il_fullxfull.7814479329_17k2.jpg,https://i.etsystatic.com/37058139/r/il/77bd82/7766534230/il_fullxfull.7766534230_oaaf.jpg,https://i.etsystatic.com/37058139/r/il/bed6b8/7766534232/il_fullxfull.7766534232_tutk.jpg,,,,,,,,1
"Costco Photo Booth Party Pack | Customizable Employee of the Year (PDF)","Employee of the Year Costco Party Pack!

Get ready to celebrate your ""Employee of the Year"" with the ultimate Costco Party! This customizable PDF pack has everything you need for a fantastic Costco Party celebration, perfect for a Friends-themed 1st Birthday or any Costco enthusiast.

What's Inside Your Costco Party Pack?
Our Costco Party Pack is your one-stop shop for creating an unforgettable Costco Party experience. This Costco Themed Birthday Decorations bundle includes a Costco Photo Booth with links to editable Canva files and print-ready PDFs! Canva is a free, web-based editing site, making customization a breeze. All links for editing and printing are included in the document.

Why Choose Our Costco Photo Booth Bundle?
Complete Solutions: This bundle includes everything you need to create the ultimate Costco Photo Booth experience: a fantastic Costco Backdrop, a fun Costco Photo Booth, and even a cool Costco selfie frame! You'll have everything you need to have the Best Costco Party Photo Booth! This Printable Costco Pack makes decorating easy and fun.

Customizable and Easy to Use!
Edit easily in Canva and print at home or your local print shop. Make your ""Employee of the Year"" feel extra special with a truly unique Costco Party!",5,USD,4,"Costco_Party_Pack,Costco_Decorations,Costco_Printable,Costco_Digital,Costco_Birthday,Printable_Costco,Costco_Themed,Costco_Supplies,Customizable_Signs,Costco_Photo_Booth,Costco_Selfie_Frama","Digital File,PDF,Canva Editable,Printable,Instant Download,Customizable Template,Party Kit,Party Decorations,Birthday Supplies,Themed Party,Event Planning,DIY Party,Digital Product",https://i.etsystatic.com/37058139/r/il/794a59/7068086063/il_fullxfull.7068086063_dc3w.jpg,https://i.etsystatic.com/37058139/r/il/74ea89/7068086047/il_fullxfull.7068086047_pylr.jpg,https://i.etsystatic.com/37058139/r/il/4edd46/7020107780/il_fullxfull.7020107780_6eoq.jpg,https://i.etsystatic.com/37058139/r/il/1b8bca/7020107784/il_fullxfull.7020107784_3dsf.jpg,https://i.etsystatic.com/37058139/r/il/d68f87/7068086051/il_fullxfull.7068086051_12qu.jpg,https://i.etsystatic.com/37058139/r/il/4e6c88/7020107782/il_fullxfull.7020107782_gmzt.jpg,https://i.etsystatic.com/37058139/r/il/347c23/7020107804/il_fullxfull.7020107804_f9re.jpg,https://i.etsystatic.com/37058139/r/il/ef13ba/7068086075/il_fullxfull.7068086075_q0xf.jpg,https://i.etsystatic.com/37058139/r/il/16f2d1/7068086069/il_fullxfull.7068086069_il49.jpg,,,,,,,,1
"Simple Outdoor Bench Plans | DIY 2x4 Patio Furniture (PDF Download)","Simple Bench Plans Outdoor Furniture |  DIY 2x4 lumber Patio Furniture | Garden Bench | Solid Wood Bench | Woodworking Plans | DIY Plans

Now you can build this easy and sturdy bench and enhance the look of your patio, deck or back yard lawn.

Dimensions - 70""W x 16""D x 24""H
Estimated Cost: $45
Plans includes:
. Complete List of Material
. Cut List
. Detail Drawings and Step-by-step Instructions
. Tools List, Safety and Helpful Hints
. Digital plans format. (Instant Download)
Plans are in English and all of the dimentions are in inches

Please Note
This listing is for a digital Woodworking plan (PDF Download) only. No physical materials, tools, or completed bench will be shipped.

File Format: PDF

Delivery: Instant Digital Download

Refund Policy: Due to the nature of digital products, all sales are final.

Start building your own rustic outdoor seating today. These DIY plans are the perfect way to add character and function to your outdoor space!",4,USD,5,"Woodworking_Plan,Patio_furniture,DIY_plans,PDF_Download,Rustic_Wooden_Bench,Outdoor_Patio_Bench,Potting_Lounge_Bench,2x4_Wooden_Bench,Simple_Bench_Plans,Garden_Bench,Solid_Wood_Bench,Woodworking_Plans","Digital Download,PDF File,Digital Instructions,Instant Download,Printable File",https://i.etsystatic.com/37058139/r/il/01dd0e/7100586497/il_fullxfull.7100586497_hf0j.jpg,https://i.etsystatic.com/37058139/r/il/de1e78/7100586473/il_fullxfull.7100586473_tok6.jpg,https://i.etsystatic.com/37058139/r/il/0a6d28/7100586499/il_fullxfull.7100586499_3ssj.jpg,https://i.etsystatic.com/37058139/r/il/fa2fc0/7100586455/il_fullxfull.7100586455_63j8.jpg,,,,,,,,,,,,,1
"DIY Tiered Cupcake Stand PDF Plan | Wood Display Risers","Unleash Your Crafting Potential: Build Your Own Wooden Tiered Display Stand!

Looking to showcase your products or party treats in a stylish and effective way? This comprehensive DIY Wooden Display Stand PDF plan provides all the detailed blueprints and patterns you need to construct your own sturdy, portable, and aesthetically pleasing multi-level stand – perfect for any occasion!

Detailed Dimensions (For Your Building Reference):

Overall Assembled Dimensions:

Total Height: Approximately 13.5 inches (13½"")

Total Width (Length): Approximately 16.9 inches (16¾"")

Total Depth: Approximately 11.5 inches (11½"")

Individual Display Shelves (4 pieces):

Length: 16.9 inches

Depth: 4.5 inches

Thickness: 0.8 inches

Main Support Legs (Rear Vertical - 2 pieces): Approx. 13"" H x 4"" D x 0.8"" T

Main Support Legs (Front/Diagonal Slanted - 2 sets / 4 pieces):

Front parts: Approx. 13"" L x 4"" W x 0.8"" T (with grooves)

Rear parts: Approx. 10"" L x 4"" W x 0.8"" T

Bottom Support Pieces (2 pieces): Approx. 16"" L x 4"" D x 0.8"" T
(Note: Minor dimension variations between images and text (e.g., 16.9 vs 16) are typical for handmade items; use the more precise numbers provided for best results.)

What You Get with Your Purchase:

This listing is for INSTANT DOWNLOAD DIGITAL PLANS ONLY. You will receive a comprehensive PDF plan containing all the blueprints, patterns, and detailed instructions you need to build this beautiful DIY wood cupcake display yourself. NO PHYSICAL PRODUCT WILL BE SHIPPED.

Why Choose Our DIY Plans?

Ready to dive into a rewarding woodworking project? Our digital plans make it easy to create a custom stands for cupcakes or a market step stand that perfectly fits your needs. Save money, gain a new skill, and enjoy the satisfaction of building a high-quality, portable display risers with your own hands!

Ideal For:

Craft Fairs & Markets (a perfect craft fair display solution)

Bakeries & Cafes

Home Kitchen & Dining (as a cupcake holder or dessert stand)

Boutique Stores (for small goods, jewelry, soaps – consider our soap display plans inspiration!)

Special Events & Parties

Important Notes:

This is a digital product. You will need access to a printer to print the plans.

Basic woodworking tools (saw, router for grooves, drill, sander) and wood material are required to build the physical stand.

Finished product appearance may vary based on wood choice, finish, and building accuracy.

These plans are for personal use.

Call to Action:

Start your next DIY project today! Purchase these plans and bring your vision for the ultimate wooden display shelf to life!",6,USD,9,"Cupcake_Stand_Wood,Cup_Cake_Holder,Ladder_Treat_Stand,Wood_Cupcake_Display,Cupcake_Stand,Cupcake_Holder,Ladder_Treat,Cupcake_Display,Diy_Wood","Digital Download,PDF File,Digital Instructions,Instant Download,Printable File",https://i.etsystatic.com/37058139/r/il/df4f5a/7094387661/il_fullxfull.7094387661_cer7.jpg,https://i.etsystatic.com/37058139/r/il/faf433/7094387663/il_fullxfull.7094387663_psrd.jpg,https://i.etsystatic.com/37058139/r/il/55a470/7046420644/il_fullxfull.7046420644_m7fd.jpg,https://i.etsystatic.com/37058139/r/il/9b35b1/7094387673/il_fullxfull.7094387673_rbs3.jpg,,,,,,,,,,,,,1
"DIY Coffee Bar Cart | Custom Food Cart Plan PDF | Wedding Cart | Collapsible Beverage Cart | Vendor Cart | Foldable Bar Cart Business","Craft the centerpiece of your next event with our comprehensive, step-by-step project plan!

Imagine effortlessly serving your guests from a stunning, custom-built cart that perfectly complements your unique style. This isn't just a project; it's your ticket to creating the ultimate custom food cart or a show-stopping mobile bar. Our meticulously designed PDF guide gives you all the tools and knowledge to bring this elegant, modern design to life, allowing you to showcase your culinary creations with pride.

Unmatched Customization & Versatility

This is the most flexible DIY plan you'll find. It’s perfect for everything from an intimate family gathering to a grand wedding. Our plan includes multiple distinct countertop layouts so you can tailor your cart to your specific needs.

The Classic: A smooth, solid top for a minimalist look or a versatile workspace.

The Party Pro: Multiple cutouts for beverage tubs, making it the ultimate party cart.

The Charcuterie Dream: Cutouts for a stunning charcuterie board.

Other Options: A variety of other layouts to suit your serving style.

Effortless Portability & Smart Design

Designed with convenience in mind, this foldable cart features two sturdy folding wings that provide extra serving space when you need it and neatly tuck away when you don't. Two-Wheel Version: For a classic, vintage look, you can use two large wheels and two casters. Four-Caster Version: Heavy-duty 3"" locking casters ensure that your beverage cart glides effortlessly over any surface and locks securely in place, even when fully loaded. This collapsible cart is not just beautiful; it’s a masterclass in functional, space-saving design.

The Perfect Fit for Any Occasion:

For the Entrepreneur: Transform your passion into a business with a professional-looking vendor cart.

For the Host: Impress your guests with a stunning bar cart or coffee cart.

For the DIY Enthusiast: Experience the satisfaction of building a high-quality, professional piece with our easy-to-follow guide. This is the DIY cart project you've been waiting for.

What You Will Receive:

Upon purchase, you will receive an instant digital download of a comprehensive PDF file that includes everything you need to build your own mobile bar.

Detailed Cut List: All parts are labeled with clear letters and precise inch measurements.

Shopping List: A complete list of all required tools and hardware.

Step-by-Step Instructions: Easy-to-follow, detailed instructions for every stage of assembly, from cutting the panels to installing the casters.

Start building your dream cart today!

This plan is the perfect starting point for anyone looking to build a beautiful, versatile, and professional-looking serving cart. Get ready to roll out your next event with style and ease.

Note: This listing is for a digital PDF plan only. You are not purchasing a physical product.",15,USD,90,"Custom_food_cart,Charcuterie_cart,foldable_cart,bar_carts,DIY_Cart,Party_cart,beverage_cart,coffee_cart,collapsible_cart,wedding_cart,Mobile_bar,vendor_cart,bar_cart","Digital Download,PDF File,Digital Instructions,Instant Download,Printable File",https://i.etsystatic.com/37058139/r/il/a15cb7/7196395001/il_fullxfull.7196395001_113n.jpg,https://i.etsystatic.com/37058139/r/il/d391c5/7196395005/il_fullxfull.7196395005_p99m.jpg,https://i.etsystatic.com/37058139/r/il/d6b6e7/7196395015/il_fullxfull.7196395015_pek6.jpg,https://i.etsystatic.com/37058139/r/il/641225/7196395009/il_fullxfull.7196395009_8uq3.jpg,https://i.etsystatic.com/37058139/r/il/fb063c/7196394999/il_fullxfull.7196394999_9ygm.jpg,https://i.etsystatic.com/37058139/r/il/8f6616/7148407582/il_fullxfull.7148407582_4bs8.jpg,,,,,,,,,,,1
"Foldable Kiosk Blueprint: DIY Portable Sales Stand Plans","🛒 Mobile Wooden Portable Sales Stand | Modern Plywood Design

Introduction: Engineered for the Perfect Brand Experience

Are you looking for a flexible trade show booth, a distinctive pop-up shop, or a high-impact product display area? Instantly capture your customers' attention with our impressive, functional, and modern Mobile Portable Sales Stand!

Constructed from high-quality natural-tone plywood, this stand is designed to tell your brand's story while providing you with maximum efficiency and style.

Key Features and Advantages
100% Portable and Mobile: Thanks to the durable casters mounted underneath, you can easily roll your stand to any desired location at your event or in your store. Setup and takedown take mere minutes.

Optimal Storage and Workspace: The wide 100×50 cm (39.4×19.7 in) countertop offers an expansive working area. Keep all your materials organized with the inner shelf in the main body and the canopy shelf on the upper frame.

Maximum Brand Visibility (Logo Area): The top logo board, measuring 100×20 cm (39.4×7.9 in), provides a perfect, high-visibility canvas for your logo and brand message.

Natural and Modern Aesthetic: The light-colored, natural plywood body and the elegant cylindrical wooden rod frame complement any décor style. It is an ideal choice for Scandinavian and minimalist designs.

Solid and Durable Construction: The entire frame and all panels are crafted using sturdy wood material with a consistent 2 cm (0.8 in) thickness for long-lasting performance.

Order yours now and make a difference at your next event! Take your business to the next level with our versatile portable stand.",15,USD,92,"Portable_Checkout,Collapsible_Stand,Vendor_Kiosk,Wood_Cashwrap,DIY_Plans,Foldable_Stand,Market_Shelf,Coffee_Cart,Host_Stand,Pop_Up_Counter,A_Frame_Stand,Setup_Plans,Checkout_SVG","PDF File,Digital Instructions,Instant Download,Printable File",https://i.etsystatic.com/37058139/r/il/db7349/7284548253/il_fullxfull.7284548253_nta8.jpg,https://i.etsystatic.com/37058139/r/il/135398/7236583878/il_fullxfull.7236583878_ifl5.jpg,https://i.etsystatic.com/37058139/r/il/37212e/7284548217/il_fullxfull.7284548217_fjjp.jpg,https://i.etsystatic.com/37058139/r/il/1d3edf/7236583880/il_fullxfull.7236583880_psfk.jpg,https://i.etsystatic.com/37058139/r/il/cfc0af/7284547743/il_fullxfull.7284547743_mfuf.jpg,https://i.etsystatic.com/37058139/r/il/812281/7236583380/il_fullxfull.7236583380_4f6f.jpg,https://i.etsystatic.com/37058139/r/il/0bc201/7284547911/il_fullxfull.7284547911_evbg.jpg,,,,,,,,,,1
"DIY Wood Bookcase Plans | Wall Shelf, Small Spaces (PDF Pattern)","Unlock Your Inner Craftsman with Our DIY Bookshelf Plans!

Tired of generic, store-bought furniture? Ready to build something beautiful with your own hands? Our instant-download PDF bookshelf plans are your ultimate guide to creating a stunning and functional wooden bookcase that fits your home perfectly. Whether you're a seasoned woodworker or a complete beginner, these easy-to-follow plans will empower you to create a piece of furniture you'll be proud of.

What Makes Our Plans Special?

Designed for Simplicity: We've broken down every step of the process with clear, simple instructions. Our detailed drawings and material lists make this an accessible DIY project for anyone. No complex jargon, just straightforward guidance.

Versatile Design: This isn't just one bookcase; it's a flexible system. Build a sleek small bookcase for a cozy corner, create a grand wall bookshelf that fills an entire wall, or customize it to become a beautiful built-in book cabinet. The possibilities are endless!

Cost-Effective & Rewarding: Why pay for expensive, mass-produced furniture when you can build a higher-quality piece for less? This woodworking project is not only budget-friendly but also incredibly satisfying.

Instant Access: After your purchase, you'll receive a high-quality bookshelf PDF file immediately. No waiting, no shipping fees—start your project today!

The Perfect Fit for Your Home

From classic designs to a modern aesthetic, this versatile plan can be adapted to any style. Use different types of wood like oak or pine, and finish with a stain, paint, or natural oil to match your decor. Perfect for a living room, office, or bedroom, these shelves will organize your collection and elevate your space.

Get your hands on these bookcase plans and transform your woodworking dreams into reality. The perfect blend of form and function awaits!",10,USD,96,"bookshelf_plans,diy_bookshelf,bookcase_plans,woodworking_plans,wooden_bookcase,diy_shelf,wall_bookshelves,built_in_bookcase,books_cabinet,small_bookcase_plans,easy_bookshelf,woodworking_project,corner_bookshelf","Digital Download,PDF File,Digital Instructions,Instant Download,Printable File",https://i.etsystatic.com/37058139/r/il/88d246/7153586168/il_fullxfull.7153586168_q2s1.jpg,https://i.etsystatic.com/37058139/r/il/384652/7201579931/il_fullxfull.7201579931_r9k8.jpg,https://i.etsystatic.com/37058139/r/il/141b08/7153586186/il_fullxfull.7153586186_7g82.jpg,https://i.etsystatic.com/37058139/r/il/2c90d8/7153586170/il_fullxfull.7153586170_da4y.jpg,https://i.etsystatic.com/37058139/r/il/dd6f9a/7153586184/il_fullxfull.7153586184_lmu5.jpg,https://i.etsystatic.com/37058139/r/il/689a55/7153586172/il_fullxfull.7153586172_6gd1.jpg,https://i.etsystatic.com/37058139/r/il/5216da/7201579933/il_fullxfull.7201579933_1g8m.jpg,,,,,,,,,,1
"Wooden Wishing Well Plan | DIY Garden Planter, Outdoor Decor (PDF Download)","Add a Touch of Storybook Magic to Your Garden 🌸✨

Wooden Wishing Well Plans | DIY Garden Planter Box | Outdoor Water Well Prop Blueprint

Bring a charming, rustic focal point to your backyard with these Wooden Wishing Well Plans. Whether you want to cover an unsightly pipe in your yard or simply create a beautiful home for your favorite flowers, this project is the perfect weekend build.

Standing at an impressive 75 inches tall, this isn't a tiny decoration; it's a substantial Garden Feature that instantly adds character to any patio, lawn, or garden bed.

Why Builders Love These Plans:

Dual Purpose Design: The base functions as a spacious Planter Box, perfect for cascading petunias, ivy, or colorful annuals.

Sturdy & Rustic: Designed with a classic roof and a functional-looking crank beam, giving it that authentic Water Well Prop feel.

Cover Up: The hollow base is excellent for hiding utility pipes, stumps, or other yard blemishes.

Large Scale: Designed to be noticed! It stands tall and proud in your landscape.

📏 Impressive Dimensions:

Total Height: 75 inches (approx. 190 cm) – A true statement piece!

Base Width: 26 1/2 inches (approx. 67 cm)

Roof Width: 30 1/2 inches (approx. 77 cm)

📂 What’s Included in Your Download:

Beginner-Friendly PDF Plans: Step-by-step instructions that make complex angles easy.

Material & Cut List: Know exactly what lumber to buy (Standard 2x4s and boards).

3D Assembly Views: Visual guides to help you assemble the roof and base with confidence.

Perfect Project For:

Creating a whimsical Fairy Garden centerpiece.

Building a unique Wedding Prop or photo backdrop.

A thoughtful handmade gift for gardeners.

Instant Digital Download: Start building your own wishing well today! Note: This listing is for DIGITAL PLANS only. No physical wood or well will be shipped.",10,USD,94,"Wooden_Wishing_Well,Wishing_Well_Plans,Garden_Planter_Box,DIY_Water_Well,Yard_Art_Plans,Outdoor_Decor_DIY,Water_Well_Prop,Rustic_Well_Pattern,Garden_Ornament,Woodworking_Plans,Large_Garden_Decor,Well_House_Plans,Digital_Blueprint","Digital Download,PDF File,Digital Instructions,Instant Download,Printable File",https://i.etsystatic.com/37058139/r/il/1c24aa/7631288984/il_fullxfull.7631288984_cvqm.jpg,https://i.etsystatic.com/37058139/r/il/d26437/7679239129/il_fullxfull.7679239129_squl.jpg,https://i.etsystatic.com/37058139/r/il/a218b0/7631288960/il_fullxfull.7631288960_4wxc.jpg,https://i.etsystatic.com/37058139/r/il/06e925/7679239135/il_fullxfull.7679239135_1oyx.jpg,https://i.etsystatic.com/37058139/r/il/96e5a2/7679239113/il_fullxfull.7679239113_hvsw.jpg,https://i.etsystatic.com/37058139/r/il/d7b215/7631288996/il_fullxfull.7631288996_g1hy.jpg,https://i.etsystatic.com/37058139/r/il/8883a4/7631289018/il_fullxfull.7631289018_g9oo.jpg,https://i.etsystatic.com/37058139/r/il/f52991/7679239137/il_fullxfull.7679239137_d6ny.jpg,https://i.etsystatic.com/37058139/r/il/18f0e8/7631288998/il_fullxfull.7631288998_2zje.jpg,https://i.etsystatic.com/37058139/r/il/5d689d/7679239133/il_fullxfull.7679239133_ol94.jpg,,,,,,,1
"DIY Modern Dog House Plans: Insulated Cedar, Large Breed (Digital Download)","The Ultimate DIY Modern Dog Kennel Plans for Your Big Best Friend

Tired of flimsy, boring dog houses? Give your large dog the dream home they deserve! Our DIY Modern Dog Kennel Plans guide you step-by-step to building a beautiful, durable, and comfortable M, L, XL outdoor dog condo right in your backyard. This isn't just a doghouse—it's a sanctuary.

Why Choose Our Doghouse Plans?

We've designed this kit with your dog's comfort and your ease of building in mind.

Perfect for Large & XL Dogs: Specifically sized for Big Dogs and Large Breeds (think German Shepherds, Great Danes, Rottweilers). Say goodbye to cramped spaces!

Built to Last: Designed for strong, Wood Dog House construction, ideal for using Cedar or other resilient lumber.

Insulated Comfort: Our detailed Dog House Plans Insulated section ensures your pup stays cool in the summer and warm in the winter. Outdoor Dog Condo living just got luxurious!

Modern Style: The sleek, Modern Large Dog Supplies design looks fantastic in any backyard. Forget the traditional, build the exceptional.

Customizable: Want a Black Dog House? You choose the paint and finishing touches to perfectly match your home.

What's Included in Your Purchase?
This is a comprehensive digital download, perfect for the DIY enthusiast looking for a high-quality Doghouse Kit alternative.

Easy-to-Follow Instructions: Clear, detailed steps designed for beginners and intermediate builders.

Material Shopping List: Everything you need to know to source materials for your Cheap Dog House build (while maintaining quality!).

3D Diagrams: Visual aids to make the process simple and fun.

Tool List: Get started right away!

Whether you call it a Doghouse Plans, Dog Kennel, or Casa Perro, this design is built for superior quality and comfort. Search no further for Dog Houses for Large Dogs—your project starts here!

Ready to Build?

Click 'Add to Cart' and download your M, L, XL Dog House DIY plans instantly. Your best friend is waiting for their beautiful new home!",9,USD,73,"Xl_Dog_House_Diy,Black_Dog_House,Wood_Dog_House,Doghouse_Plans,Dog_House_Cedar,Dog_House_Insulated,Outdoor_Dog_Condo,Dog_House_Big,Modern,Dog_Dog_House,Cheap_Dog_House,Doghouse_Kit,Casa_Perro","Digital Download,PDF File,Digital Instructions,Instant Download,Printable File",https://i.etsystatic.com/37058139/r/il/6c7b88/7293650277/il_fullxfull.7293650277_bkqu.jpg,https://i.etsystatic.com/37058139/r/il/076892/7293650281/il_fullxfull.7293650281_nv2y.jpg,https://i.etsystatic.com/37058139/r/il/0bf2d2/7245688850/il_fullxfull.7245688850_iv3p.jpg,https://i.etsystatic.com/37058139/r/il/f99812/7293650289/il_fullxfull.7293650289_2f4h.jpg,https://i.etsystatic.com/37058139/r/il/f0e832/7293650279/il_fullxfull.7293650279_6r25.jpg,https://i.etsystatic.com/37058139/r/il/3eecab/7245688836/il_fullxfull.7245688836_tiac.jpg,https://i.etsystatic.com/37058139/r/il/bc457a/7245688864/il_fullxfull.7245688864_fc5p.jpg,https://i.etsystatic.com/37058139/r/il/f9ac22/7286099401/il_fullxfull.7286099401_ooi8.jpg,https://i.etsystatic.com/37058139/r/il/273b44/7144919048/il_fullxfull.7144919048_amqt.jpg,,,,,,,,1
"Kids Mud Kitchen DIY Plan","Looking to enrich your child's outdoor space? Look no further than this easy-to-build DIY mud kitchen! Designed specifically for beginner DIY'ers, this mud kitchen is a project that anyone can tackle. The guide includes a material list, cut list, project cost, step-by-step instructions with measurements, and plenty of photos to simplify the process for you!

Building Size: 6' Wide and 3' Tall
Experience Level: Novice DIY’er
Cost to Construct: $200 CAD
Time to Build: 1 day – 1 person",9,USD,67,Mud_Kitchen,"Digital Download,PDF File,Digital Instructions,Instant Download,Printable File",https://i.etsystatic.com/37058139/r/il/9cd903/7247663994/il_fullxfull.7247663994_5065.jpg,https://i.etsystatic.com/37058139/r/il/fea923/7295622011/il_fullxfull.7295622011_1hii.jpg,https://i.etsystatic.com/37058139/r/il/9575f7/7295622017/il_fullxfull.7295622017_8f5y.jpg,https://i.etsystatic.com/37058139/r/il/79a1dc/7247663972/il_fullxfull.7247663972_64lr.jpg,https://i.etsystatic.com/37058139/r/il/1aa043/7295622013/il_fullxfull.7295622013_cvwb.jpg,https://i.etsystatic.com/37058139/r/il/9823f6/7247663970/il_fullxfull.7247663970_f2f4.jpg,https://i.etsystatic.com/37058139/r/il/00db93/7295622075/il_fullxfull.7295622075_m1f0.jpg,https://i.etsystatic.com/37058139/r/il/127d85/7247664074/il_fullxfull.7247664074_321z.jpg,https://i.etsystatic.com/37058139/r/il/f9ac22/7286099401/il_fullxfull.7286099401_ooi8.jpg,,,,,,,,1
"DIY Outdoor Chaise Lounge Plans, Adjustable Wood Lounger Blueprint (PDF Download)","Relax in Style with Premium DIY Outdoor Chaise Lounge Plans!

Transform your poolside, patio, or garden into a luxury retreat with our comprehensive wood lounger plans. This modern and ergonomic outdoor chaise lounge wooden design features an adjustable backrest for ultimate comfort and integrated wheels for easy mobility. Whether you want to soak up the sun or relax with a book, this diy pool lounger is the perfect addition to your outdoor and garden furniture collection.

Our step-by-step outdoor chair blueprint is designed for woodworkers of all levels, providing clear instructions to build a professional-quality, wooden outdoor reclinable chair that is both sturdy and stylish.

📐 LOUNGE CHAIR DIMENSIONS:

Overall Width: 91 3/4 inches
Overall Depth: 63 3/16 inches
Overall Height: 16 1/2 inches

🛠️ WHAT IS INCLUDED IN THIS DIGITAL DOWNLOAD?

Detailed Building Plans: Clear, step-by-step instructions with 3D illustrations for the diy outdoor lounger.
Comprehensive Material List: A full shopping list of lumber, wheels, and hardware needed.
Precise Cut List: Minimize wood waste and save money on your outdoor chaise plans.
Assembly Tips: Professional advice on building the adjustable reclining mechanism and attaching the mobile base.

💡 WHY CHOOSE OUR PLANS?

Building your own outdoor lounge chair digital download project is far more rewarding and durable than buying mass-produced plastic alternatives. This wooden chairs diy project allows you to choose high-quality weather-resistant wood, ensuring your meuble de jardin stays beautiful for years to come.

⚠️ PLEASE NOTE: This is a DIGITAL DOWNLOAD only. No physical items, wheels, hardware, or lumber will be shipped. You will receive high-quality PDF files instantly upon purchase.",5,USD,99,"outdoor_chaise,pool_lounger_diy,wood_lounger_plans,outdoor_chair_plan,sunbed_blueprint,diy_garden_chair,wooden_recliner,patio_furniture,outdoor_lounge_pdf,chaise_lounge_diy,wood_chair_plans,pool_furniture,woodworking_plans",Wood,https://i.etsystatic.com/37058139/r/il/09e8a3/7766597932/il_fullxfull.7766597932_hqye.jpg,https://i.etsystatic.com/37058139/r/il/86f9fb/7814543005/il_fullxfull.7814543005_ml45.jpg,https://i.etsystatic.com/37058139/r/il/e11f0f/7766597934/il_fullxfull.7766597934_i1qd.jpg,https://i.etsystatic.com/37058139/r/il/5591c4/7766597902/il_fullxfull.7766597902_c6yr.jpg,https://i.etsystatic.com/37058139/r/il/40913d/7814543043/il_fullxfull.7814543043_h5eq.jpg,https://i.etsystatic.com/37058139/r/il/4177c1/7766597914/il_fullxfull.7766597914_1j30.jpg,https://i.etsystatic.com/37058139/r/il/fe465a/7814543057/il_fullxfull.7814543057_8e40.jpg,https://i.etsystatic.com/37058139/r/il/b55f51/7814543055/il_fullxfull.7814543055_ecg8.jpg,https://i.etsystatic.com/37058139/r/il/859d49/7814543059/il_fullxfull.7814543059_id7u.jpg,,,,,,,,1
"DIY Horizontal Murphy Bed Plans with Desk and Shelves (Digital Download)","Do you need a guest room, a home office, and a library but only have one spare room? Stop compromising on space! With these comprehensive DIY Murphy bed plans, you can build a stunning, high-quality horizontal murphy bed with desk and integrated shelving that maximizes every inch of your wall.

This all-in-one space saving bed system is designed for a Queen size mattress, making it perfect for adults and guests. During the day, you have a massive workstation and beautiful display shelves for your books and decor. At night, it effortlessly transforms into a comfortable bed without needing to clear your desk!

Whether you are looking for a rewarding woodworking project or a way to increase your home's value, our murphy bed blue prints eliminate all the stress. We’ve turned a complex build into an easy-to-follow DIY woodworking project with professional-grade instructions.

🔨 Why This Murphy Bed System is a Game Changer:

Triple Functionality: Combines a Queen bed, a large desk, and 10+ storage shelves in one sleek unit.
Horizontal Design: Perfect for rooms with lower ceilings or narrow layouts where a vertical bed won't fit.
Smart Desk System: The desk stays level when the bed is lowered, meaning your items stay exactly where they are!

Professional Quality: Create high-end bedroom furniture for a fraction of the thousands of dollars you'd pay at a furniture store.

📐 Overall Dimensions:

Total Width: 117-1/2"" (Nearly 10 Feet of storage and bed!)
Total Height: 68-1/2""
Depth (Closed): 16""

Mattress Size: Queen Size

📥 What’s Inside Your Digital PDF Download?

Instant Access: Start your murphy bed desk diy project immediately.
Detailed 3D Illustrations: Visual guides for every single step of the assembly.
Complete Material & Tool Lists: Shop with confidence—no missing parts or extra trips.
Precise Cut List: Optimize your wood boards and minimize waste.

(Friendly Reminder: This is a DIGITAL DOWNLOAD for woodworking plans. No physical item or Murphy bed hardware is included.)

Ready to reclaim your floor space and build the ultimate home office? Download your plans today and let's get building!",8,USD,75,"murphy_bed_with_desk,queen_murphy_bed,horizontal_bed_plan,space_saving_bed,murphy_bed_diy,bedroom_furniture,woodworking_project,wall_bed_with_desk,desk_bed_plans,hidden_bed_plans,diy_furniture_plans,murphy_bed_desk_diy,modern_wall_bed","Wood,Pallet wood",https://i.etsystatic.com/37058139/r/il/c39af3/7739924878/il_fullxfull.7739924878_3wvx.jpg,https://i.etsystatic.com/37058139/r/il/cdf907/7787880439/il_fullxfull.7787880439_bn6a.jpg,https://i.etsystatic.com/37058139/r/il/c5dfd7/7739924868/il_fullxfull.7739924868_4qm5.jpg,https://i.etsystatic.com/37058139/r/il/13c8be/7739924866/il_fullxfull.7739924866_ei3s.jpg,https://i.etsystatic.com/37058139/r/il/c68411/7787880455/il_fullxfull.7787880455_43ad.jpg,https://i.etsystatic.com/37058139/r/il/d2e22b/7787880451/il_fullxfull.7787880451_fh6i.jpg,https://i.etsystatic.com/37058139/r/il/154a08/7787880497/il_fullxfull.7787880497_r8uv.jpg,https://i.etsystatic.com/37058139/r/il/d4e306/7787880487/il_fullxfull.7787880487_55wa.jpg,https://i.etsystatic.com/37058139/r/il/649c0d/7739924882/il_fullxfull.7739924882_d57m.jpg,https://i.etsystatic.com/37058139/r/il/e3ff28/7787880501/il_fullxfull.7787880501_l1lo.jpg,,,,,,,1
"Floating TV Console Plan: Modern Walnut Wall-Mounted Design (Digital Download)","Elevate Your Living Space with Our Minimalist Floating Walnut TV Console

Discover the perfect blend of modern design and functional elegance with our handcrafted floating TV console. Designed to declutter your space and enhance your home's aesthetic, this wall-mounted media stand is a stunning addition to any contemporary living room, bedroom, or office.

Key Features You'll Love:

Sleek, Minimalist Design: Our console creates a sophisticated, ""floating"" effect, freeing up floor space and making your room feel more open and airy.

Premium Walnut Finish: Crafted from high-quality wood with a rich walnut finish, this unit boasts natural wood grains that bring warmth and a touch of luxury to your interior.

Clever Hidden Storage: Featuring a spacious central compartment (59.2 cm / 23.3 in) and a convenient right-side cabinet (37 cm / 14.56 in), this console offers ample room to discreetly store media devices, remote controls, and other essentials. The left section (37 cm / 14.56 in) is an open shelf, perfect for displaying decor or housing frequently used components.

Invisible French Cleat Mounting System: Experience seamless style with our robust, hidden French Cleat mounting. This ingenious system ensures a secure attachment to your wall while remaining completely invisible, providing that desired floating look without compromising stability.

Why Choose Our Floating TV Console?

We understand the desire for furniture that is both beautiful and practical. This media unit is meticulously designed to meet the demands of modern living:

Space-Saving: Ideal for smaller apartments or anyone looking to maximize their floor area.

Cable Management Ready: Thoughtfully designed with easy access for cables, ensuring a tidy and organized entertainment setup.

Durable & Long-Lasting: Built with precision and quality materials, this console is made to withstand daily use and remain a focal point in your home for years to come.

Dimensions (Approximate):

Overall Length: 140 cm (55.11 inches)

Overall Depth: 23.7 cm (9.33 inches)

Overall Height: 18 cm (7.08 inches)

Left Open Compartment: 37 cm (14.56 inches) wide

Center Closed Compartment: 59.2 cm (23.3 inches) wide

Right Closed Compartment: 37 cm (14.56 inches) wide

Bring minimalist elegance and smart functionality to your home today. Click 'Add to Cart' to transform your living space!

You're just one step away from building the stand of your dreams. Click 'Add to Cart' now and start your next favorite project today!",5,USD,73,"digital_download,tv_console_plan,floating_tv_unit,space_saver,home_project,easy_plans,tv_shelf_plan,build_tv_unit,modern_tv_unit,woodworking_pdf,diy_tv_stand,tv_unit_plan,wall_mount_unit","Digital Download,PDF File,Digital Instructions,Instant Download,Printable File",https://i.etsystatic.com/37058139/r/il/877e18/7230223996/il_fullxfull.7230223996_8zbx.jpg,https://i.etsystatic.com/37058139/r/il/62e3c4/7278189093/il_fullxfull.7278189093_bvyz.jpg,https://i.etsystatic.com/37058139/r/il/6d4c62/7230223994/il_fullxfull.7230223994_38h7.jpg,https://i.etsystatic.com/37058139/r/il/4798df/7230224000/il_fullxfull.7230224000_a6ob.jpg,https://i.etsystatic.com/37058139/r/il/465e97/7230223992/il_fullxfull.7230223992_nu67.jpg,https://i.etsystatic.com/37058139/r/il/59328a/7230223988/il_fullxfull.7230223988_t0pd.jpg,https://i.etsystatic.com/37058139/r/il/c03c59/7278189143/il_fullxfull.7278189143_3kpz.jpg,https://i.etsystatic.com/37058139/r/il/792802/7265675253/il_fullxfull.7265675253_4toq.jpg,https://i.etsystatic.com/37058139/r/il/d54124/7265675247/il_fullxfull.7265675247_7igx.jpg,,,,,,,,1
"Christmas Village Tree Stand Plans | DIY Tiered Display Shelf Instructions | Wooden Miniature Village Platform | Woodworking Pattern","Transform Your Holiday Decor with a Magical Christmas Village Tree!

Tired of searching for space on mantels, tables, and floors for your growing Christmas village? Give your treasured collection the stunning centerpiece it deserves.

Our comprehensive DIY Woodworking Plans provide everything you need to build this magnificent, 5-Tier Round Display Stand. Standing at an impressive 90"" (229 cm) tall, this isn't just a shelf—it's a breathtaking, space-saving ""tree"" that turns your miniature village into the heart of your holiday decor.

Why You'll Love These Plans
These step-by-step plans are designed for a rewarding build, resulting in a timeless piece you'll use for decades.

🎄 The Ultimate Holiday Centerpiece: This is a showstopper. The 5-tier design mimics the shape of a Christmas tree, allowing you to create a cascading, magical scene that wows guests from every angle.

📈 Save Precious Floor Space: Go vertical! This stand beautifully showcases a large collection of houses, figures, and accessories in a single, compact footprint. It’s the perfect solution for any room.

🛠️ Clear & Simple Instructions: Perfect for all skill levels. You get a complete list of materials, a precise cut list, and easy-to-follow diagrams for assembly. No guesswork, just a fun project.

💰 Build a High-End Look for Less: A pre-made display of this size and quality costs a fortune. Build it yourself for a fraction of the price and get a sturdy, custom piece that fits your home perfectly.

The Perfect Display For:
Department 56 (Dept 56), Lemax, or other miniature Christmas villages

Nutcracker collections

Creating a stunning ""Cupcake Tree"" for holiday parties

A unique Advent calendar display

Final Assembled Dimensions
Overall Height: 90"" (229 cm)

Tier 1 (Bottom): 46"" Diameter

Tier 2: 37.5"" Diameter

Tier 3: 28.9"" Diameter

Tier 4: 20.4"" Diameter

Tier 5 (Top): 11.8"" Diameter

(Note: The robust design is engineered for stability, so you can display your collection with confidence.)

⚡ PLEASE NOTE: INSTANT DIGITAL DOWNLOAD
This is a digital PDF file containing woodworking plans. NO physical product will be shipped to you.

Upon purchase, you will receive an email with a link to download your plans instantly. You can start building your magical holiday display today!

Ready to build the Christmas village display of your dreams? Click 'Add to Cart' and download your plans instantly!",5,USD,99,"Woodworking_Plan,DIY_plans,PDF_Download,workbench,Landscape_Tree_Plan,Build_Plan,One_Board_Spiral,Spiral_Christmas,Christmas_Tree,Spiral_Wooden,Tree_Plan,Christmas_Stand","Digital Download,PDF File,Digital Instructions,Instant Download,Printable File",https://i.etsystatic.com/37058139/r/il/e1a1db/7429106313/il_fullxfull.7429106313_pms7.jpg,https://i.etsystatic.com/37058139/r/il/520893/7429106319/il_fullxfull.7429106319_2efo.jpg,https://i.etsystatic.com/37058139/r/il/5a4ca7/7381182342/il_fullxfull.7381182342_bljm.jpg,https://i.etsystatic.com/37058139/r/il/fda346/7429106329/il_fullxfull.7429106329_hakw.jpg,https://i.etsystatic.com/37058139/r/il/eeb4b2/7429106315/il_fullxfull.7429106315_edle.jpg,https://i.etsystatic.com/37058139/r/il/7cd158/7381182338/il_fullxfull.7381182338_h1gs.jpg,https://i.etsystatic.com/37058139/r/il/ea79cf/7429106307/il_fullxfull.7429106307_pqv9.jpg,https://i.etsystatic.com/37058139/r/il/96422b/7429106325/il_fullxfull.7429106325_ea8c.jpg,,,,,,,,,1
"DIY Collapsible Food Cart Plan | Foldable Mobile Coffee Cart Plan | Charcuterie Cart Plan | Vendor Snack Stand Plan | Pancake & Dessert Cart","Build the Ultimate Mobile Food & Beverage Cart!

Start your mobile business or elevate your next event with this versatile DIY Coffee Cart Blueprint. Whether you dream of serving up morning espressos, displaying a stunning mobile charcuterie cart at weddings, or running a charming mini pancake cart, this comprehensive digital woodworking plan is your starting point.

Designed for functionality and aesthetics, this food cart features a beautiful overhead pergola structure, spacious main serving counters, convenient fold-out side shelves for extra prep space, and tiered front shelving for eye-catching product displays. It's the perfect vendor cart for farmers markets, pop-up shops, and private events.

📐 OVERALL DIMENSIONS:

Overall Height: 7'-10 1/8""
Main Base Width: 5'-7 3/16""
Side Shelves Length: 2'-4 1/16"" (each)

🛠️ WHAT'S INCLUDED IN THIS DIGITAL DOWNLOAD?

High-quality Cart Blue Prints instantly available after purchase.
Detailed material list and precise cut list to optimize your lumber.
Step-by-step 3D illustrated assembly instructions.
Perfect for a snack cart plan, lemonade stand, or cake bar plans.

💡 WHY CHOOSE THIS CART DESIGN?

Multi-Purpose: Easily adapt it to be a portable food cart, a trendy dessert station, or a rustic mobile bar.
Professional Display: The tiered shelving maximizes your merchandising space.
Digital Format: Print the PDF in your shop or follow along on your tablet.

Please Note: This is a DIGITAL DOWNLOAD only. No physical item will be shipped. Due to the nature of digital products, we do not accept returns or cancellations.

Turn your business idea into reality today! Add these mobile cart plans to your cart and start building.",4.99,USD,99,"Coffee_Cart_Plan,Charcuterie_Cart,Food_Cart_PDF,Snack_Cart_Plan,Vendor_Cart,Mini_Pancake_Cart,Dessert_Cart_Plan,Mobile_Cart_Plans,Cake_Bar_Plans,Portable_Food_Cart,Cart_Blue_Prints,Lemonade_Stand_Plan,Wood_Cart_Template","Digital Download,PDF File,Digital Instructions,Instant Download,Printable File",https://i.etsystatic.com/37058139/r/il/750333/7852926663/il_fullxfull.7852926663_qfb4.jpg,https://i.etsystatic.com/37058139/r/il/ac1ff2/7804984868/il_fullxfull.7804984868_kaea.jpg,https://i.etsystatic.com/37058139/r/il/808f7b/7852926667/il_fullxfull.7852926667_qy4p.jpg,https://i.etsystatic.com/37058139/r/il/9239db/7804984876/il_fullxfull.7804984876_3ku8.jpg,https://i.etsystatic.com/37058139/r/il/11be1d/7852926657/il_fullxfull.7852926657_kugu.jpg,https://i.etsystatic.com/37058139/r/il/1c7f69/7804984862/il_fullxfull.7804984862_glui.jpg,https://i.etsystatic.com/37058139/r/il/bd3d56/7852926681/il_fullxfull.7852926681_quyy.jpg,https://i.etsystatic.com/37058139/r/il/b9971f/7852926655/il_fullxfull.7852926655_b5r1.jpg,https://i.etsystatic.com/37058139/r/il/e95a6c/7852926691/il_fullxfull.7852926691_7k70.jpg,https://i.etsystatic.com/37058139/r/il/cd71aa/7804984914/il_fullxfull.7804984914_j00v.jpg,,,,,,,1
"DIY Farmstand Plans | Roadside Vegetable Stand Blueprint | Mobile Bakery Cart PDF | Farmers Market Stall Build | Wood Flower Cart Template","Build the Perfect Mobile Farmstand or Market Cart!

Ready to sell your fresh produce, baked goods, or beautiful blooms? This comprehensive DIY Farmstand Plan gives you everything you need to construct a sturdy, charming, and fully functional mobile stand. Whether you are looking for reliable roadside stand plans to sell fresh eggs and veggies, or you need a stylish mobile bakery cart for local markets, this blueprint is your ultimate guide.

Designed for ease and efficiency, these market cart plans include a slanted roof for protection, ample shelving for display, and a solid base with casters for easy mobility. Stop searching for the perfect farmers market stand and build it yourself!

📐 OVERALL DIMENSIONS:

Width: 46 inches
Height: 48 inches
Depth: 38 inches

🛠️ WHAT'S INCLUDED IN THIS DIGITAL DOWNLOAD?

High-quality Farmstand Blueprint PDF instantly available after purchase.
Detailed material list and precise cut list to minimize waste.
Step-by-step 3D illustrated assembly instructions.
Guidance on hardware, including caster wheel installation.

💡 PERFECT FOR:

Vegetable Stands & Veggie Stand displays at the end of your driveway.
A cute DIY Bakery Stand or Foodstand DIY project.
Crafting a beautiful wooden Flower Cart for events or shops.
Anyone needing a robust, movable Market Stall.

Please Note: This is a DIGITAL DOWNLOAD only. No physical item will be shipped. Due to the nature of digital products, we do not accept returns or cancellations.

Start building your roadside business today! Add these DIY Farmstand Plans to your cart and get instant access to your next weekend project.",9.99,USD,99,"DIY_Farmstand_Plan,Farmstand_Blueprint,Mobile_Bakery_Cart,Roadside_Stand_Plan,Market_Cart_Plans,Farmers_Market_Stand,Vegetable_Stand_PDF,Foodstand_DIY,Flower_Cart_Build,DIY_Bakery_Stand,Veggie_Stand_Plan,Farmstand_Build,Wood_Market_Stall","Digital Download,PDF File,Digital Instructions,Instant Download,Printable File",https://i.etsystatic.com/37058139/r/il/be4f00/7804944862/il_fullxfull.7804944862_ebg1.jpg,https://i.etsystatic.com/37058139/r/il/423ee5/7804944842/il_fullxfull.7804944842_l7z8.jpg,https://i.etsystatic.com/37058139/r/il/339682/7804944836/il_fullxfull.7804944836_4v50.jpg,https://i.etsystatic.com/37058139/r/il/17c4ec/7804944860/il_fullxfull.7804944860_95xr.jpg,https://i.etsystatic.com/37058139/r/il/7e5537/7852885915/il_fullxfull.7852885915_dyii.jpg,https://i.etsystatic.com/37058139/r/il/e3dbe6/7852885919/il_fullxfull.7852885919_qg4r.jpg,https://i.etsystatic.com/37058139/r/il/b2c752/7804944894/il_fullxfull.7804944894_68br.jpg,https://i.etsystatic.com/37058139/r/il/9b116a/7804944890/il_fullxfull.7804944890_5j8g.jpg,https://i.etsystatic.com/37058139/r/il/fd1928/7852885971/il_fullxfull.7852885971_auon.jpg,https://i.etsystatic.com/37058139/r/il/de47d0/7804944904/il_fullxfull.7804944904_2lgd.jpg,,,,,,,1
"DIY Platform Bed Plans | Wooden Bed Frame Blueprint | Modern Low Profile Bed Design PDF","Transform Your Bedroom with Premium DIY Platform Bed Plans!

Upgrade your sleeping space with a touch of modern, minimalist elegance! Build your own stunning and incredibly sturdy wood bed frame with our comprehensive woodworking plans. This beautiful platform bed features a sleek, low-profile design and a built-in slatted base, eliminating the need for a bulky box spring.

Whether you are looking for straightforward diy bed frames for a weekend project or a heavy-duty wood bed plan to replace your squeaky metal frame, these step-by-step blueprints will guide you to a professional-quality, rock-solid build.

📐 BED FRAME DIMENSIONS:

Overall Width: 1882 mm
Overall Depth: 2076 mm
Overall Height: 286 mm 

🛠️ WHAT IS INCLUDED IN THIS DIGITAL DOWNLOAD?

Detailed Building Plans: Clear, step-by-step instructions with 3D illustrations for your plans for platform bed project.
Comprehensive Material List: Know exactly what structural lumber and hardware to buy.
Precise Cut List: Minimize wood waste and save money with our accurate bed frame wood plans.
Assembly Tips: Professional advice on framing the sturdy base, properly spacing the slats for mattress breathability, and creating a wobble-free structure.

💡 WHY CHOOSE OUR PLANS?

Buying a high-end, solid wood platform bed from a designer store can cost a fortune. Building your own king size bed diy allows you to use premium, heavy-duty lumber that will last a lifetime without sagging or creaking. Plus, you can easily customize the wood finish to perfectly match your bedroom decor!

⚠️ PLEASE NOTE: This is a DIGITAL DOWNLOAD only. No physical items, mattresses, bedding, hardware, or lumber will be shipped. You will receive high-quality PDF files instantly upon purchase.",5,USD,99,"diy_bed_frame,platform_bed_plans,wood_bed_plan,king_size_bed_diy,bedframe_plans,wooden_bed_frame,minimalist_bed_plan,slatted_bed_diy,bed_building_plans,modern_bed_blueprint,diy_furniture_plans,custom_bed_frame,woodworking_plans","Digital Download,PDF File,Digital Instructions,Instant Download,Printable File",https://i.etsystatic.com/37058139/r/il/cdf071/7852778165/il_fullxfull.7852778165_kvjg.jpg,https://i.etsystatic.com/37058139/r/il/867349/7804836908/il_fullxfull.7804836908_lnqy.jpg,https://i.etsystatic.com/37058139/r/il/8fd88f/7852778151/il_fullxfull.7852778151_p4ar.jpg,https://i.etsystatic.com/37058139/r/il/f73397/7804836946/il_fullxfull.7804836946_1w4l.jpg,https://i.etsystatic.com/37058139/r/il/79e6b2/7852778159/il_fullxfull.7852778159_hkf8.jpg,https://i.etsystatic.com/37058139/r/il/616cec/7852778161/il_fullxfull.7852778161_3xvh.jpg,https://i.etsystatic.com/37058139/r/il/24b5aa/7852778169/il_fullxfull.7852778169_fzcz.jpg,https://i.etsystatic.com/37058139/r/il/5bbf09/7852778197/il_fullxfull.7852778197_clux.jpg,https://i.etsystatic.com/37058139/r/il/a8a1d0/7804836928/il_fullxfull.7804836928_9zzb.jpg,https://i.etsystatic.com/37058139/r/il/cafad9/7852778201/il_fullxfull.7852778201_18aq.jpg,,,,,,,1
"DIY Outdoor Bar Plans | Two Tier Home Bar Blueprint | Wooden Patio Bar Design PDF","Entertain Your Guests in Style with Premium DIY Two-Tier Bar Plans!

Ready to create the ultimate entertainment space in your home or backyard? Build your own stunning and highly functional serving station with our comprehensive wooden bar plans. This elegant home bar design features a professional two-tier layout with a lower prep area and a higher serving counter that includes a built-in trough—perfect for keeping beverages ice-cold!

Complete with a beautiful patterned wood front, this versatile project works perfectly as a sophisticated indoor serving area or a durable diy outdoor wood bar for your patio.

📐 BAR DIMENSIONS:

Overall Width: 72 inches
Overall Depth: 26 inches
Overall Height: 57 inches

🛠️ WHAT IS INCLUDED IN THIS DIGITAL DOWNLOAD?

Detailed Building Plans: Clear, step-by-step instructions with 3D illustrations for your diy bar plans project.
Comprehensive Material List: Know exactly what lumber and hardware to buy.
Precise Cut List: Minimize wood waste and save money with our accurate bar blueprint.
Assembly Tips: Professional advice on framing the sturdy base, creating the unique patterned front panel, and constructing the integrated ice trough on the serving counter.

💡 WHY CHOOSE OUR PLANS?

Buying a custom-built, high-end wooden bar can cost thousands of dollars. Building your own patio bar is an incredibly rewarding woodworking project that allows you to create premium furniture at a fraction of the cost. You can easily customize the finish with an elegant interior stain or a weather-resistant outdoor sealant to match your space perfectly!

⚠️ PLEASE NOTE: This is a DIGITAL DOWNLOAD only. No physical items, bar stools, hardware, accessories, or lumber will be shipped. You will receive high-quality PDF files instantly upon purchase.",5,USD,99,"diy_bar_plans,home_bar_plans,outdoor_bar_diy,two_tier_bar,wooden_bar_plans,patio_bar_build,wood_bar_blueprint,beverage_station,indoor_bar_diy,backyard_bar_pdf,custom_bar_build,diy_furniture_plan,woodworking_plans","Digital Download,PDF File,Digital Instructions,Instant Download,Printable File",https://i.etsystatic.com/37058139/r/il/0f9236/7804826688/il_fullxfull.7804826688_hwdf.jpg,https://i.etsystatic.com/37058139/r/il/30f59f/7852768217/il_fullxfull.7852768217_hf30.jpg,https://i.etsystatic.com/37058139/r/il/2cc0ff/7852768229/il_fullxfull.7852768229_9nho.jpg,https://i.etsystatic.com/37058139/r/il/0e1567/7804826692/il_fullxfull.7804826692_i1f4.jpg,https://i.etsystatic.com/37058139/r/il/16ae2d/7804826686/il_fullxfull.7804826686_8j6u.jpg,https://i.etsystatic.com/37058139/r/il/5f0ddd/7804826684/il_fullxfull.7804826684_gjzs.jpg,https://i.etsystatic.com/37058139/r/il/ef45a7/7852768249/il_fullxfull.7852768249_segf.jpg,https://i.etsystatic.com/37058139/r/il/010936/7804826708/il_fullxfull.7804826708_t9h1.jpg,https://i.etsystatic.com/37058139/r/il/b09676/7852768241/il_fullxfull.7852768241_6d3y.jpg,https://i.etsystatic.com/37058139/r/il/159a12/7852768253/il_fullxfull.7852768253_mu2h.jpg,,,,,,,1
"DIY Farmhouse Picnic Table Plans | Outdoor Furniture (PDF Pattern)","DIY Outdoor Picnic Table Plans: Classic Farmhouse Table Design

Build the perfect gathering spot for your backyard with our comprehensive Picnic Table Plans. These detailed Backyard Furniture Plans are designed to help you easily craft a stunning outdoor picnic table that is both durable and stylish. This isn't just any outdoor furniture; it's a timeless farmhouse table design you can build yourself.

Versatile Designs for Your Outdoor Space
Our Picnic Table Plans provide all the instructions needed to create a robust and functional outdoor table. The plans offer flexibility, allowing you to Build Furniture that fits your needs, whether you are making a complete Picnic Table or just a matching Picnic Bench. We include options for a spacious 8-foot Picnic Table perfect for large gatherings, or a versatile 6-foot Picnic Table for everyday use. You can even adapt the plans for an Outdoor Picnic Table 2 People setup.

This design results in beautiful Wooden Picnic Table Benches, ensuring a complete seating solution.

Detailed Blueprints and Material Versatility
You will receive professional Picnic Table Blueprints via an instant download of the Picnic Table Plans Pdf. These are ideal Outdoor Project Woodworking Plans, perfect for enhancing your outdoor space.

The plans are optimized for traditional Patio Wood, but they also include guidance for a Composite Picnic Table build or adaptation for Outdoor Table Plans Trex materials. This versatile design can also inspire a Plan Outdoor Sensory Table or even serve as a base for Side Table Patio Plans.

Our goal is to provide Backyard Furniture Plans that help you create a beautiful Patio Table Furniture piece, making your outdoor table a centerpiece for relaxation.

The Perfect Addition to Your Backyard
This classic farmhouse table is the perfect DIY project. By following these Picnic Table Plans, you’ll create essential outdoor furniture for your home. This outdoor picnic table offers the perfect spot for family dinners or a Picnic Bench Table for relaxing afternoons.

You can also adapt the plans to complement other pieces, such as an Adirondack Chair With Leg Rest, creating a cohesive outdoor living area.

Please note: This listing is for a digital download of plans only. You are not purchasing a physical table.",5,USD,10,"Picnic_Table_Plans,Woodworking_Plans,Outdoor_Furniture,Farmhouse_Table,DIY_Plans,Picnic_Table,Digital_Download,Outdoor_Table,Backyard_Furniture,Patio_Furniture,6_Foot_Table,8_Foot_Table,Wood_Picnic_Table","Digital Download,PDF File,Digital Instructions,Instant Download,Printable File",https://i.etsystatic.com/37058139/r/il/5f5066/7061936117/il_fullxfull.7061936117_galm.jpg,https://i.etsystatic.com/37058139/r/il/d67b18/7013959340/il_fullxfull.7013959340_fmn3.jpg,https://i.etsystatic.com/37058139/r/il/ce3d49/7013959360/il_fullxfull.7013959360_l9pc.jpg,https://i.etsystatic.com/37058139/r/il/986e76/7061936119/il_fullxfull.7061936119_k5no.jpg,https://i.etsystatic.com/37058139/r/il/4a17c4/7061936113/il_fullxfull.7061936113_ieud.jpg,https://i.etsystatic.com/37058139/r/il/0ab946/7013959348/il_fullxfull.7013959348_szmn.jpg,,,,,,,,,,,1
"DIY Outdoor Sauna Plans | 6x8 ft Wood Sauna Blueprint (Digital Download)","Transform Your Backyard with Premium 6x8 ft DIY Outdoor Sauna Plans!

Ready to build your own relaxing retreat? Our comprehensive DIY outdoor sauna plans are designed for both beginners and experienced DIYers. This modern, wooden backyard sauna comfortably fits 4 to 6 people, making it the perfect addition to your outdoor space for a dry sauna or traditional steam experience.

These step-by-step sauna building blueprints remove the guesswork from your DIY project, saving you time and money.

📐 SAUNA DIMENSIONS:

Width: 96 inches (8 feet)
Depth: 72 inches (6 feet)
Front Height: 110 inches (9 feet 2 inches)
Rear Height: 96 inches (8 feet)
Capacity: 4 to 6 Person Sauna

🛠️ WHAT IS INCLUDED IN THIS DIGITAL DOWNLOAD?

Detailed Building Plans: Clear, step-by-step instructions and 3D illustrations.
Comprehensive Material List: Know exactly what to buy before you start.
Precise Cut List: Minimize waste and save on lumber costs.
Dual Measurements: All plans include both Imperial and Metric units for global ease of use.
Foundation & Framing Guide: Ensuring a sturdy and insulated sauna build.

💡 WHY CHOOSE OUR PLANS? 
Whether you are planning an electric sauna or a traditional wood-fired setup, this 6x8 sauna plan provides a solid, well-designed structure. The sloped roof ensures proper drainage, while the modern aesthetic elevates any outdoor sauna design.

⚠️ PLEASE NOTE: This is a DIGITAL DOWNLOAD only. No physical items, building materials, or lumber will be shipped. You will receive high-quality PDF files instantly upon purchase.

Start your DIY sauna project today and bring the ultimate spa experience to your backyard!",10,USD,99,"outdoor_sauna,diy_sauna_plans,sauna_building_plans,6x8_sauna_plan,sauna_blueprint,diy_project,backyard_sauna,4_person_sauna,dry_sauna_diy,wood_sauna_build,insulated_sauna,electric_sauna,sauna_material_list",Wood,https://i.etsystatic.com/37058139/r/il/76fa8f/7766186202/il_fullxfull.7766186202_lx2o.jpg,https://i.etsystatic.com/37058139/r/il/6552d1/7766186200/il_fullxfull.7766186200_dkvx.jpg,https://i.etsystatic.com/37058139/r/il/ba59fd/7766186212/il_fullxfull.7766186212_foqp.jpg,https://i.etsystatic.com/37058139/r/il/0e5704/7814132111/il_fullxfull.7814132111_aglj.jpg,https://i.etsystatic.com/37058139/r/il/4fabdf/7766186230/il_fullxfull.7766186230_wchl.jpg,https://i.etsystatic.com/37058139/r/il/ade64b/7766186224/il_fullxfull.7766186224_bygb.jpg,https://i.etsystatic.com/37058139/r/il/a21971/7766186262/il_fullxfull.7766186262_fenq.jpg,https://i.etsystatic.com/37058139/r/il/9cfe72/7814132153/il_fullxfull.7814132153_p0k3.jpg,https://i.etsystatic.com/37058139/r/il/4fd6a8/7766186264/il_fullxfull.7766186264_5pa4.jpg,,,,,,,,1
"DIY Mobile Bar Cart | Coffee Cart | Custom Food Cart Plan PDF | Wedding Cart | Collapsible Beverage Cart | Vendor Cart | Foldable Bar Cart","Here is a compelling Etsy product description based on the details you provided, structured for clarity and to attract buyers.

DIY Mobile Bar Cart Plans: The Ultimate Collapsible Vendor Cart Blueprint
Ready to create the perfect centerpiece for your next event? This is not just a plan; it's your ticket to building a beautiful, professional-grade mobile bar or vendor cart. Our meticulously designed, step-by-step PDF guide gives you everything you need to bring this elegant and modern design to life. Imagine effortlessly serving guests from a stunning, custom-built cart that perfectly fits your unique style.

Unmatched Customization & Versatility
This is the most flexible DIY plan you'll find, designed for everything from intimate gatherings to grand events. The plan includes multiple distinct countertop layouts, allowing you to tailor your cart to any need.

The Classic: A smooth, solid top for a clean, minimalist look or a versatile workspace.

The Party Pro: Multiple cutouts for beverage tubs, making it the ultimate drink cart.

The Charcuterie Dream: Cutouts designed for a beautiful and functional charcuterie board display.

Effortless Portability & Smart Design
Designed with convenience in mind, this foldable cart features two sturdy folding wings for extra serving space. When not in use, they neatly tuck away, transforming the cart into a compact, space-saving design.

Two-Wheel Version: Build a classic, vintage-style cart with two large wheels and two casters.

Four-Caster Version: Use heavy-duty 3-inch locking casters to ensure your cart glides effortlessly and locks securely, even when fully loaded.

Perfect for Any Occasion
For the Entrepreneur: Launch your business with a professional-looking coffee cart, snack bar, or vendor cart.

For the Host: Impress your guests with a stunning mobile bar or party cart.

For the DIY Enthusiast: Experience the satisfaction of building a high-quality piece with our easy-to-follow guide. This is the DIY cart project you've been waiting for.

What You Will Receive
Upon purchase, you will get an instant digital download of a comprehensive PDF file that includes everything you need to build your own mobile bar.

Detailed Cut List: All parts are labeled with clear letters and precise inch measurements.

Shopping List: A complete list of all required tools and hardware.

Step-by-Step Instructions: Easy-to-follow, detailed instructions for every stage of assembly, from cutting the panels to installing the casters.

Start building your dream cart today and get ready to roll out your next event with style and ease!

Note: This listing is for a digital PDF plan only. You are not purchasing a physical product.**",15,USD,85,"Custom_food_cart,Charcuterie_cart,foldable_cart,bar_carts,DIY_Cart,Party_cart,beverage_cart,coffee_cart,collapsible_cart,wedding_cart,Mobile_bar,vendor_cart,bar_cart","Digital Download,PDF File,Digital Instructions,Instant Download,Printable File",https://i.etsystatic.com/37058139/r/il/92fd1f/7168356888/il_fullxfull.7168356888_o39k.jpg,https://i.etsystatic.com/37058139/r/il/5c41da/7168356896/il_fullxfull.7168356896_s88j.jpg,https://i.etsystatic.com/37058139/r/il/4dcd68/7216342473/il_fullxfull.7216342473_mutl.jpg,https://i.etsystatic.com/37058139/r/il/53ae69/7168356890/il_fullxfull.7168356890_52ii.jpg,https://i.etsystatic.com/37058139/r/il/2d0eb4/7168356892/il_fullxfull.7168356892_4xvh.jpg,https://i.etsystatic.com/37058139/r/il/33c8b0/7168356900/il_fullxfull.7168356900_7uhc.jpg,https://i.etsystatic.com/37058139/r/il/4e39bf/7216342507/il_fullxfull.7216342507_d3nu.jpg,https://i.etsystatic.com/37058139/r/il/4b26f9/7168357110/il_fullxfull.7168357110_dq3m.jpg,https://i.etsystatic.com/37058139/r/il/273b44/7144919048/il_fullxfull.7144919048_amqt.jpg,https://i.etsystatic.com/37058139/r/il/3c90ab/7144919042/il_fullxfull.7144919042_kzxy.jpg,,,,,,,1
"Vintage Christmas Carol Sheet Music Prints, Set of 5 (Digital Download)","A satisfaction guarantee for digital items is uncommon, but we are confident enough to provide you with one! We go beyond Etsy’s standard rules and pledge this: If the product falls short of your expectations, we offer a 100% unconditional and immediate refund. Our focus is not the transaction; it's your complete happiness. Thank you.

🎶 Vintage Christmas Carol Collection: Timeless Sheet Music Digital Bundle

Why Choose Our Vintage Digital Carols?

Bring the nostalgic charm of classic Christmas into your home and projects with this exclusive bundle featuring some of the most beloved holiday melodies. By purchasing this curated set, you receive a special discounted price on these timeless digital art prints!

This listing includes three iconic carols: 

Each digital piece captures the beauty of yesteryear, showcasing:

A gorgeous, full-color vintage illustration that complements the festive mood.

Elegant, classic typeface for the title and lyrics.

An ornate or decorative border that frames the music beautifully.

🖼️ File Details & Printing Perfection

We provide flexibility for all your creative needs! Each featured carol comes in five ready-to-print formats:

Original Vintage Aspect Ratio: For an authentic look, maintaining the original dimensions.

8x10 Wall Art (Borderless): Perfect for standard framing and minimal modern display.

8x10 Wall Art (With White Border): Ideal for easy matting or a classic photographic print style.

All files are delivered as High-Resolution 300 DPI JPGs, measuring approximately 3200 x 4000 pixels. This ensures crystal-clear detail and allows for large-scale printing up to 20x30 inches.

Note: The images you receive will be clear and ready to print; watermarks will be removed.

⚠️ Important: Digital Product Information

This is an INSTANT DIGITAL DOWNLOAD. No physical product will be shipped to you.

Upon purchase, you can download and print these files for personal use an unlimited number of times.

Need Customization or Have Questions?

Do you have a unique project requiring a different size, crop, or format? Just send me a direct message! I'm always happy to assist with custom adjustments to ensure your project is a success.",9,USD,129,"Christmas_Carol,Sheet_Music_Posters","Digital File,PDF,Canva Editable,Printable,Instant Download,Customizable Template,Party Kit,Party Decorations,Birthday Supplies,Themed Party,Event Planning,DIY Party,Digital Product",https://i.etsystatic.com/37058139/r/il/ddd067/7417896367/il_fullxfull.7417896367_s8cl.jpg,https://i.etsystatic.com/37058139/r/il/ba2a41/7417896363/il_fullxfull.7417896363_khw0.jpg,https://i.etsystatic.com/37058139/r/il/a649c0/7369977546/il_fullxfull.7369977546_er6v.jpg,https://i.etsystatic.com/37058139/r/il/874fdc/7417896351/il_fullxfull.7417896351_117p.jpg,https://i.etsystatic.com/37058139/r/il/cf0e0e/7417896341/il_fullxfull.7417896341_rb4y.jpg,https://i.etsystatic.com/37058139/r/il/2f3f02/7417896343/il_fullxfull.7417896343_lv2j.jpg,https://i.etsystatic.com/37058139/r/il/7fd9bb/7417896357/il_fullxfull.7417896357_ejii.jpg,https://i.etsystatic.com/37058139/r/il/a46ceb/7417896385/il_fullxfull.7417896385_gd5k.jpg,https://i.etsystatic.com/37058139/r/il/9c2c1d/7417896373/il_fullxfull.7417896373_rfje.jpg,https://i.etsystatic.com/37058139/r/il/9a40f9/7417896375/il_fullxfull.7417896375_kfus.jpg,,,,,,,1
"Geometric Wood Wall Art Plans | Large Chevron Blueprint (PDF Download)","Transform Your Space with Stunning DIY Geometric Wood Wall Art!

Looking to add a sophisticated, modern touch to your home decor? Build your own statement piece with our comprehensive geometric wood wall art diy plans. This eye-catching chevron and geometric design serves as a beautiful large wood art piece, perfect for living rooms, bedrooms, or as a unique wood wall above bed feature.
Whether you are looking for extra large acoustic art to enhance your room's sound quality or a stylish wood wall hanging decor project, these step-by-step instructions will help you craft a professional-quality, gallery-worthy piece of art.

📐 WALL ART DIMENSIONS:

Width: 36 inches
Height: 38 13/16 inches
Thickness/Depth: 1/4 inch

🛠️ WHAT IS INCLUDED IN THIS DIGITAL DOWNLOAD?

Detailed Building Plans: Clear, step-by-step instructions with 3D illustrations for the geometric wood art patterns.
Comprehensive Material List: Know exactly what lumber and backing materials you need.

Precise Cut List: Minimize wood waste and save money with our accurate geometric wood panels guide.
Assembly Tips: Professional advice on achieving perfect angles, sanding techniques, and staining for a premium finish.

💡 WHY CHOOSE OUR PLANS?

Building your own wall art wood abstract piece is far more rewarding and affordable than buying high-end gallery decor. This design is versatile enough to fit into minimalist wood wall decor styles or bold, rustic themes. It’s the ultimate wood geometric home decor project for woodworkers of all skill levels!

⚠️ PLEASE NOTE: This is a DIGITAL DOWNLOAD only. No physical items, frames, hardware, or lumber will be shipped. You will receive high-quality PDF files instantly upon purchase.",5,USD,100,"geometric_wood_art,diy_wall_art_plans,wood_wall_decor,large_wood_art,chevron_wall_art,wood_wall_hanging,acoustic_wall_art,giant_wall_art,wood_art_pattern,abstract_wood_art,diy_home_decor,wood_panel_plans,woodworking_plans",Wood,https://i.etsystatic.com/37058139/r/il/696ecb/7776977844/il_fullxfull.7776977844_mwvd.jpg,https://i.etsystatic.com/37058139/r/il/d856c7/7776977834/il_fullxfull.7776977834_bixv.jpg,https://i.etsystatic.com/37058139/r/il/e6781d/7824906081/il_fullxfull.7824906081_ogc2.jpg,https://i.etsystatic.com/37058139/r/il/f4c843/7824906077/il_fullxfull.7824906077_tcpk.jpg,https://i.etsystatic.com/37058139/r/il/0f7341/7824906093/il_fullxfull.7824906093_i2am.jpg,https://i.etsystatic.com/37058139/r/il/5a7cdd/7824906087/il_fullxfull.7824906087_m28z.jpg,https://i.etsystatic.com/37058139/r/il/d32b44/7824906127/il_fullxfull.7824906127_321a.jpg,https://i.etsystatic.com/37058139/r/il/09f9fa/7824906113/il_fullxfull.7824906113_eika.jpg,https://i.etsystatic.com/37058139/r/il/174d76/7824906129/il_fullxfull.7824906129_tp93.jpg,,,,,,,,1
"DIY Farmhouse Coffee Table Plans | Solid Wood Furniture Woodworking (Digital Download)","Build the Perfect Centerpiece for Your Living Room with DIY Coffee Table Plans!

Upgrade your home decor with a stunning, custom-built piece of furniture! Our comprehensive coffee table build plan provides everything you need to construct a robust and stylish solid wood table. Featuring a modern, thick-legged design, this is the ultimate coffee table plans large farmhouse project that will instantly elevate your living space.

Whether you are looking for easy-to-follow coffee table instructions for a weekend project or detailed living room table blueprint to expand your woodworking skills, this step-by-step guide is perfect for makers of all levels.

📐 COFFEE TABLE DIMENSIONS:

Overall Width: 40 inches
Overall Depth: 31 inches
Overall Height: 18 inches 

🛠️ WHAT IS INCLUDED IN THIS DIGITAL DOWNLOAD?

Detailed Building Plans: Clear, step-by-step instructions with 3D illustrations for your diy coffeetable.
Comprehensive Material List: Know exactly what lumber and hardware to buy for your diy furniture kits project.
Precise Cut List: Minimize wood waste and save money with our accurate coffee table digital plans.
Assembly Tips: Professional advice on framing, attaching the legs securely, and finishing the tabletop for a smooth, durable surface.

💡 WHY CHOOSE OUR PLANS? Building your own coffee table wood plans project is a highly rewarding way to get premium, heavy-duty furniture at a fraction of the retail price. This sturdy diy wood design eliminates the wobble found in cheap store-bought tables and allows you to customize the stain or paint to perfectly match your home's aesthetic.

⚠️ PLEASE NOTE: This is a DIGITAL DOWNLOAD only. No physical items, hardware, or lumber will be shipped. You will receive high-quality PDF files instantly upon purchase.",5,USD,100,"coffee_table_plans,diy_coffee_table,farmhouse_coffee,wood_coffee_table,coffee_table_diy,living_room_table,coffee_table_pdf,furniture_build_plan,woodworking_plans,diy_wood_furniture,rustic_coffee_table,large_coffee_table,coffeetable_build",Wood,https://i.etsystatic.com/37058139/r/il/b5d056/7824936361/il_fullxfull.7824936361_o2lf.jpg,https://i.etsystatic.com/37058139/r/il/8e392d/7824936351/il_fullxfull.7824936351_1w06.jpg,https://i.etsystatic.com/37058139/r/il/5fe87e/7777007978/il_fullxfull.7777007978_cm8s.jpg,https://i.etsystatic.com/37058139/r/il/cba3fb/7777007994/il_fullxfull.7777007994_m992.jpg,https://i.etsystatic.com/37058139/r/il/6cbee4/7824936353/il_fullxfull.7824936353_tc5q.jpg,https://i.etsystatic.com/37058139/r/il/c99cb0/7824936347/il_fullxfull.7824936347_hb6b.jpg,https://i.etsystatic.com/37058139/r/il/30b814/7777007990/il_fullxfull.7777007990_gbb3.jpg,https://i.etsystatic.com/37058139/r/il/e2090c/7824936377/il_fullxfull.7824936377_p6ip.jpg,https://i.etsystatic.com/37058139/r/il/12f0b2/7824936365/il_fullxfull.7824936365_e0hs.jpg,,,,,,,,1
"100+ Christmas Coloring Pages | Winter Activity Book (PDF)","Are you searching for a fun Christmas Activity? Are you looking for a way to celebrate Christmas by adding a little color into your life? These Christmas Coloring Pages are the perfect way to celebrate Christmas. Color these Christmas coloring pages while relaxing, listening to music, taking a road trip, waiting at the doctors office, or as part of a Christmas classroom lesson.

Enjoy these Christmas coloring pages and celebrate all of the great things Christmas has to offer. These Christmas coloring sheets can be used at home with friends and family, in school, or anytime you are out and about.

These Christmas coloring pages will be sent as a pdf to digitally download and print immediately. No physical items will be sent. Item will print on 8.5"" x 11"" paper. You can print one printable Christmas coloring sheet per page or save paper and ink by printing two Christmas coloring sheets per page. Both options are included.

What is included?
· PDF containing 100 Christmas Coloring Pages (1 Per Page)
· PDF containing 100 Christmas Coloring Pages (2 Per Page)

These Christmas coloring pages make a great edition to any Christmas event or celebration!

PLEASE NOTE: These are for your personal use only, no sharing of files please. You cannot resell these files for any purpose. Colors may vary slightly due to monitor and printer variations.

⚠️ A Note on Your Digital Keepsake

This is an INSTANT DIGITAL DOWNLOAD. No physical art or frame will be shipped. These files are carefully optimized for screen display and are NOT sized for physical printing.

License and Integrity

The purchase grants you a PERSONAL USE ONLY license. This art is intended to enhance your personal home display.

We kindly ask that you honor the artist's work: The files may not be shared, modified, altered, or resold in any form—digital or physical. Copyright remains with the creator.

We are dedicated to your complete satisfaction. Should any question arise, from download assistance to file clarity, please reach out via Etsy message. We are here to ensure your holiday story is perfect.

Bring the timeless charm and heartfelt story of Christmas to your living space. Download your ultimate art bundle today.",5,USD,59,"christmas_coloring,christmas_posters,simple_christmas","Digital Download,PDF File,Digital Instructions,Instant Download,Printable File",https://i.etsystatic.com/37058139/r/il/2d21fb/7378649402/il_fullxfull.7378649402_jqza.jpg,https://i.etsystatic.com/37058139/r/il/1d58f7/7378649374/il_fullxfull.7378649374_4p0d.jpg,https://i.etsystatic.com/37058139/r/il/e5d78b/7378649384/il_fullxfull.7378649384_q32w.jpg,https://i.etsystatic.com/37058139/r/il/763394/7426570443/il_fullxfull.7426570443_49dn.jpg,https://i.etsystatic.com/37058139/r/il/d4cf43/7378649376/il_fullxfull.7378649376_3c04.jpg,https://i.etsystatic.com/37058139/r/il/c39b54/7378649396/il_fullxfull.7378649396_syjr.jpg,https://i.etsystatic.com/37058139/r/il/7a1466/7378649388/il_fullxfull.7378649388_tmfz.jpg,https://i.etsystatic.com/37058139/r/il/5db090/7378649404/il_fullxfull.7378649404_pbur.jpg,https://i.etsystatic.com/37058139/r/il/4d4ffd/7378649394/il_fullxfull.7378649394_mz48.jpg,https://i.etsystatic.com/37058139/r/il/fe38e3/7426570445/il_fullxfull.7426570445_5rlu.jpg,,,,,,,1
"100+ Christmas Vintage Festive Prints Bundle: Bright Nursery Holiday Art (Digital Downloads)","Fill your home with festive charm and color! This 100 Christmas Print Bundle is packed with cheerful designs perfect for nurseries, playrooms, or holiday decorating. From Santa and stars to joyful quotes and bright patterns, each print adds warmth and magic to your festive season.

𝗪𝗵𝗮𝘁'𝘀 𝗜𝗻𝗰𝗹𝘂𝗱𝗲𝗱:
🖼️ 100 high-resolution PNG files (300 DPI)
🎨 A variety of playful themes

𝗪𝗵𝘆 𝗬𝗼𝘂’𝗹𝗹 𝗟𝗼𝘃𝗲 𝗜𝘁:
✓ Instant digital download – no waiting!
✓ Mix-and-match styles for a cohesive room theme
✓ Budget-friendly way to transform your space again & again
✓ Designed with love to inspire joy, learning, and play

𝗛𝗼𝘄 𝗜𝘁 𝗪𝗼𝗿𝗸𝘀:
1. Purchase the listing
2. Download your files instantly via Etsy
3. Print at home, through an online service, or at a local print shop
4. Frame and display!

𝗦𝗶𝘇𝗲𝘀 𝗶𝗻𝗰𝗹𝘂𝗱𝗲𝗱:
➤ A Series (ISO)
Suitable for printing in: A1, A2, A3, A4, A5, A6
(59.4x84.1 cm, 42x59.4 cm, 29.7x42 cm, 21x29.7 cm, 14.8x21 cm, 10.5x14.8 cm)
➤ Ratio 5:7 ]
Suitable for printing in: 20x28”, 15x21”, 10x14”, 5x7”
(50.8x71.1 cm, 38.1x53.3 cm, 25.4x35.6 cm, 12.7x17.8 cm)
➤ Ratio 2:3
Suitable for printing in: 16x24”, 14x21”, 12x18”, 10x15”, 8x12”, 6x9”, 4x6”
(40.6x61 cm, 35.6x53.3 cm, 30.5x45.7 cm, 25.4x38.1 cm, 20.3x30.5 cm, 15.2x22.9 cm, 10.2x15.2 cm)
➤ Ratio 3:4
Suitable for printing in: 18x24”, 15x20”, 12x16”, 9x12”, 6x8”
(45.7x61 cm, 38.1x50.8 cm, 30.5x40.6 cm, 22.9x30.5 cm, 15.2x20.3 cm)
➤ Ratio 4:5
Suitable for printing in: 20x25”, 16x20”, 12x15”, 8x10”, 4x5”
(50.8x63.5 cm, 40.6x50.8 cm, 30.5x38.1 cm, 20.3x25.4 cm, 10.2x12.7 cm)

⚠️ A Note on Your Digital Keepsake

This is an INSTANT DIGITAL DOWNLOAD. No physical art or frame will be shipped. These files are carefully optimized for screen display and are NOT sized for physical printing.

License and Integrity

The purchase grants you a PERSONAL USE ONLY license. This art is intended to enhance your personal home display.

We kindly ask that you honor the artist's work: The files may not be shared, modified, altered, or resold in any form—digital or physical. Copyright remains with the creator.

We are dedicated to your complete satisfaction. Should any question arise, from download assistance to file clarity, please reach out via Etsy message. We are here to ensure your holiday story is perfect.

Bring the timeless charm and heartfelt story of Christmas to your living space. Download your ultimate art bundle today.",5,USD,59,"Christmas_Digital,Christmas_Art,Christmas_Prints","Digital Download,PDF File,Digital Instructions,Instant Download,Printable File",https://i.etsystatic.com/37058139/r/il/f9d508/7426564081/il_fullxfull.7426564081_30jh.jpg,https://i.etsystatic.com/37058139/r/il/30ff3f/7378642922/il_fullxfull.7378642922_a4gs.jpg,https://i.etsystatic.com/37058139/r/il/c8c432/7426564059/il_fullxfull.7426564059_3pjx.jpg,https://i.etsystatic.com/37058139/r/il/2cff70/7378642914/il_fullxfull.7378642914_k3z1.jpg,https://i.etsystatic.com/37058139/r/il/39e415/7378642938/il_fullxfull.7378642938_t2zc.jpg,https://i.etsystatic.com/37058139/r/il/510085/7426564073/il_fullxfull.7426564073_8rzy.jpg,https://i.etsystatic.com/37058139/r/il/e92e82/7426564087/il_fullxfull.7426564087_taar.jpg,https://i.etsystatic.com/37058139/r/il/dd5c79/7426564079/il_fullxfull.7426564079_bzva.jpg,https://i.etsystatic.com/37058139/r/il/af6ad7/7426564083/il_fullxfull.7426564083_p3oe.jpg,https://i.etsystatic.com/37058139/r/il/bc1f28/7378642934/il_fullxfull.7378642934_me7n.jpg,,,,,,,1
"Heavy Duty Workbench Plans with Storage Shelving (PDF Download)","Organize Your Workshop with Heavy-Duty DIY Workbench Plans!

Tired of a cluttered workspace? Build a professional-grade, sturdy workstation with our comprehensive workbench diy plan. This design features six reinforced open compartments, providing the ultimate diy shelving plans for your power tools, hardware organizers, and project materials. It is the perfect centerpiece for any garage or woodworking shop.

Whether you are a beginner or an experienced maker, these step-by-step table instructions will help you craft a durable, level, and highly functional woodworking shop plans bundle project that is built to withstand heavy use.

📐 WORKBENCH DIMENSIONS:

Overall Width: 41 1/16 inches
Overall Depth: 14 1/2 inches
Overall Height: 16 1/16 inches 

🛠️ WHAT IS INCLUDED IN THIS DIGITAL DOWNLOAD?

Detailed Building Plans: Clear, step-by-step instructions with 3D illustrations for a professional workbench build.
Comprehensive Material List: Know exactly what heavy-duty lumber and fasteners to buy.
Precise Cut List: Minimize wood waste and save money on your diy wood shelves.
Assembly Tips: Professional advice on ensuring a perfectly flat work surface and structural stability.

💡 WHY CHOOSE OUR PLANS?

Our shelves blueprints are engineered for maximum weight capacity and organization. Building your own workshop table is far more durable than buying flimsy, mass-produced benches. This design allows you to keep your most-used tools within arm's reach while providing a rock-solid surface for your projects.

⚠️ PLEASE NOTE: This is a DIGITAL DOWNLOAD only. No physical items, tools, hardware, or lumber will be shipped. You will receive high-quality PDF files instantly upon purchase.",5,USD,99,"workbench_plans,diy_workbench,workshop_table,tool_storage_diy,garage_workbench,woodworking_bench,shop_plans_bundle,diy_shelving_plans,wood_table_plans,heavy_duty_bench,workbench_pdf,tool_organizer,woodworking_plans",Wood,https://i.etsystatic.com/37058139/r/il/010803/7814602205/il_fullxfull.7814602205_cfxk.jpg,https://i.etsystatic.com/37058139/r/il/47a7d2/7814602183/il_fullxfull.7814602183_jf5w.jpg,https://i.etsystatic.com/37058139/r/il/51483a/7766657410/il_fullxfull.7766657410_53kc.jpg,https://i.etsystatic.com/37058139/r/il/01b7a1/7814602207/il_fullxfull.7814602207_78io.jpg,https://i.etsystatic.com/37058139/r/il/8c65ae/7814602203/il_fullxfull.7814602203_cspl.jpg,https://i.etsystatic.com/37058139/r/il/dd70fd/7766657422/il_fullxfull.7766657422_lqha.jpg,https://i.etsystatic.com/37058139/r/il/15edb2/7814602245/il_fullxfull.7814602245_1v0a.jpg,https://i.etsystatic.com/37058139/r/il/4fb336/7814602237/il_fullxfull.7814602237_bxlu.jpg,https://i.etsystatic.com/37058139/r/il/07b486/7814602239/il_fullxfull.7814602239_jy8z.jpg,https://i.etsystatic.com/37058139/r/il/ffcb73/7814602249/il_fullxfull.7814602249_qmbb.jpg,,,,,,,1
"DIY Wall Mounted Wine Rack Plans | Bar Cabinet with Glass Storage (PDF Download)","Elevate Your Home Decor with a Premium DIY Wall Mounted Wine Rack!

Ready to create the perfect home bar experience? Build your own stunning and space-saving display with our comprehensive wall mounted wine rack plans. This elegant bar cabinet with glass storage features multiple shelves to display your favorite liquor and wine bottles, along with a built-in reverse glass hanging organizer for your stemware. It is the ultimate wall hanging mini bar project to upgrade your dining room, kitchen, or living area.

Whether you are looking for a weekend woodworking challenge or a stylish wine rack organizer to complete your home decor, these step-by-step blueprints will help you craft a professional-quality, beautiful wooden display.

📐 WINE RACK DIMENSIONS:

Overall Width: 43 1/2 inches
Overall Depth: 5 1/2 inches
Overall Height: 42 inches

🛠️ WHAT IS INCLUDED IN THIS DIGITAL DOWNLOAD?

Detailed Building Plans: Clear, step-by-step instructions with 3D illustrations for your diy mini bar project.
Comprehensive Material List: Know exactly what lumber and wall-anchoring hardware to buy.
Precise Cut List: Minimize wood waste and save money with our accurate home wine rack guide.
Assembly Tips: Professional advice on assembling the bottle shelves, routing the stemware holders, and securely mounting this heavy-duty unit to your wall.

💡 WHY CHOOSE OUR PLANS?

Building your own wooden wine rack is incredibly rewarding and allows you to customize the piece exactly to your taste. Finish it with a rich Rose Wood stain, a classic brown, or a modern paint to perfectly match your aesthetic. This solid wood design is far more durable and luxurious than mass-produced, flimsy store-bought racks.

⚠️ PLEASE NOTE: This is a DIGITAL DOWNLOAD only. No physical items, bottles, glasses, hardware, or lumber will be shipped. You will receive high-quality PDF files instantly upon purchase.",5,USD,100,"wine_rack_plan,wall_bar_cabinet,diy_mini_bar,glass_storage_rack,liquor_cabinet_diy,wall_wine_rack,home_bar_plans,hanging_wine_rack,wine_shelf_pdf,wood_wine_holder,bar_organizer,diy_furniture_plan,woodworking_plans",Wood,https://i.etsystatic.com/37058139/r/il/4092a3/7825322947/il_fullxfull.7825322947_oygc.jpg,https://i.etsystatic.com/37058139/r/il/b1c37b/7777394330/il_fullxfull.7777394330_s2s7.jpg,https://i.etsystatic.com/37058139/r/il/f0d39c/7777394336/il_fullxfull.7777394336_fhpc.jpg,https://i.etsystatic.com/37058139/r/il/060956/7777394344/il_fullxfull.7777394344_ci6t.jpg,https://i.etsystatic.com/37058139/r/il/10d174/7825322953/il_fullxfull.7825322953_n2km.jpg,https://i.etsystatic.com/37058139/r/il/6dee92/7777394332/il_fullxfull.7777394332_k3q8.jpg,https://i.etsystatic.com/37058139/r/il/7c0c26/7825323011/il_fullxfull.7825323011_18rx.jpg,https://i.etsystatic.com/37058139/r/il/1a395e/7825323009/il_fullxfull.7825323009_519i.jpg,https://i.etsystatic.com/37058139/r/il/f49833/7825323013/il_fullxfull.7825323013_jph7.jpg,https://i.etsystatic.com/37058139/r/il/7a6711/7777394386/il_fullxfull.7777394386_34wg.jpg,,,,,,,1
"DIY Wall Mounted Murphy Desk Plans | Fold Down Shelf Blueprint (PDF Download)","Maximize Your Space with Premium DIY Wall Mounted Murphy Desk Plans!

Struggling with limited floor space but need a dedicated home office? Build your own stylish and highly functional workspace with our comprehensive Murphy desk with shelf plans. This innovative multifunctional desk mounts directly to your wall and features a convenient fold down desk surface that effortlessly hides away when not in use.

Complete with built-in cubbies and shelving, this is the ultimate desk wall storage solution. Whether you need a compact work desk hide setup for your bedroom or a minimalist floating desk with keyboard space for your living room, these step-by-step woodworking blueprints make the build simple and rewarding.

📐 DESK DIMENSIONS (When Closed):

Overall Width: 36 3/4 inches
Overall Depth: 10 inches
Overall Height: 30 inches

🛠️ WHAT IS INCLUDED IN THIS DIGITAL DOWNLOAD?

Detailed Building Plans: Clear, step-by-step instructions with 3D illustrations for your wall mounted fold up desk.
Comprehensive Material List: Know exactly what lumber, folding hinges, and heavy-duty mounting hardware you need.
Precise Cut List: Minimize wood waste and save money on your wall desk wood project.
Assembly Tips: Professional advice on achieving perfect fold-down alignment and secure wall-mounting for safety.

💡 WHY CHOOSE OUR PLANS?

Building your own concealed wall desk is a fantastic way to get high-end ""smart furniture"" at a fraction of the retail cost. Unlike flimsy, mass-produced particleboard desks, this solid wood design offers superior durability. It’s an ideal project for DIYers looking to add extreme utility and modern style to small spaces.

⚠️ PLEASE NOTE: This is a DIGITAL DOWNLOAD only. No physical items, hardware, hinges, or lumber will be shipped. You will receive high-quality PDF files instantly upon purchase.",5,USD,100,"murphy_desk_plans,wall_mounted_desk,fold_down_desk,drop_down_desk,floating_desk_pdf,foldout_desk_diy,desk_wall_storage,concealed_desk_plan,space_saving_desk,wall_desk_wood,multifunctional_desk,diy_floating_desk,woodworking_plans",Wood,https://i.etsystatic.com/37058139/r/il/4c12f9/7777064628/il_fullxfull.7777064628_1475.jpg,https://i.etsystatic.com/37058139/r/il/dbd8ce/7824993087/il_fullxfull.7824993087_j9e1.jpg,https://i.etsystatic.com/37058139/r/il/612417/7824993083/il_fullxfull.7824993083_7xhn.jpg,https://i.etsystatic.com/37058139/r/il/af02e0/7824993095/il_fullxfull.7824993095_ls20.jpg,https://i.etsystatic.com/37058139/r/il/4832b7/7777064640/il_fullxfull.7777064640_jdz3.jpg,https://i.etsystatic.com/37058139/r/il/366927/7824993089/il_fullxfull.7824993089_8flr.jpg,https://i.etsystatic.com/37058139/r/il/10c16e/7777064642/il_fullxfull.7777064642_n63l.jpg,https://i.etsystatic.com/37058139/r/il/b1314d/7777064638/il_fullxfull.7777064638_ijqa.jpg,https://i.etsystatic.com/37058139/r/il/6093c8/7824993091/il_fullxfull.7824993091_ao85.jpg,https://i.etsystatic.com/37058139/r/il/ad6232/7777064664/il_fullxfull.7777064664_6s4v.jpg,,,,,,,1
"Modern Square Coffee Table Plans | Indoor Outdoor Woodworking Blueprint (PDF)","Add a Touch of Modern Elegance to Your Home with DIY Coffee Table Plans!

Looking for the perfect centerpiece for your living room, patio, or deck? Build your own stunning modern coffee table with our comprehensive woodworking plans. This unique, low-profile square design features a sturdy cross-base and a beautifully detailed quadrant top with rounded inner edges. It is a highly versatile indoor furniture plans project that works equally well as a durable outdoor coffee table.

Whether you are looking for an eye-catching woodworking coffee table to challenge your skills or a straightforward coffee table build guide for the weekend, these step-by-step instructions will help you craft a professional-quality, custom piece.

📐 COFFEE TABLE DIMENSIONS:

Overall Width: 23 5/8 inches
Overall Depth: 23 5/8 inches
Overall Height: 12 11/16 inches

🛠️ WHAT IS INCLUDED IN THIS DIGITAL DOWNLOAD?

Detailed Building Plans: Clear, step-by-step instructions with 3D illustrations for your diy coffee table.
Comprehensive Material List: Know exactly what lumber and hardware to buy.
Precise Cut List: Minimize wood waste and save money with our accurate coffee table digital plans.
Assembly Tips: Professional advice on framing the X-base, assembling the unique slatted top, and achieving a perfectly level surface.

💡 WHY CHOOSE OUR PLANS?

Building your own wood coffee table rounded design allows you to create high-end, designer-quality furniture at a fraction of the cost. This robust, modern piece is far more durable than mass-produced alternatives and can be customized with your favorite weather-resistant stain for outdoor use or a sleek finish for your living room.

⚠️ PLEASE NOTE: This is a DIGITAL DOWNLOAD only. No physical items, hardware, cushions, or lumber will be shipped. You will receive high-quality coffee table pdf files instantly upon purchase.",5,USD,100,"coffee_table_plans,diy_coffee_table,modern_coffee_table,square_coffee_table,outdoor_coffee_table,wood_coffee_table,coffee_table_pdf,low_coffee_table,woodworking_coffee,table_building_plans,coffee_table_design,diy_furniture_plans,woodworking_plans",Wood,https://i.etsystatic.com/37058139/r/il/2ce852/7825053373/il_fullxfull.7825053373_q4e8.jpg,https://i.etsystatic.com/37058139/r/il/e90b1a/7825053365/il_fullxfull.7825053365_p32o.jpg,https://i.etsystatic.com/37058139/r/il/7829ed/7825053375/il_fullxfull.7825053375_8im9.jpg,https://i.etsystatic.com/37058139/r/il/0d65da/7825053389/il_fullxfull.7825053389_a5t7.jpg,https://i.etsystatic.com/37058139/r/il/19cbeb/7825053387/il_fullxfull.7825053387_59xg.jpg,https://i.etsystatic.com/37058139/r/il/02877d/7825053385/il_fullxfull.7825053385_ikl8.jpg,https://i.etsystatic.com/37058139/r/il/76fb3e/7825053435/il_fullxfull.7825053435_e7u6.jpg,https://i.etsystatic.com/37058139/r/il/504579/7777125348/il_fullxfull.7777125348_6qek.jpg,https://i.etsystatic.com/37058139/r/il/506d73/7825053425/il_fullxfull.7825053425_j68l.jpg,https://i.etsystatic.com/37058139/r/il/e1b456/7825053431/il_fullxfull.7825053431_d5lb.jpg,,,,,,,1
"Vintage Christmas Prints Bundle | 100+ Holiday Digital Art (Download)","🌟 The Ultimate Vintage Holiday Collection: 100+ Digital Christmas Wall Art Bundle

Step Back in Time with Classic Holiday Charm

Instantly refresh your entire home for the festive season with this comprehensive 100+ piece Vintage Christmas Art Bundle. This curated collection is your passport to creating the perfect nostalgic holiday atmosphere, featuring beloved motifs like classic Santa Claus depictions, elegant Nutcrackers, traditional Christmas Trees, festive Wreaths, joyful Angels, cozy Winter Landscapes, and charming holiday Children.

The rich, textured, and slightly aged aesthetic of these digital prints perfectly complements Farmhouse, French Country, Cottagecore, and Traditional decor styles. Whether you're planning an elaborate gallery wall or adding subtle seasonal touches, this bundle provides unmatched versatility and value.

🎁 Key Features & Highlights

Massive Value: Over 100 unique, high-resolution vintage-inspired Christmas prints in one single bundle.

Thematic Diversity: Includes everything from delicate ornaments and ballerinas to sledding scenes and festive typography.

Flexible Decor: Ideal for creating stunning Gallery Walls, customizing Mantel Displays, decorating Kitchens, and adding holiday cheer to Bedrooms.

Instant Transformation: Download, print, and decorate—achieve a complete festive makeover in minutes!

A Timeless Look: Art that evokes the warmth and nostalgia of Christmases past.

📥 What You Receive: High-Resolution Digital Files

Upon completing your purchase, you will immediately receive two (2) PDF documents: a Detailed Download & Printing Guide and a secure Download Link (via Dropbox) to access all 300+ prints.

All artwork is provided as High-Resolution 300 DPI JPG Files to ensure superior print quality. Each unique image is available in FIVE (5) major international print sizes/ratios for maximum compatibility:

Available Print Ratios & Sizes (Inches | CM):

2:3 Ratio: Resizable for 4x6, 6x9, 8x12, 10x15, 12x18, 16x24, 20x30, 24x36 inches.

3:4 Ratio: Resizable for 6x8, 9x12, 12x16, 15x20, 18x24 inches.

4:5 Ratio: Resizable for 4x5, 8x10, 12x15, 16x20, 20x25, 24x30 inches.

ISO (International Paper Size): Resizable for 5x7 inches, A5, A4, A3, A2, A1.

Specific Size: Also includes a dedicated 11x14 inch file.

Custom Sizing: If you need a size that is not listed above, please send me a message! I am happy to create one (1) custom size for you per purchase at no extra charge.

⚠️ Important Notes: Usage and Printing Guidelines

This is an INSTANT DIGITAL DOWNLOAD. No physical product will be shipped to you.

Downloading and Printing Tips

Access: You can find your download links immediately via the confirmation email from Etsy or in the ""Purchases and Reviews"" section of your Etsy profile.

Recommended Method: To preserve the best image quality, we highly recommend downloading the files onto a computer (not a phone or tablet).

Printing: You can print these designs yourself at home, at a local print shop, or through an online printing service. We recommend using quality matte photo paper or card stock for home printing. Note that colors and final print quality may vary depending on the printer and paper used.

Thank you for bringing the joy of Christmas into every corner of your home!",7,USD,59,"Christmas_Digital,Christmas_Art,Christmas_Prints","Digital Download,PDF File,Digital Instructions,Instant Download,Printable File",https://i.etsystatic.com/37058139/r/il/98ade5/7418280837/il_fullxfull.7418280837_2x5l.jpg,https://i.etsystatic.com/37058139/r/il/b38060/7418280861/il_fullxfull.7418280861_b6qh.jpg,https://i.etsystatic.com/37058139/r/il/c7bf55/7370362068/il_fullxfull.7370362068_ock3.jpg,https://i.etsystatic.com/37058139/r/il/85863c/7370361988/il_fullxfull.7370361988_jk3y.jpg,https://i.etsystatic.com/37058139/r/il/3d23b9/7418280695/il_fullxfull.7418280695_sjm5.jpg,https://i.etsystatic.com/37058139/r/il/25773a/7370362004/il_fullxfull.7370362004_ph3p.jpg,https://i.etsystatic.com/37058139/r/il/834b44/7370362174/il_fullxfull.7370362174_rewj.jpg,https://i.etsystatic.com/37058139/r/il/6f07fc/7418281165/il_fullxfull.7418281165_nd2j.jpg,https://i.etsystatic.com/37058139/r/il/3632f3/7418281181/il_fullxfull.7418281181_hlwn.jpg,https://i.etsystatic.com/37058139/r/il/c30eea/7370362012/il_fullxfull.7370362012_3ekw.jpg,,,,,,,1
"DIY Outdoor Bench Plans | Simple Wood Deck Bench Blueprint | Modern Backless Garden Seating PDF","Build the Perfect Seating for Your Outdoor Oasis with DIY Bench Plans!

Looking for a sleek, modern, and incredibly sturdy seating solution? Build your own beautiful piece of furniture with our comprehensive outdoor bench plan. This minimalist, slatted backless design is highly versatile—use it as a simple bench for yard, a relaxing bench deck wood addition, or even as stylish seating for your outdoor dining table.
Whether you are a beginner looking for straightforward wood working projects or an experienced DIYer wanting a robust wooden furniture build for the weekend, these step-by-step blueprints will guide you to a flawless finish.

📐 BENCH DIMENSIONS:

Overall Width: 224.8 cm
Overall Depth: 41.9 cm
Overall Height: 48.3 cm

🛠️ WHAT IS INCLUDED IN THIS DIGITAL DOWNLOAD?

Detailed Building Plans: Clear, step-by-step instructions with 3D illustrations for your diy woodworking plans project.
Comprehensive Material List: Know exactly what weather-resistant lumber and hardware to buy.
Precise Cut List: Minimize wood waste and save money with our accurate wood bench plans.
Assembly Tips: Professional advice on framing the sturdy base, spacing the slatted top perfectly, and ensuring a rock-solid, wobble-free seating surface.

💡 WHY CHOOSE OUR PLANS?

Building your own outdoor wooden bench is a fantastic and budget-friendly weekend project. Unlike flimsy, mass-produced store furniture, this solid wood design is built to withstand heavy use and outdoor elements. Plus, you can customize the finish with your favorite outdoor stain or paint to perfectly match your deck or patio!

⚠️ PLEASE NOTE: This is a DIGITAL DOWNLOAD only. No physical items, hardware, or lumber will be shipped. You will receive high-quality PDF files instantly upon purchase.",5,USD,100,"outdoor_bench_plan,wood_bench_plans,diy_outdoor_bench,deck_bench_build,simple_yard_bench,backless_bench_diy,garden_bench_plan,modern_wood_bench,wooden_bench_pdf,diy_wood_projects,patio_seating_plan,furniture_build_plan,woodworking_plans",Wood,https://i.etsystatic.com/37058139/r/il/17f43c/7825457721/il_fullxfull.7825457721_anco.jpg,https://i.etsystatic.com/37058139/r/il/09ebcb/7777530344/il_fullxfull.7777530344_i8db.jpg,https://i.etsystatic.com/37058139/r/il/2e2015/7825457687/il_fullxfull.7825457687_3geo.jpg,https://i.etsystatic.com/37058139/r/il/3e8214/7825457681/il_fullxfull.7825457681_eeo8.jpg,https://i.etsystatic.com/37058139/r/il/a7d0ae/7825457693/il_fullxfull.7825457693_sr41.jpg,https://i.etsystatic.com/37058139/r/il/b7d7ac/7777530488/il_fullxfull.7777530488_elaf.jpg,https://i.etsystatic.com/37058139/r/il/0598c4/7777530546/il_fullxfull.7777530546_noy6.jpg,https://i.etsystatic.com/37058139/r/il/8c8134/7777530556/il_fullxfull.7777530556_gltw.jpg,https://i.etsystatic.com/37058139/r/il/478b07/7777530540/il_fullxfull.7777530540_rx31.jpg,https://i.etsystatic.com/37058139/r/il/4d63e5/7825457787/il_fullxfull.7825457787_6jml.jpg,,,,,,,1
"DIY Lift Top Coffee Table Plans | Mid-Century Modern Storage Blueprint (Digital Download)","Upgrade Your Living Room with a Premium DIY Lift Top Coffee Table!

Are you looking for the perfect blend of style and functionality? Build your own stunning, multifunctional centerpiece with our comprehensive coffee table blueprint. Featuring a sleek mid-century modern design with a built-in drawer, open display shelves, and a hidden compartment, this project is the ultimate DIY coffee table with storage.

Whether you are working from the couch or enjoying a meal in front of the TV, the elevated top provides maximum convenience. These clear, step-by-step table instructions will guide woodworkers through creating a high-quality, custom piece of furniture.

📐 COFFEE TABLE DIMENSIONS:

Overall Width: 73 1/2 inches
Overall Depth: 28 3/4 inches
Overall Height: 31 11/16 inches

🛠️ WHAT IS INCLUDED IN THIS DIGITAL DOWNLOAD?

Detailed Building Plans: Clear, step-by-step instructions with 3D illustrations.
Comprehensive Material List: Know exactly what lumber and lift-top hardware to buy.
Precise Cut List: Minimize wood waste and save money on your build.
High-Quality Lift Top Coffee Table PDF: Instantly download and view on your devices or print it out for the workshop.
Assembly Tips: Everything you need to know, from attaching the angled legs to properly installing the lifting mechanism and drawer slides.

💡 WHY CHOOSE OUR PLANS?

Stop overpaying for factory-made furniture. This wooden coffee table digital product provides a sturdy, elegant design that offers both hidden and display storage, helping you keep your living space organized and clutter-free. It is a highly rewarding project that brings incredible utility and style to your home.

⚠️ PLEASE NOTE: This is a DIGITAL DOWNLOAD only. No physical items, hardware (including the lift mechanism), or lumber will be shipped. You will receive the coffee table PDF files instantly upon purchase.

Start your woodworking project today and transform your living space with this multifunctional design!",5,USD,100,"lift_top_table,coffee_table_pdf,diy_coffee_table,table_with_storage,coffee_table_plan,wood_coffee_table,table_blueprint,modern_coffee_table,diy_furniture_pdf,woodworking_plans,mid_century_table,living_room_table,wooden_table_plan",Wood,https://i.etsystatic.com/37058139/r/il/17c972/7814349349/il_fullxfull.7814349349_4sxz.jpg,https://i.etsystatic.com/37058139/r/il/15c72a/7766404284/il_fullxfull.7766404284_ne7h.jpg,https://i.etsystatic.com/37058139/r/il/1f6e0b/7814349357/il_fullxfull.7814349357_smdw.jpg,https://i.etsystatic.com/37058139/r/il/89df1e/7766404418/il_fullxfull.7766404418_4ibm.jpg,https://i.etsystatic.com/37058139/r/il/b5aa28/7814349361/il_fullxfull.7814349361_s5zc.jpg,https://i.etsystatic.com/37058139/r/il/e95e1d/7814349377/il_fullxfull.7814349377_3ddz.jpg,https://i.etsystatic.com/37058139/r/il/102eca/7766404412/il_fullxfull.7766404412_2gtq.jpg,https://i.etsystatic.com/37058139/r/il/2eb124/7766404448/il_fullxfull.7766404448_kzlv.jpg,https://i.etsystatic.com/37058139/r/il/ab6966/7766404464/il_fullxfull.7766404464_olhp.jpg,,,,,,,,1
"DIY Floating Shelf Plan | Modern X Shaped Wall Shelf Blueprint | Geometric Bookcase Woodworking Plans","Add a Modern Touch to Your Home with DIY Geometric Floating Shelf Plans!

Tired of boring, flat shelves? Elevate your home decor with our unique and stylish floating shelf pattern. This X-shaped geometric design serves as both a functional storage solution and a stunning piece of wall art. Perfect for displaying books, small plants, or your favorite collectibles, these floating shelf plans are designed to bring a contemporary aesthetic to any room.

Whether you are looking for diy wall shelf inspiration for your living room or kitchen shelf plans with a twist, our step-by-step shelves blueprints will guide you through the process of creating this high-quality, custom piece.

📐 WALL SHELF DIMENSIONS:

Overall Width: 14 inches
Overall Depth: 5 1/2 inches
Overall Height: 9 7/8 inches

🛠️ WHAT IS INCLUDED IN THIS DIGITAL DOWNLOAD?

Detailed Building Plans: Clear, step-by-step instructions with 3D illustrations for the floating shelf diy plans.
Comprehensive Material List: Know exactly what lumber and mounting hardware to buy.
Precise Cut List: Minimize wood waste and save money on your diy wood shelves project.
Assembly Tips: Professional advice on achieving the perfect geometric angles and secure wall mounting.

💡 WHY CHOOSE OUR PLANS?

Building your own floating shelves wood plans is far more rewarding than buying mass-produced decor. This sturdy, interlocking design is a great weekend project for woodworkers of all skill levels. It’s the ultimate bookcase woodworking plans for those who appreciate modern, minimalist design.

⚠️ PLEASE NOTE: This is a DIGITAL DOWNLOAD only. No physical items, books, decor, or lumber will be shipped. You will receive high-quality PDF files instantly upon purchase.",5,USD,100,"floating_shelf,wall_shelf_plans,diy_wall_shelf,geometric_shelf,wood_shelf_plans,floating_shelf_diy,shelves_blueprints,modern_shelf_diy,bookcase_plans,shelves_template,diy_wood_shelf,shelving_plans,woodworking_plans",Wood,https://i.etsystatic.com/37058139/r/il/ae6e00/7766578636/il_fullxfull.7766578636_f3qy.jpg,https://i.etsystatic.com/37058139/r/il/a12e3c/7766578548/il_fullxfull.7766578548_dcqq.jpg,https://i.etsystatic.com/37058139/r/il/6824e6/7814524073/il_fullxfull.7814524073_c6cg.jpg,https://i.etsystatic.com/37058139/r/il/0507ca/7814524041/il_fullxfull.7814524041_45qs.jpg,https://i.etsystatic.com/37058139/r/il/4fde4f/7814524139/il_fullxfull.7814524139_j0v0.jpg,https://i.etsystatic.com/37058139/r/il/d8e8bb/7814524125/il_fullxfull.7814524125_gkap.jpg,https://i.etsystatic.com/37058139/r/il/65f160/7766578812/il_fullxfull.7766578812_c671.jpg,https://i.etsystatic.com/37058139/r/il/5f8e81/7766578830/il_fullxfull.7766578830_6az6.jpg,https://i.etsystatic.com/37058139/r/il/e546aa/7814524193/il_fullxfull.7814524193_s4uq.jpg,,,,,,,,1
"DIY Corner Bookshelf With Cabinet Plans | Wood Cabinet Bookcase Blueprint","Maximize Your Space with Premium DIY Corner Bookshelf & Cabinet Plans!

Tired of awkward, wasted corner spaces? Turn any empty nook into a beautiful and functional feature with our comprehensive corner bookshelf plans. This elegant woodworking project combines open shelving for displays with an integrated lower corner cabinet for concealed storage, creating the ultimate space-saving solution.

Whether you are designing a cozy library nook, organizing a home office, or adding character to your living room, these step-by-step DIY corner bookshelf instructions are suitable for both beginner and advanced woodworkers. It is the perfect blend of modern style and practical functionality.

📐 BOOKSHELF DIMENSIONS:

Overall Width: 16 1/2 inches
Overall Depth: 16 1/8 inches
Overall Height: 62 1/4 inches

🛠️ WHAT IS INCLUDED IN THIS DIGITAL DOWNLOAD?

Detailed Building Plans: Clear, step-by-step instructions with 3D illustrations.
Comprehensive Material List: Know exactly what hardware and lumber to buy.
Precise Cut List: Minimize wood waste and save money on your bookshelf DIY project.
Assembly Tips: Everything you need to know, from building the sturdy frame to installing the cabinet doors.
Tool List: A recommended list of tools needed for a successful build.

💡 WHY CHOOSE OUR PLANS?

 Building your own nook furniture is more affordable than buying high-end pieces, and it ensures a perfect fit for your home. This wood corner bookcase design features a modern, clean aesthetic that elevates any room's decor. It is a highly rewarding project that transforms an unused corner into a stunning focal point.

⚠️ PLEASE NOTE: This is a DIGITAL DOWNLOAD only. No physical items, books, decor, hardware, or lumber will be shipped. You will receive high-quality PDF files instantly upon purchase.

Start your woodworking project today and add stylish organization to your home!",5,USD,100,"corner_bookshelf,diy_corner_shelf,bookcase_designs,nook_furniture,cozy_library,corner_cabinet_plan,wood_bookcase,bookshelf_build,bookshelf_plans,corner_book_shelf,tall_corner_shelf,woodworking_plans,diy_furniture_pdf",Wood,https://i.etsystatic.com/37058139/r/il/175db8/7814330859/il_fullxfull.7814330859_jvv3.jpg,https://i.etsystatic.com/37058139/r/il/2efa76/7814330869/il_fullxfull.7814330869_k4s4.jpg,https://i.etsystatic.com/37058139/r/il/e3e192/7814330883/il_fullxfull.7814330883_qo0e.jpg,https://i.etsystatic.com/37058139/r/il/f76d1e/7766385516/il_fullxfull.7766385516_mixd.jpg,https://i.etsystatic.com/37058139/r/il/452b7c/7766385518/il_fullxfull.7766385518_buxu.jpg,https://i.etsystatic.com/37058139/r/il/238d9e/7766385514/il_fullxfull.7766385514_lhq3.jpg,https://i.etsystatic.com/37058139/r/il/d011e8/7814330895/il_fullxfull.7814330895_19qw.jpg,https://i.etsystatic.com/37058139/r/il/c2ff2d/7814330873/il_fullxfull.7814330873_5ltn.jpg,https://i.etsystatic.com/37058139/r/il/e42e5a/7814330901/il_fullxfull.7814330901_rpsi.jpg,,,,,,,,1
"Tiered Flower Box Woodworking Plans | Vertical Garden Planter Stand Blueprint (Digital Download)","Bring Your Garden to Life with Premium DIY Tiered Flower Box Plans!

Ready to elevate your gardening game? Build your own stunning vertical garden with our comprehensive planter stand plans. Whether you want a beautiful floral display for your patio or practical herb planter blueprints for fresh daily cooking, this tiered stand is the perfect DIY garden box project for your home.
Designed for woodworkers and garden lovers alike, these step-by-step raised planter box instructions make it easy to create a durable, attractive wood plant box that saves space and keeps your plants perfectly organized.

📐 PLANTER DIMENSIONS:

Overall Width: 40 13/16 inches
Overall Depth: 30 inches
Overall Height: 43 inches

🛠️ WHAT IS INCLUDED IN THIS DIGITAL DOWNLOAD?

Detailed Building Plans: Clear, step-by-step instructions with 3D illustrations.
Comprehensive Material List: Know exactly what lumber and hardware to buy.
Precise Cut List: Minimize wood waste and save money on your planter box DIY plans.
Measurements: Easy-to-follow dimensions to ensure a sturdy and symmetrical build.
Assembly Tips: Everything you need to know, from framing the angled legs to attaching each flower box securely.

💡 WHY CHOOSE OUR PLANS?

Building your own outdoor furniture using our tall planter plans is a highly rewarding and cost-effective way to upgrade your space. This multi-tier design maximizes sunlight for all your flowers and herbs while keeping them elevated and easier to water. It is simply one of the best garden planter plans for adding instant charm to your porch, balcony, or backyard!

⚠️ PLEASE NOTE: This is a DIGITAL DOWNLOAD only. No physical items, soil, plants, hardware, or lumber will be shipped. You will receive high-quality PDF files instantly upon purchase.

Start your woodworking project today and watch your beautiful garden bloom!",5,USD,100,"planter_stand_plans,raised_planter_box,flower_box_plans,herb_planter_plan,diy_garden_box,wood_plant_box,tall_planter_plans,garden_planter_plans,planter_box_diy,5_tier_planter,tiered_planter_box,vertical_garden_diy,woodworking_plans",Wood,https://i.etsystatic.com/37058139/r/il/c82cdc/7814310421/il_fullxfull.7814310421_lx0b.jpg,https://i.etsystatic.com/37058139/r/il/007bc9/7814310353/il_fullxfull.7814310353_7bnh.jpg,https://i.etsystatic.com/37058139/r/il/78f7bf/7814310379/il_fullxfull.7814310379_1qrb.jpg,https://i.etsystatic.com/37058139/r/il/cf19b6/7814310415/il_fullxfull.7814310415_g8p2.jpg,https://i.etsystatic.com/37058139/r/il/729813/7766364910/il_fullxfull.7766364910_j8xq.jpg,https://i.etsystatic.com/37058139/r/il/9014f2/7766364946/il_fullxfull.7766364946_elfe.jpg,https://i.etsystatic.com/37058139/r/il/1836c5/7766364934/il_fullxfull.7766364934_k1b7.jpg,https://i.etsystatic.com/37058139/r/il/a2fef2/7766364972/il_fullxfull.7766364972_67f3.jpg,https://i.etsystatic.com/37058139/r/il/6ffb92/7766364978/il_fullxfull.7766364978_jhfw.jpg,,,,,,,,1
"DIY Catio Plans","👑 The ULTIMATE DIY Walk-In Catio Plans: Build Your Cat's Dream Outdoor Paradise! ☀️

STOP confining your adventurous cat indoors! This is the game-changer you've been searching for. With these comprehensive, beginner-friendly DIY Catio Plans, you can build a massive, safe, and stunning outdoor haven that will enrich your feline's life and give you total peace of mind—all for a fraction of the cost of a custom-built enclosure!

Why This Catio is a Must-Build Project:

(These features sell the solution to their biggest problems: cost, complexity, and access.)

HUGE Savings, HUGE Space: Skip the $2,000+ price tag! Our plan lets you build a robust structure with generous dimensions: 8 ft wide x 6 ft deep x 100 in high. That's a true walk-in sanctuary for you and your pets.

Seamless Home Integration: Say goodbye to awkward cat flaps! The design is meant to be easily attached to one already existing wall and connects directly to your house window. Your cat has 24/7 access to sun, fresh air, and playtime, meaning you will NOT need a litter box outside.

The Weekend Project: Crafted for the everyday DIYer! These plans are beginner friendly and guide you from start to finish. You can achieve this sturdy construction and have your Catio ready in a single weekend.

Multi-Cat Heaven: Built to house multiple cats comfortably, with plenty of vertical space for shelves, perches, and toys (not included in the plans, but highly encouraged!).

What You Get: Everything You Need for a Flawless Build
Take the guesswork out of your next woodworking project. For the low price of these plans (materials estimated at just around $350 USD), you receive the complete blueprint:

✅ Pro-Grade, Step-by-Step Instructions: No confusing jargon—just clear, simple language.
✅ Crystal-Clear Visuals: Includes 3D images and detailed diagrams for every joint and measurement.
✅ Full Construction Lists: Get a guaranteed Shopping List and an optimized Cutting List to eliminate waste and prevent extra hardware store trips.
✅ US Measurements Only: All plans are in the easy-to-use US measurements (feet and inches).

IMPORTANT: Instant Download Details

This is a digital product: a downloadable PDF file sent automatically by Etsy right after purchase. NO physical materials or catio are shipped.

Have a question during the build? Send a message! We're here to support your project.

Stop scrolling and start building! Download the plans today and give your beloved cat the safe, stimulating outdoor life they deserve.",9,USD,71,DIY_Catio_Plans,"Digital Download,PDF File,Digital Instructions,Instant Download,Printable File",https://i.etsystatic.com/37058139/r/il/406c9d/7246441554/il_fullxfull.7246441554_lly2.jpg,https://i.etsystatic.com/37058139/r/il/f39e79/7294401661/il_fullxfull.7294401661_5kv5.jpg,https://i.etsystatic.com/37058139/r/il/d36410/7246441588/il_fullxfull.7246441588_82zq.jpg,https://i.etsystatic.com/37058139/r/il/a4243c/7294401691/il_fullxfull.7294401691_21e1.jpg,https://i.etsystatic.com/37058139/r/il/4c0289/7294401671/il_fullxfull.7294401671_bxld.jpg,https://i.etsystatic.com/37058139/r/il/2e4cea/7294401757/il_fullxfull.7294401757_8zag.jpg,https://i.etsystatic.com/37058139/r/il/846c37/7246441558/il_fullxfull.7246441558_kbum.jpg,https://i.etsystatic.com/37058139/r/il/233194/7246441636/il_fullxfull.7246441636_t73z.jpg,https://i.etsystatic.com/37058139/r/il/35f501/7246441642/il_fullxfull.7246441642_dtkr.jpg,https://i.etsystatic.com/37058139/r/il/f9ac22/7286099401/il_fullxfull.7286099401_ooi8.jpg,,,,,,,1
"Costco Trunk or Treat Printables | Halloween Car Decor (Digital Download)","🎃 Get Ready to Wholesale Fun! Costco-Themed Trunk or Treat Printables 🌭

Looking for a fun, creative, and instantly recognizable theme for your next Trunk or Treat event? Our Costco Wholesale Club Trunk or Treat Printables are the perfect solution! Transform your trunk into a mini-warehouse full of Halloween goodies and everyone's favorite bulk buys.

📦 What Makes Our Printables a ""Wholesale"" Hit?
This comprehensive, editable digital download pack gives you everything you need to create a spectacular, on-brand Costco-themed display. Forget boring decorations—this is Halloween, bulk-style!

Easy to Customize: Designed with ease in mind! You'll receive Canva template files that allow you to quickly and easily edit text, making them perfect for personalizing staff badges, prices, or menu items.

Ready-to-Print Convenience: We also include non-editable, easy-print PDF files for a quick setup. Just download and print!

Versatile Sizing: Choose the perfect fit for your display! All files are provided in two popular printing sizes: 8.5x11 inches (standard letter) and 11x17 inches (ledger/tabloid).

Print Anywhere: Print easily from the comfort of your home or take the files to your local print shop (like Staples, Office Depot, or FedEx Office).

🛒 The Ultimate Costco Trunk or Treat Kit Includes:
Create a memorable, high-quality setup with signage and decor inspired by the beloved warehouse club:

""TRUNK OR TREAT"" Signage: Eye-catching banners for your trunk door.

""TRICK OR TREAT"" Signage: Classic Halloween messaging with a Costco look.

Costco-Style Store Hours Sign: For a realistic touch!

Iconic Food Court Sign: Directing trick-or-treaters to the best-priced candy.

""KIRKLAND SIGNATURE CANDY"" Aisle Signage: The ultimate ""bulk"" candy branding.

Entrance & Exit Signs: Directing the flow of little shoppers.

Restroom Signage: A helpful sign for any event space.

Price Signs: Including a fun ""FREE"" price sign for your treats!

""10 BONUS"" & ""All In One"" Graphic Accents: For added flair!

💻 How It Works:
Purchase & Download: Complete your order and receive the link to your files instantly.

Edit (Optional): Open the Canva file on your computer, tablet, or phone to customize any text you like.

Print: Use the PDF or your edited Canva design to print at home or a local print shop.

Decorate: Set up your trunk and watch the smiles roll in!

Transform your event into a mini-Costco experience this Halloween! Download, customize, and print your way to the most creative Trunk or Treat display on the block!",10,USD,169,"Costco_Invite,Costco_Printable,Costco_Digital,Costco_Cake_Topper,Costco_Favor_Tags,Costco_Party_Games,Costco_Birthday,Printable_Costco,Costco_Themed,Costco_Supplies,Customizable_Signs,Trunk_Or_Treat","Digital File,PDF,Canva Editable,Printable,Instant Download,Customizable Template,Party Kit,Party Decorations,Birthday Supplies,Themed Party,Event Planning,DIY Party,Digital Product",https://i.etsystatic.com/37058139/r/il/ba8181/7310592162/il_fullxfull.7310592162_g7rb.jpg,https://i.etsystatic.com/37058139/r/il/d2c77e/7358554695/il_fullxfull.7358554695_lxy5.jpg,https://i.etsystatic.com/37058139/r/il/34409c/7310591922/il_fullxfull.7310591922_boko.jpg,https://i.etsystatic.com/37058139/r/il/c8c5d7/7310592006/il_fullxfull.7310592006_fpj1.jpg,https://i.etsystatic.com/37058139/r/il/35d2d1/7358554721/il_fullxfull.7358554721_q0cw.jpg,https://i.etsystatic.com/37058139/r/il/6e5653/7310592068/il_fullxfull.7310592068_3dd6.jpg,https://i.etsystatic.com/37058139/r/il/63720d/7358554553/il_fullxfull.7358554553_j5r9.jpg,https://i.etsystatic.com/37058139/r/il/b63e69/7358554679/il_fullxfull.7358554679_t2w0.jpg,https://i.etsystatic.com/37058139/r/il/4b5a13/7358554617/il_fullxfull.7358554617_56gc.jpg,https://i.etsystatic.com/37058139/r/il/515b72/7358554619/il_fullxfull.7358554619_p5no.jpg,,,,,,,1
"Oval Dining Table Plans | Modern Farmhouse Woodworking (Digital PDF Download)","Are you looking to host unforgettable family dinners but shocked by the price tags of high-end, custom furniture? Create a breathtaking focal point for your home with these comprehensive dining table DIY plans. This design beautifully blends a modern oval silhouette with a trendy slatted (fluted) base, making it a stunning statement piece that elevates both contemporary and farmhouse style interiors.

At a massive 96 inches long (8 feet!), these dining table plans large are specifically designed to give you all the space you need. Forget flimsy, store-bought particleboard; our detailed wood build plans will help you craft a rock-solid, solid wood piece. If you have been searching for the perfect dining table 8 people plans, your search ends here.

Worried that an 8-foot table is too complex to build? Don't be! We designed this guide to be the ultimate table blue print. It is structured perfectly as a kitchen table beginner 8ft project. Our step-by-step woodworking plans break down the process into easily digestible, visual steps, taking the intimidation out of building large-scale furniture.

(Designer Note: This specific table features a 38"" height, making it a fantastic ""Counter Height"" dining table—perfect for pairing with counter stools and creating an engaging, elevated dining or hosting experience!)

🔨 Why You Will Love Building This Table:

Massive 8-Foot Capacity: Easily seats 8+ people, offering incredible space for entertaining and holidays.
Premium Aesthetic: The trendy oval top and fluted base give you a $3000+ designer look on a DIY budget.
Beginner-Friendly: Foolproof, highly visual diy blueprints make this an achievable weekend project.
Versatile Style: Seamlessly fits as a modern centerpiece or a statement farmhouse table.

📐 Overall Dimensions:

Overall Width: 96"" (8 Feet)
Overall Depth: 48""
Overall Height: 38"" (Counter Height)

📥 What’s Inside Your Digital PDF Download?

Instant Access: Start your diy dining table project immediately after purchase.
Detailed 3D Illustrations: Visual guides for every single step of the assembly.
Complete Material & Tool Lists: Shop efficiently with zero guesswork at the hardware store.
Precise Cut List: Maximize your lumber, minimize waste, and save money.

(Friendly Reminder: This is a DIGITAL DOWNLOAD for woodworking plans. No physical item will be shipped to you.)

Ready to build the centerpiece your dining room deserves? Download your plans today, grab your tools, and let's get building!",8,USD,76,"dining_table_plans,farmhouse_table_plan,woodworking_plans,8ft_kitchen_table,oval_dining_table,counter_height_table,slatted_table_base,diy_furniture_plans,8_person_table_diy,large_dining_table,fluted_table_plan,wood_build_plans,diy_kitchen_table","Digital Download,PDF File,Digital Instructions,Instant Download,Printable File",https://i.etsystatic.com/37058139/r/il/bfa1b1/7787857549/il_fullxfull.7787857549_ngbt.jpg,https://i.etsystatic.com/37058139/r/il/f0f33c/7787857521/il_fullxfull.7787857521_d941.jpg,https://i.etsystatic.com/37058139/r/il/af4b56/7739901952/il_fullxfull.7739901952_7gj2.jpg,https://i.etsystatic.com/37058139/r/il/54846d/7787857545/il_fullxfull.7787857545_1v0u.jpg,https://i.etsystatic.com/37058139/r/il/96186d/7787857537/il_fullxfull.7787857537_1jqo.jpg,https://i.etsystatic.com/37058139/r/il/87acbc/7739901966/il_fullxfull.7739901966_fi72.jpg,https://i.etsystatic.com/37058139/r/il/2f6c06/7787857539/il_fullxfull.7787857539_e3h9.jpg,https://i.etsystatic.com/37058139/r/il/29477c/7739901978/il_fullxfull.7739901978_ilij.jpg,https://i.etsystatic.com/37058139/r/il/23fc5f/7739901976/il_fullxfull.7739901976_jbxi.jpg,https://i.etsystatic.com/37058139/r/il/ab99b4/7787857559/il_fullxfull.7787857559_k9hg.jpg,,,,,,,1
"Costco Birthday Party Invitation Template | Editable Canva Invite (5x7 inches)","Get ready to celebrate big with our Costco-themed birthday invite! This fully editable invitation is inspired by the Costco receipt!

Why settle for a small gathering when you can have a warehouse-sized bash?

Perfect for all ages, this invite is a great way to say, ""Come for the cake, stay for the savings!"" Whether it's a kid's party or a grown-up celebration, get ready to cart away some unforgettable memories!

Make your birthday party a wholesale hit!

***********

This is a super easy-to-use, editable party invite you can download and print. It’s made with Canva, so you can customize it however you like!

Just tweak the wording to fit your vibe, then share it via text, email, or social media. After you buy, you’ll get an email with a link to personalize your invite in Canva. Once you’re done, download it to share on your phone or print it out!

Size: 5 x 7 inches

Make sure your Etsy account has the correct email so you get your template link.",4,USD,6,,,https://i.etsystatic.com/37058139/r/il/249ffc/6876406523/il_fullxfull.6876406523_lwvc.jpg,https://i.etsystatic.com/37058139/r/il/71faf6/6876406519/il_fullxfull.6876406519_gxhc.jpg,https://i.etsystatic.com/37058139/r/il/fc5bf7/6828431642/il_fullxfull.6828431642_ihhl.jpg,https://i.etsystatic.com/37058139/r/il/9924a5/6876406529/il_fullxfull.6876406529_1la1.jpg,https://i.etsystatic.com/37058139/r/il/095a45/6828431644/il_fullxfull.6828431644_4382.jpg,https://i.etsystatic.com/37058139/r/il/843e66/6876406521/il_fullxfull.6876406521_g461.jpg,,,,,,,,,,,1
"Wholesale Club Costume SVG Pack: Halloween Costume | Personalized Apron Design (Digital Download)","Unleash Your Creativity & Own Halloween with the Ultimate DIY Costume Hack!

Stop overpaying for flimsy, generic store-bought costumes! This comprehensive digital pack gives you everything you need to create a high-quality, fully personalized Wholesale Club / Employee / Superfan costume—all at a fraction of the cost.

👻 What Makes This the PERFECT Halloween Pack?

This bundle provides the essential core graphics for the most popular, recognizable, and affordable DIY costume of the year.

Included Designs for Custom Costumes:

Customizable Logo Designs: Features the classic Wholesale Club Logo style, plus options to personalize with ""YOUR NAME"" or ""YOUR NAME SIGNATURE"" to turn a simple, inexpensive apron or t-shirt into a perfect uniform.

Signature Branding: ""Signature"" style designs for a realistic touch on accessories or clothing tags.

Celebration & Event Text: ""Happy Birthday"" and ""Welcome to the Party"" in the iconic font—perfect for those satirical ""Birthday Party Guest"" or ""New Member"" costumes.

Trendy Pop Culture Text: A fun ""In May Wholesale Era"" design for a unique, modern twist on the theme.

✨ File Formats & Why Our Pack is the Smart Choice
You will receive high-quality SVG, PNG, and JPG files, ready for seamless use.

SVG (Scalable Vector): Ideal for cutting vinyl for hats, aprons, and t-shirts using Cricut or Silhouette. It is perfectly scalable for any size uniform item.

PNG (Transparent Background): Perfect for printing onto iron-on transfer paper or for sublimation, giving you a quick, no-cut application option with crisp, high-resolution graphics.

MAXIMUM COSTUME. MINIMUM SPEND.

Why settle for expensive, ill-fitting attire? This digital pack is the ultimate budget hack. Use our files to transform any basic garment—from a hat to an apron to a tote bag—creating a high-quality, professional-looking costume that fits your budget and your style perfectly.

📌 Please Note (Essential Costume Info):

DIGITAL PRODUCT ONLY: This is strictly a digital download; no physical item (apron, hat, shirt, etc.) will be shipped to you.

Usage: Files are for personal use and small commercial use (e.g., making the costume for yourself or friends). Please refer to our shop policies for detailed commercial use terms.

Required Tools: Basic knowledge of a cutting machine (Cricut/Silhouette) or printing process is required to use these files.

Don't wait until the costumes sell out! Get your essential DIY pack now and guarantee the best, most customized costume at the party!",7,USD,378,"Costco_Food_Court,Price_Tag_Template,Costco_Birthday,Digital_Download,Party_Decor,Restaurant_Sign,Instant_Download,Custom_Sign,Costco_Font_SVG,Costco_Font_PNG,Costco_Apron,Halloween_Costume,Halloween","Digital File,PNG,JPG,PDF,Canva Link,High Resolution,Printable",https://i.etsystatic.com/37058139/r/il/53c804/7283952144/il_fullxfull.7283952144_ixd6.jpg,https://i.etsystatic.com/37058139/r/il/511e7e/7028916862/il_fullxfull.7028916862_tbrp.jpg,https://i.etsystatic.com/37058139/r/il/94c1c2/7331897591/il_fullxfull.7331897591_4anf.jpg,https://i.etsystatic.com/37058139/r/il/95f522/7076895537/il_fullxfull.7076895537_nhdb.jpg,https://i.etsystatic.com/37058139/r/il/ceee18/7283952146/il_fullxfull.7283952146_rw95.jpg,https://i.etsystatic.com/37058139/r/il/6b7115/7283952162/il_fullxfull.7283952162_mrrv.jpg,https://i.etsystatic.com/37058139/r/il/161c9f/7283952148/il_fullxfull.7283952148_my6v.jpg,https://i.etsystatic.com/37058139/r/il/9bbe14/7283952164/il_fullxfull.7283952164_1j3z.jpg,https://i.etsystatic.com/37058139/r/il/89de10/7028916860/il_fullxfull.7028916860_56vv.jpg,https://i.etsystatic.com/37058139/r/il/e59b49/7076895541/il_fullxfull.7076895541_tufw.jpg,,,,,,,1
"Rustic Potting Bench Plans | Outdoor Garden Workstation PDF","Rustic Garden Workstation PDF Plans

Unlock your creativity with our detailed Potting Bench Plans. This comprehensive Rustic Garden Workstation PDF is your essential guide for a rewarding Woodworking Project Outdoor Garden Work Bench. Perfect for creating a functional Potting Station in your yard, these plans make building a breeze.

Our Diy Potting Bench Plans guide you step-by-step through constructing a versatile Potting Bench With Sink or a simple Potting Table Sink. You'll have a beautiful Wood Potting Bench ready for your gardening needs. The design is ideal as Outdoor Potting Table Plans and works great as a Patio Potting Table.

We cover everything from a standard Potting Bench to adding features like a Potting Table With Grate and a Freestanding Potting Bench With Trough. These plans also provide instructions for a Potting Bench Plans Using Pallets Sink, making it easy to upcycle Pallet wood.

This detailed Diy Planting Table blueprint is more than just a Pottery Table Plan; it's a guide to your ultimate Garden Station. The Potting Bench Plan ensures a sturdy build. While you can use standard wood, the design is also suitable for a high-end Teak Potting Bench. Think of it as a blueprint for your perfect Pflanztisch.

Start this fulfilling Woodworking Project Outdoor Garden Work Bench today. These Potting Table Plans are designed for all skill levels. With our Rustic Garden Workstation PDF, you're guaranteed success. These Potting Bench Plans are the definitive guide for your outdoor space.",3,USD,7,"Potting_Bench,Garden_Station,Potting_Station,DIY_Planting_Table,Wood_Potting_Table,Freestanding_Potting,Bench_With_Sink","Digital Download,PDF File,Digital Instructions,Instant Download,Printable File",https://i.etsystatic.com/37058139/r/il/5c1b2b/7064652587/il_fullxfull.7064652587_a514.jpg,https://i.etsystatic.com/37058139/r/il/07378c/7016674830/il_fullxfull.7016674830_rl2h.jpg,https://i.etsystatic.com/37058139/r/il/52b488/7016674844/il_fullxfull.7016674844_41vw.jpg,https://i.etsystatic.com/37058139/r/il/19d8dd/7064652575/il_fullxfull.7064652575_sliy.jpg,https://i.etsystatic.com/37058139/r/il/999e1a/7064652593/il_fullxfull.7064652593_h225.jpg,https://i.etsystatic.com/37058139/r/il/cdb1f3/7016674836/il_fullxfull.7016674836_rew2.jpg,https://i.etsystatic.com/37058139/r/il/ba69f0/7016674834/il_fullxfull.7016674834_eqql.jpg,https://i.etsystatic.com/37058139/r/il/4af1f0/7064652601/il_fullxfull.7064652601_ay10.jpg,https://i.etsystatic.com/37058139/r/il/4429fe/7064652605/il_fullxfull.7064652605_kh9f.jpg,https://i.etsystatic.com/37058139/r/il/339cf8/7016674854/il_fullxfull.7016674854_g4c5.jpg,,,,,,,1
"DIY Coffee Cart Plan | Versatile Bar, Charcuterie, Vendor Serving Station","Elevate Your Events with Our DIY Cart Plans!

Ready to create an unforgettable experience instead of just another event? This DIY cart plan allows you to build a unique serving station that will make your parties and special occasions truly stand out. Whether you want to serve your favorite cocktails as a bar cart, set up an inviting coffee bar, or impress your guests with a delicious charcuterie cart, this versatile design lets your imagination run wild.

These plans are meticulously crafted for both novice and experienced woodworkers. Our simple, step-by-step instructions make it easy to build the food cart or vendor cart of your dreams. Whether you're making a candy cart to bring smiles to kids' faces or a sophisticated mobile bar for a chic gathering, this cart will meet all your needs.

Why Choose Our Catering Cart Plans?

Unmatched Versatility: Our design isn't limited to a single use. It can be easily transformed into a beverage cart, a lively party cart, or even a elegant wedding cart. This versatility maximizes the value of your investment.

Comprehensive Digital Package: This package includes everything you need to start your project from scratch:

A detailed cut list with precise measurements in inches.

A complete list of all the materials and hardware required.

Step-by-step, easy-to-follow assembly instructions.

Tips and tricks to guide you throughout the entire process.

Economical and Personal: By building your own cart, you not only save a significant amount of money but also gain a profound sense of pride in your handiwork. You'll be creating a piece that is far more special and meaningful than anything you could buy from a store.

With these coffee cart plans, you aren't just building a cart—you're crafting a centerpiece for your next event, a source of compliments from your guests, and a functional piece of art that you'll enjoy for years to come.

Start today and create the perfect solution for all your party needs!",10,USD,6,"Custom_food_cart,Bar_carts,Food_cart,DIY_Cart,Party_cart,Beverage_cart,Coffee_cart,Wedding_cart,Candy_Cart,Foldable_cart,Catering_Cart,Charcuterie_cart,Collapsible_cart","Digital Download,PDF File,Digital Instructions,Instant Download,Printable File",https://i.etsystatic.com/37058139/r/il/5d77de/7157457617/il_fullxfull.7157457617_3p5y.jpg,https://i.etsystatic.com/37058139/r/il/21f33f/7109485442/il_fullxfull.7109485442_hsef.jpg,https://i.etsystatic.com/37058139/r/il/80a55b/7157457625/il_fullxfull.7157457625_sbrk.jpg,https://i.etsystatic.com/37058139/r/il/8b55bd/7157457651/il_fullxfull.7157457651_du1k.jpg,https://i.etsystatic.com/37058139/r/il/37f147/7109485464/il_fullxfull.7109485464_qiqs.jpg,https://i.etsystatic.com/37058139/r/il/88f1fb/7157457653/il_fullxfull.7157457653_4p9z.jpg,https://i.etsystatic.com/37058139/r/il/03a84b/7109485432/il_fullxfull.7109485432_1tie.jpg,,,,,,,,,,1
"DIY Mobile Coffee Bar Plans with Ice Bin | Home Beverage Station (Digital PDF)","Absolutely, I'll add a section about the dimensions to the description. It's a key feature that a buyer would want to know. Here is the revised product description for your Etsy listing, now including details about the size and scale of the plans.

Craft Your Perfect Event with Our Portable & Sturdy Wooden Bar!

Looking for a versatile and stylish solution for your next gathering? Our Portable Wooden Bar is the ultimate DIY event bar! Whether you're planning a sophisticated home coffee bar, a functional special event station, or a charming beverage cart, this design provides the flexibility and elegance you need.

Key Features:
Customizable Dimensions: The plans provide a detailed blueprint for a bar that measures 61 inches long and 29.5 inches deep, with a comfortable 35.4-inch countertop height. This spacious design allows you to comfortably fit a sink, appliances, and all your coffee supplies, but is compact enough for most spaces.

Effortless Mobility: Designed as a wheeled coffee cart, it's incredibly easy to move and position anywhere. Perfect for your portable event bar needs, pop-up cafes, or backyard parties, this plan ensures you can take the party with you.

DIY Friendly: Our detailed mobile bar plan diy pdf and blueprint for a coffee bar with ice bin make assembly straightforward, even for beginners. You'll love the satisfaction of building your own portable bar and beverage station.

High-Quality Wood Construction: Crafted from durable wood, this bar offers a sturdy and attractive surface for serving drinks and snacks. Its rustic charm complements any decor, ensuring a high-end look and feel.

Multi-Functional: Use it as a portable coffee bar for morning events, a food bar plan for a buffet, or a vibrant birthday bar for celebrations. With our mobile bar plans with ice bin, the possibilities are endless!

Why Choose Our Bar?
Forget renting expensive equipment! Our DIY coffee bar and portable bar solution gives you the freedom to host memorable events with a personal touch. Its functional design ensures plenty of storage and a dedicated space for an ice bin or small fridge. Get ready to impress your guests with this functional and beautiful addition to your event arsenal.",15,USD,97,"birthday_bar,DIY_plan,event_bar,wooden_coffee_bar,bar_blueprint,folding_bar,DIY_coffee_bar,portable_bar,collapsible_bar,portable_event_bar,food_bar_plan,portable_coffee_bar,special_event_bar","Digital Download,PDF File,Digital Instructions,Instant Download,Printable File",https://i.etsystatic.com/37058139/r/il/94567f/7133309002/il_fullxfull.7133309002_kihk.jpg,https://i.etsystatic.com/37058139/r/il/6209b0/7133309008/il_fullxfull.7133309008_cljl.jpg,https://i.etsystatic.com/37058139/r/il/aa1d40/7133309010/il_fullxfull.7133309010_goie.jpg,https://i.etsystatic.com/37058139/r/il/ada0ce/7133309006/il_fullxfull.7133309006_rs6w.jpg,https://i.etsystatic.com/37058139/r/il/389d6c/7133309012/il_fullxfull.7133309012_qs05.jpg,https://i.etsystatic.com/37058139/r/il/2dbf14/7181281429/il_fullxfull.7181281429_6ffh.jpg,https://i.etsystatic.com/37058139/r/il/c8c56e/7181281465/il_fullxfull.7181281465_dqyf.jpg,https://i.etsystatic.com/37058139/r/il/4de6ce/7181281467/il_fullxfull.7181281467_2roh.jpg,https://i.etsystatic.com/37058139/r/il/b4e766/7181281463/il_fullxfull.7181281463_sf9g.jpg,,,,,,,,1
"DIY Wedding Cart Plan | Mobile Bar, Coffee, Beverage Cart (PDF Pattern)","Craft the centerpiece of your next event with our comprehensive, step-by-step project plan!

Imagine effortlessly serving your guests from a stunning, custom-built wedding cart that perfectly complements your unique style. This isn't just a project; it's your ticket to creating the ultimate mobile bar or a show-stopping dessert station. Our meticulously designed PDF guide gives you all the tools and knowledge to bring this elegant, modern design to life, allowing you to showcase your special day's details with pride.

Built to Impress, Sized to Perfection

With a finished size of 59.06"" wide, 23.62"" deep, and 33.46"" high, this cart provides the ideal surface area for all your hosting needs without taking up too much space. Its professional dimensions ensure it looks stunning in any setting, from intimate gatherings to grand events.

Unmatched Customization & Versatility

This is the most flexible DIY plan you'll find, perfectly suited for everything from an intimate garden wedding to a grand ballroom reception. The clean, versatile design can be customized to your specific needs. With options for a sleek, solid top or custom cutouts for ice buckets, beverage dispensers, or floral arrangements, you can tailor your cart to be a chic:

Mobile Bar: A sophisticated station for cocktails, champagne, and drinks.

Dessert & Cake Cart: A beautiful display for your wedding cake or sweet treats.

Charcuterie Station: A show-stopping spread for a cocktail hour.

Welcome Cart: Greet your guests with a beautifully styled refreshment or favor station.

Effortless Portability & Smart Design

Designed with elegance and convenience in mind, this cart features a solid, stable construction that is both beautiful and functional. The plan includes the option for four heavy-duty 3"" locking casters, ensuring that your wedding cart glides effortlessly over any surface—from polished floors to outdoor terrain—and locks securely in place, even when fully loaded. This stunning cart is not just beautiful; it’s a masterclass in functional, elegant design, perfect for making your event unforgettable.

The Perfect Fit for Any Occasion:

For the DIY Bride & Groom: Experience the satisfaction of building a key piece of your wedding decor.

For the Entrepreneur: Transform your passion into a business with a professional-looking vendor cart for weddings and events.

For the Wedding Planner: Offer your clients a unique, custom element to elevate their special day.

What You Will Receive:

Upon purchase, you will receive an instant digital download of a comprehensive PDF file that includes everything you need to build your own stunning wedding cart.

Detailed Cut List: All parts are labeled with clear letters and precise inch measurements.

Shopping List: A complete list of all required tools and hardware.

Step-by-Step Instructions: Easy-to-follow, detailed instructions for every stage of assembly, from cutting the panels to installing the casters.

Start building your dream cart today!

This plan is the perfect starting point for anyone looking to build a beautiful, versatile, and professional-looking serving cart for their wedding or event business. Get ready to roll out your next chapter with style and ease.

Note: This listing is for a digital PDF plan only. You are not purchasing a physical product.",10,USD,7,"Custom_food_cart,Charcuterie_cart,foldable_cart,bar_carts,DIY_Cart,Party_cart,beverage_cart,coffee_cart,collapsible_cart,wedding_cart,Mobile_bar,vendor_cart,bar_cart","Digital Download,PDF File,Digital Instructions,Instant Download,Printable File",https://i.etsystatic.com/37058139/r/il/33d61b/7163331173/il_fullxfull.7163331173_g3d2.jpg,https://i.etsystatic.com/37058139/r/il/b63153/7115361424/il_fullxfull.7115361424_pv78.jpg,https://i.etsystatic.com/37058139/r/il/177d2a/7163331175/il_fullxfull.7163331175_2iqy.jpg,https://i.etsystatic.com/37058139/r/il/d09e05/7115361422/il_fullxfull.7115361422_cbnn.jpg,https://i.etsystatic.com/37058139/r/il/448043/7115361420/il_fullxfull.7115361420_7jf6.jpg,,,,,,,,,,,,1
"Customizable Costco Party Price Sign Canva Template","If you’re planning the ultimate Costco party, look no further! Our Costco birthday party invitation and decoration set is designed to bring all the iconic vibes of your favorite warehouse. Perfect for Costco lovers, this customizable Costco sign and menu template on Canva lets you easily create a fully personalized Costco birthday experience.

Whether it's a classic Costco hot dog bar or a nod to the famous Costco Kirkland brand, our Costco party decor will impress guests of all ages. These unique Costco signs add the perfect touch to your Costco birthday decorations. Simply download instantly and get started! With Canva, it’s easy to make your Costco decorations truly yours.

Celebrate with a Costco invitation that brings everyone together for a memorable time—perfect for anyone who can’t get enough of Costco’s classic items.",4,USD,74,,,https://i.etsystatic.com/37058139/r/il/cd804c/6914909197/il_fullxfull.6914909197_eebs.jpg,https://i.etsystatic.com/37058139/r/il/ca673f/6914909219/il_fullxfull.6914909219_38r1.jpg,https://i.etsystatic.com/37058139/r/il/5f4914/6914909221/il_fullxfull.6914909221_l6mm.jpg,https://i.etsystatic.com/37058139/r/il/8c9517/6914909239/il_fullxfull.6914909239_6tmb.jpg,,,,,,,,,,,,,1
"DIY Modern Bird Feeder Station Plans | Standing Tower Feeder Blueprint | Multi-Level Bird Hotel Architecture | Woodworking Project","🐦 Build a 5-Star Hotel for Your Backyard Birds!

Forget standard birdhouses; give your feathered friends a modern architectural masterpiece. This Bird Feeder Station is designed to be the crown jewel of your garden. With its multi-level ""skyscraper"" design and sturdy tripod stand, it functions as a bustling hub for all types of birds.

These Bird Feeder Plans guide you to build a free-standing structure that doesn't require a tree branch. You can place it right in the center of your lawn, patio, or flower bed for the perfect view.

Why You’ll Love This Design:

Architectural Beauty: Inspired by modern architecture, this Bird Table Plans design features sleek lines, multiple cantilevered platforms, and a protective roof. It looks like a lantern or a luxury hotel.

High Capacity & Traffic: The central tower acts as a large seed hopper, dispensing food to multiple levels. This means less refilling for you and more space for birds to eat simultaneously without fighting.

Sturdy Tripod Base: The plan includes a robust 3-legged stand design that ensures stability even in windy conditions. No need to buy expensive metal poles!

Predator Safer: The height and the overhangs make it harder for squirrels to dominate the feeder compared to ground trays.

Versatile Woodworking: Perfect for Cedar, Redwood, or treated pine. You can leave it natural or stain it for a Cedar Bird Feeder look.

📏 Dimensions (Finished Build):

Total Height: 50 inches (127 cm) – Perfect viewing height.
Base/Tray Dimensions: 15 x 15 inches (38 x 38 cm)
Tower (Body) Height: 20 inches (51 cm)
Stand (Leg) Height: 30 inches (76 cm)
Central Tower Width: 5.5 x 5.5 inches (14 x 14 cm)
Leg Spread (Footprint): Approx. 24 inches (61 cm) for optimal stability.

📂 What You Will Receive:

Comprehensive PDF Plans: High-quality Bird Feeder Drawings and 3D views.
Step-by-Step Instructions: Detailed guide on building the central tower, the intricate platforms, and the tripod legs.

Material List: A complete shopping list to help you buy the right amount of lumber.

Cut List: Optimized layout to minimize waste.

Perfect For:

Woodworkers looking for a unique Bird Feeder Outdoors Diy project.
Creating a stunning gift for nature lovers and bird watchers.
Gardeners wanting a functional sculpture, not just a feeder.
Anyone tired of flimsy plastic feeders.
Download these Bird Feeder Blueprint files today and start building a landmark for your local wildlife!

Questions about the build? Feel free to message me anytime. Happy Woodworking!",5,USD,50,"Bird_Feeder_Plan,Bird_Station_DIY,Modern_Birdhouse,Woodworking_Plan,Garden_Decor,Standing_Feeder,Bird_Hotel_Plan,Wildlife_Garden,Cedar_Feeder_DIY,Tower_Feeder,Outdoor_Wood_Plan,Backyard_Project,Digital_Pattern","Digital Download,PDF File,Digital Instructions,Instant Download,Printable File",https://i.etsystatic.com/37058139/r/il/830493/7488351796/il_fullxfull.7488351796_e1fm.jpg,https://i.etsystatic.com/37058139/r/il/0774ff/7488351802/il_fullxfull.7488351802_c16u.jpg,https://i.etsystatic.com/37058139/r/il/d0f0fc/7488351798/il_fullxfull.7488351798_7tjp.jpg,https://i.etsystatic.com/37058139/r/il/2f93cb/7536286153/il_fullxfull.7536286153_qovq.jpg,https://i.etsystatic.com/37058139/r/il/c5f51c/7536286155/il_fullxfull.7536286155_aloi.jpg,https://i.etsystatic.com/37058139/r/il/1ab2c7/7488351794/il_fullxfull.7488351794_e7lp.jpg,,,,,,,,,,,1
