Campaign ID,Campaign Objective,Campaign Name,Campaign Status,Lifetime Spend Limit,Daily Spend Limit,Campaign Order Line ID,Campaign Third Party Tracking Urls,Campaign Budget,Default Ad Group Budget,Campaign Start Date,Campaign Start Time,Campaign End Date,Campaign End Time,Time Zone,Performance+ daily budget,Campaign Keyword (Match Type NEGATIVE_PHRASE),Campaign Keyword (Match Type NEGATIVE_EXACT),Ad Group ID,Ad Group Name,Ad Group Start Date*,Ad Group Start Time,Ad Group End Date*,Ad Group End Time,Ad Group Budget,Ad Group Pacing Type,Ad Group Budget Type,Ad Group Status,Is Creative Optimization,Max Bid,Monthly Frequency Cap,Ad Group Third Party Tracking Urls,Performance+ Targeting,Ad Placement,Goal Value,Conversion Tag ID,Reporting Event,Conversion Event,Conversion Optimization,Click Window Days,Engagement Window Days,View Window Days,Frequency Target Time Range,Frequency Target,Bid strategy type,Targeting Template ID,Promo Ids,Scheduled Budget Adjustment,Locations,Excluded Locations,Geos,Excluded Geos,Genders,AgeBuckets,Minimum Age,Maximum Age,Languages,Devices,Interests,Included Audiences,Excluded Audiences,Dynamic Retargeting Lookback,Dynamic Retargeting Exclusion,Dynamic Retargeting Event Tag Types,Ad Group Keyword (Match Type BROAD),Ad Group Keyword (Match Type EXACT),Ad Group Keyword (Match Type PHRASE),Ad Group Keyword (Match Type NEGATIVE_PHRASE),Ad Group Keyword (Match Type NEGATIVE_EXACT),Existing Pin ID,Media File Name,Pin Title,Pin Description,Organic Pin URL,Image Alternative Text,Is Ad-only Pin,Promoted Pin Status,Promoted Pin ID,Ad Format,Promoted Pin Name,Promoted Pin URL,Promoted Pin Third Party Tracking Urls,Is Removable Pin Promotion,Carousel Card 1 Image File Name,Carousel Card 1 Title,Carousel Card 1 Description,Carousel Card 1 Organic Pin URL,Carousel Card 1 Destination URL,Carousel Card 1 Android Deep Link,Carousel Card 1 iOS Deep Link,Carousel Card 2 Image File Name,Carousel Card 2 Title,Carousel Card 2 Description,Carousel Card 2 Organic Pin URL,Carousel Card 2 Destination URL,Carousel Card 2 Android Deep Link,Carousel Card 2 iOS Deep Link,Carousel Card 3 Image File Name,Carousel Card 3 Title,Carousel Card 3 Description,Carousel Card 3 Organic Pin URL,Carousel Card 3 Destination URL,Carousel Card 3 Android Deep Link,Carousel Card 3 iOS Deep Link,Carousel Card 4 Image File Name,Carousel Card 4 Title,Carousel Card 4 Description,Carousel Card 4 Organic Pin URL,Carousel Card 4 Destination URL,Carousel Card 4 Android Deep Link,Carousel Card 4 iOS Deep Link,Carousel Card 5 Image File Name,Carousel Card 5 Title,Carousel Card 5 Description,Carousel Card 5 Organic Pin URL,Carousel Card 5 Destination URL,Carousel Card 5 Android Deep Link,Carousel Card 5 iOS Deep Link,Collections Secondary Creative Destination Url,Title Card Organic PinID,Card 1 Organic PinID,Card 2 Organic PinID,Card 3 Organic PinID,Card 4 Organic PinID,Quiz pin question 1 text,Question 1 options text,Quiz pin question 2 text,Question 2 options text,Quiz pin question 3 text,Question 3 options text,Result 1 organic Pin ID,Result 1 iOS deep link url,Result 1 Android deep link url,Result 1 destination url,Result 2 organic Pin ID,Result 2 iOS deep link url,Result 2 Android deep link url,Result 2 destination url,Result 3 organic Pin ID,Result 3 iOS deep link url,Result 3 Android deep link url,Result 3 destination url,Grid Click Type,CTA Selection,Keyword Status,Keyword (Match Type BROAD),Keyword (Match Type EXACT),Keyword (Match Type PHRASE),Keyword (Match Type NEGATIVE_PHRASE),Keyword (Match Type NEGATIVE_EXACT),Product Group ID,Product Group Reference ID,Product Group Name,Product Group Status,Tracking Template,Shopping Collections Hero Pin ID,Shopping Collections Hero Pin URL,Slideshow Collections Title,Slideshow Collections Description,Product Group Selected Ad Image Tag,Is Generate Background,Status,Version
,,,,,,,,,,,,,,,,,,,,,,,,,,,,,,,,,,,,,,,,,,,,,,,,,,,,,,,,,,,,,,,,,,,,,,,,,,,,,,,,,,,,,,,,,,,,,,,,,,,,,,,,,,,,,,,,,,,,,,,,,,,,,,,,,,,,,,,,,,,,,,,,,,,,,,,,,,,,,,,,,,
,,,,,,,,,,,,,,,,,,,,,,,,,,,,,,,,,,,,,,,,,,,,,,,,,,,,,,,,,,,,,,,,,,,,,,,,,,,,,,,,,,,,,,,,,,,,,,,,,,,,,,,,,,,,,,,,,,,,,,,,,,,,,,,,,,,,,,,,,,,,,,,,,,,,,,,,,,,,,,,,,,
,CONSIDERATION,Bizilla Organic Inventory,PAUSED,,10.00,,,YES,,,,,,America/New_York,,,,,All Products,,,,,,STANDARD,CBO,PAUSED,,0.10,,,,,,,,,,,,,,,AUTOMATIC,,,,[US],,,,[All],[ALL],,,,[All],,,,,,,,,,,,,https://i.etsystatic.com/37058139/r/il/b9e21e/7448929887/il_fullxfull.7448929887_mraz.jpg,The Ultimate Custom Grinch Christmas Font SVG Bundle  | Holiday Doodle Alphabet & Lettering Kit (SVG,"💚 The Ultimate Custom Grinch Christmas Font SVG Bundle 🎄 | Holiday Doodle Alphabet & Lettering Kit (SVG, DXF, EPS, PNG)  Product Description: Bring Whoville to Your Crafts!  Get ready for a truly Grinchy Christmas! This massive digital bundle provides everything you need to create personalized, holiday-themed projects with the iconic style of everyone’s favorite holiday rogue. This isn't just a basic font; it's a complete The Grinch Alphabet and Grinch Lettering Cricut Svg kit, perfect for craft",https://www.etsy.com/search?q=The%20Ultimate%20Custom%20Grinch%20Christmas%20Font%20SVG%20Bundle%20%20%7C%20Holiday%20Doodle%20Alphabet%20%26%20Lettering%20Kit%20%28SVG%2C%20Dxf%2C%20Eps%2C%20Png%29%20Bizilla,,,PAUSED,,STATIC,"The Ultimate Custom Grinch Christmas Font SVG Bundle  | Holiday Doodle Alphabet & Lettering Kit (SVG, Dxf, Eps, Png)",https://www.etsy.com/search?q=The%20Ultimate%20Custom%20Grinch%20Christmas%20Font%20SVG%20Bundle%20%20%7C%20Holiday%20Doodle%20Alphabet%20%26%20Lettering%20Kit%20%28SVG%2C%20Dxf%2C%20Eps%2C%20Png%29%20Bizilla,,,,,,,,,,,,,,,,,,,,,,,,,,,,,,,,,,,,,,,,,,,,,,,,,,,,,,,,,,,,,,,,,,,,,,,,,,,,,,,,,,BulkSheetVersion=V2
,CONSIDERATION,Bizilla Organic Inventory,PAUSED,,10.00,,,YES,,,,,,America/New_York,,,,,All Products,,,,,,STANDARD,CBO,PAUSED,,0.10,,,,,,,,,,,,,,,AUTOMATIC,,,,[US],,,,[All],[ALL],,,,[All],,,,,,,,,,,,,https://i.etsystatic.com/37058139/r/il/7fb93a/7245706984/il_fullxfull.7245706984_j7o2.jpg,DIY 13 FT Wooden Windmill Plans: Rustic Farmhouse Yard Decor (Digital Download),"Build a Landmark: DIY 4 Meter (13 FT) Wooden Windmill Plans  Stop searching for Garden Windmill perfection—build it yourself! Give your yard that unique Farmhouse charm with our comprehensive DIY Wooden Windmill Plans. Designed for a magnificent 4 Meter (13 FT) height, this isn't just a decoration; it's a stunning, functional Yard Ornament that will be the focal point of your neighborhood.  Why These Windmill Plans Are Your Best Investment  Our blueprints combine Modern precision with classic Ru",https://www.etsy.com/search?q=DIY%2013%20FT%20Wooden%20Windmill%20Plans%3A%20Rustic%20Farmhouse%20Yard%20Decor%20%28Digital%20Download%29%20Bizilla,,,PAUSED,,STATIC,DIY 13 FT Wooden Windmill Plans: Rustic Farmhouse Yard Decor (Digital Download),https://www.etsy.com/search?q=DIY%2013%20FT%20Wooden%20Windmill%20Plans%3A%20Rustic%20Farmhouse%20Yard%20Decor%20%28Digital%20Download%29%20Bizilla,,,,,,,,,,,,,,,,,,,,,,,,,,,,,,,,,,,,,,,,,,,,,,,,,,,,,,,,,,,,,,,,,,,,,,,,,,,,,,,,,,BulkSheetVersion=V2
,CONSIDERATION,Bizilla Organic Inventory,PAUSED,,10.00,,,YES,,,,,,America/New_York,,,,,All Products,,,,,,STANDARD,CBO,PAUSED,,0.10,,,,,,,,,,,,,,,AUTOMATIC,,,,[US],,,,[All],[ALL],,,,[All],,,,,,,,,,,,,https://i.etsystatic.com/37058139/r/il/b8e77d/7766612088/il_fullxfull.7766612088_pqid.jpg,"Modern S-Shaped Floating Shelf Plans, Woodworking Blueprints (Digital Download)","Elevate Your Decor with Modern DIY S-Shaped Wall Shelf Plans!  Looking to add a contemporary touch to your walls? Build your own stylish and functional display with our comprehensive floating shelf plans. This unique S-shaped asymmetrical design serves as the perfect book shelf plan for small spaces, or a decorative diy wall shelf for your living room, office, or bedroom.  Whether you are looking for diy shelving plans to organize your home or professional bookcase woodworking plans for a weeken",https://www.etsy.com/search?q=Modern%20S-Shaped%20Floating%20Shelf%20Plans%2C%20Woodworking%20Blueprints%20%28Digital%20Download%29%20Bizilla,,,PAUSED,,STATIC,"Modern S-Shaped Floating Shelf Plans, Woodworking Blueprints (Digital Download)",https://www.etsy.com/search?q=Modern%20S-Shaped%20Floating%20Shelf%20Plans%2C%20Woodworking%20Blueprints%20%28Digital%20Download%29%20Bizilla,,,,,,,,,,,,,,,,,,,,,,,,,,,,,,,,,,,,,,,,,,,,,,,,,,,,,,,,,,,,,,,,,,,,,,,,,,,,,,,,,,BulkSheetVersion=V2
,CONSIDERATION,Bizilla Organic Inventory,PAUSED,,10.00,,,YES,,,,,,America/New_York,,,,,All Products,,,,,,STANDARD,CBO,PAUSED,,0.10,,,,,,,,,,,,,,,AUTOMATIC,,,,[US],,,,[All],[ALL],,,,[All],,,,,,,,,,,,,https://i.etsystatic.com/37058139/r/il/0e9c60/7814569595/il_fullxfull.7814569595_19qp.jpg,DIY Outdoor Barstool Plans | Wooden Bar Stool Plans PDF | Counter Height Chair Build Guide,"Build Your Own Professional Outdoor Seating with DIY Barstool Plans!  Looking to complete your home bar, kitchen island, or patio set? Build your own sturdy and stylish seating with our comprehensive bar stool plans. This versatile design includes instructions for two different heights, making it the perfect bar stool plan digital download for both standard bars and kitchen counters.  Whether you are looking for a 2x4 barstool plan to save on costs or a professional bar chair plans guide to upgr",https://www.etsy.com/search?q=DIY%20Outdoor%20Barstool%20Plans%20%7C%20Wooden%20Bar%20Stool%20Plans%20PDF%20%7C%20Counter%20Height%20Chair%20Build%20Guide%20Bizilla,,,PAUSED,,STATIC,DIY Outdoor Barstool Plans | Wooden Bar Stool Plans PDF | Counter Height Chair Build Guide,https://www.etsy.com/search?q=DIY%20Outdoor%20Barstool%20Plans%20%7C%20Wooden%20Bar%20Stool%20Plans%20PDF%20%7C%20Counter%20Height%20Chair%20Build%20Guide%20Bizilla,,,,,,,,,,,,,,,,,,,,,,,,,,,,,,,,,,,,,,,,,,,,,,,,,,,,,,,,,,,,,,,,,,,,,,,,,,,,,,,,,,BulkSheetVersion=V2
,CONSIDERATION,Bizilla Organic Inventory,PAUSED,,10.00,,,YES,,,,,,America/New_York,,,,,All Products,,,,,,STANDARD,CBO,PAUSED,,0.10,,,,,,,,,,,,,,,AUTOMATIC,,,,[US],,,,[All],[ALL],,,,[All],,,,,,,,,,,,,https://i.etsystatic.com/37058139/r/il/444f3e/7151607799/il_fullxfull.7151607799_g50x.jpg,Eucalyptus Funeral Program Template | Celebration of Life (Instant Download),"Editable Funeral Program Template – Celebration of Life | Instant Download | Printable Memorial Service Program  Saying goodbye to someone we love is never easy. In these difficult moments, creating a funeral program that beautifully tells their story can feel overwhelming. This editable funeral program template makes it simple to design a heartfelt celebration of life brochure that honors their memory — without the stress of complicated software.  With this instant download funeral template, yo",https://www.etsy.com/search?q=Eucalyptus%20Funeral%20Program%20Template%20%7C%20Celebration%20of%20Life%20%28Instant%20Download%29%20Bizilla,,,PAUSED,,STATIC,Eucalyptus Funeral Program Template | Celebration of Life (Instant Download),https://www.etsy.com/search?q=Eucalyptus%20Funeral%20Program%20Template%20%7C%20Celebration%20of%20Life%20%28Instant%20Download%29%20Bizilla,,,,,,,,,,,,,,,,,,,,,,,,,,,,,,,,,,,,,,,,,,,,,,,,,,,,,,,,,,,,,,,,,,,,,,,,,,,,,,,,,,BulkSheetVersion=V2
,CONSIDERATION,Bizilla Organic Inventory,PAUSED,,10.00,,,YES,,,,,,America/New_York,,,,,All Products,,,,,,STANDARD,CBO,PAUSED,,0.10,,,,,,,,,,,,,,,AUTOMATIC,,,,[US],,,,[All],[ALL],,,,[All],,,,,,,,,,,,,https://i.etsystatic.com/37058139/r/il/56a183/7913195144/il_fullxfull.7913195144_i5ya.jpg,DIY Wedding Arbor Plans PDF | Wooden Arch Trellis Blueprint | Pergola Ceremony Backdrop | Detachable,"Build a Timeless Focal Point: The Classic Pergola-Style Wedding Arbor  Create a truly enchanting backdrop for your ceremony with a structure built for floral artistry. This digital woodworking blueprint provides the exact instructions to build a heavy-duty, pergola-style wooden wedding arbor. Featuring traditional curved top beams and built-in side trellises, this design is the ultimate canvas for lush greenery, climbing vines, and heavy floral installations.  Whether you are building a permanen",https://www.etsy.com/search?q=DIY%20Wedding%20Arbor%20Plans%20PDF%20%7C%20Wooden%20Arch%20Trellis%20Blueprint%20%7C%20Pergola%20Ceremony%20Backdrop%20%7C%20Detachable%20Outdoor%20Wedding%20Arch%20Woodworking%20Bizilla,,,PAUSED,,STATIC,DIY Wedding Arbor Plans PDF | Wooden Arch Trellis Blueprint | Pergola Ceremony Backdrop | Detachable Outdoor Wedding Arch Woodwo,https://www.etsy.com/search?q=DIY%20Wedding%20Arbor%20Plans%20PDF%20%7C%20Wooden%20Arch%20Trellis%20Blueprint%20%7C%20Pergola%20Ceremony%20Backdrop%20%7C%20Detachable%20Outdoor%20Wedding%20Arch%20Woodworking%20Bizilla,,,,,,,,,,,,,,,,,,,,,,,,,,,,,,,,,,,,,,,,,,,,,,,,,,,,,,,,,,,,,,,,,,,,,,,,,,,,,,,,,,BulkSheetVersion=V2
,CONSIDERATION,Bizilla Organic Inventory,PAUSED,,10.00,,,YES,,,,,,America/New_York,,,,,All Products,,,,,,STANDARD,CBO,PAUSED,,0.10,,,,,,,,,,,,,,,AUTOMATIC,,,,[US],,,,[All],[ALL],,,,[All],,,,,,,,,,,,,https://i.etsystatic.com/37058139/r/il/558c95/7913188550/il_fullxfull.7913188550_gvqq.jpg,DIY Hexagon Wedding Arch Plans PDF | Portable Geometric Arbor Blueprint | Wooden Hexagonal Backdrop ,"Build the Ultimate Modern Centerpiece: The Freestanding Hexagon Wedding Arch  Geometric backdrops are the pinnacle of modern, boho-chic wedding design. This digital woodworking blueprint provides the exact, step-by-step instructions to build a stunning, professional-grade Wooden Hexagon Wedding Arch. Whether you are a DIY couple planning a picturesque outdoor ceremony or an event rental company updating your inventory with high-demand props, this unique arch delivers unparalleled aesthetic appea",https://www.etsy.com/search?q=DIY%20Hexagon%20Wedding%20Arch%20Plans%20PDF%20%7C%20Portable%20Geometric%20Arbor%20Blueprint%20%7C%20Wooden%20Hexagonal%20Backdrop%20%7C%20Boho%20Ceremony%20Alter%20Woodworking%20Bizilla,,,PAUSED,,STATIC,DIY Hexagon Wedding Arch Plans PDF | Portable Geometric Arbor Blueprint | Wooden Hexagonal Backdrop | Boho Ceremony Alter Woodwo,https://www.etsy.com/search?q=DIY%20Hexagon%20Wedding%20Arch%20Plans%20PDF%20%7C%20Portable%20Geometric%20Arbor%20Blueprint%20%7C%20Wooden%20Hexagonal%20Backdrop%20%7C%20Boho%20Ceremony%20Alter%20Woodworking%20Bizilla,,,,,,,,,,,,,,,,,,,,,,,,,,,,,,,,,,,,,,,,,,,,,,,,,,,,,,,,,,,,,,,,,,,,,,,,,,,,,,,,,,BulkSheetVersion=V2
,CONSIDERATION,Bizilla Organic Inventory,PAUSED,,10.00,,,YES,,,,,,America/New_York,,,,,All Products,,,,,,STANDARD,CBO,PAUSED,,0.10,,,,,,,,,,,,,,,AUTOMATIC,,,,[US],,,,[All],[ALL],,,,[All],,,,,,,,,,,,,https://i.etsystatic.com/37058139/r/il/f52f10/7913181244/il_fullxfull.7913181244_fuo0.jpg,DIY 3-Piece Wedding Arch Plans PDF | Tall Church Arch Backdrop | Pointed Wooden Arbor Blueprint | Ru,"Create a Majestic Altar: The 12-Foot Tall 3-Piece Church Arch Blueprint  Set the stage for a breathtaking ceremony with a backdrop that truly captures the grandeur of the moment. This digital woodworking blueprint provides the exact instructions to build a magnificent, towering 3-piece pointed wedding arch set. Often referred to as a ""Church Arch"" or ""House Arch,"" this geometric design features staggering heights—peaking at over 12 feet tall—creating an unforgettable, multi-dimensional altar for",https://www.etsy.com/search?q=DIY%203-Piece%20Wedding%20Arch%20Plans%20PDF%20%7C%20Tall%20Church%20Arch%20Backdrop%20%7C%20Pointed%20Wooden%20Arbor%20Blueprint%20%7C%20Rustic%20Outdoor%20Ceremony%20Woodworking%20Bizilla,,,PAUSED,,STATIC,DIY 3-Piece Wedding Arch Plans PDF | Tall Church Arch Backdrop | Pointed Wooden Arbor Blueprint | Rustic Outdoor Ceremony Woodwo,https://www.etsy.com/search?q=DIY%203-Piece%20Wedding%20Arch%20Plans%20PDF%20%7C%20Tall%20Church%20Arch%20Backdrop%20%7C%20Pointed%20Wooden%20Arbor%20Blueprint%20%7C%20Rustic%20Outdoor%20Ceremony%20Woodworking%20Bizilla,,,,,,,,,,,,,,,,,,,,,,,,,,,,,,,,,,,,,,,,,,,,,,,,,,,,,,,,,,,,,,,,,,,,,,,,,,,,,,,,,,BulkSheetVersion=V2
,CONSIDERATION,Bizilla Organic Inventory,PAUSED,,10.00,,,YES,,,,,,America/New_York,,,,,All Products,,,,,,STANDARD,CBO,PAUSED,,0.10,,,,,,,,,,,,,,,AUTOMATIC,,,,[US],,,,[All],[ALL],,,,[All],,,,,,,,,,,,,https://i.etsystatic.com/37058139/r/il/804adb/7913172250/il_fullxfull.7913172250_8ia0.jpg,DIY Square Wedding Arch Plans PDF | 8x8 Wooden Picture Frame Arbor | Chunky Outdoor Ceremony Backdro,"Frame Your Love Story: The Massive 8x8 Picture Frame Wedding Arch  Make your ceremony unforgettable with a backdrop that commands attention. This digital woodworking blueprint provides the exact instructions to build a massive, 8-foot by 8-foot ""Picture Frame"" style wooden wedding arch. Unlike thin, flimsy metal stands, this oversized, chunky wood design provides a luxurious, high-end aesthetic that perfectly frames the couple and the surrounding landscape.  Whether you are a DIY couple wanting ",https://www.etsy.com/search?q=DIY%20Square%20Wedding%20Arch%20Plans%20PDF%20%7C%208x8%20Wooden%20Picture%20Frame%20Arbor%20%7C%20Chunky%20Outdoor%20Ceremony%20Backdrop%20%7C%20Heavy%20Duty%20Floral%20Trellis%20Blueprint%20Bizilla,,,PAUSED,,STATIC,DIY Square Wedding Arch Plans PDF | 8x8 Wooden Picture Frame Arbor | Chunky Outdoor Ceremony Backdrop | Heavy Duty Floral Trelli,https://www.etsy.com/search?q=DIY%20Square%20Wedding%20Arch%20Plans%20PDF%20%7C%208x8%20Wooden%20Picture%20Frame%20Arbor%20%7C%20Chunky%20Outdoor%20Ceremony%20Backdrop%20%7C%20Heavy%20Duty%20Floral%20Trellis%20Blueprint%20Bizilla,,,,,,,,,,,,,,,,,,,,,,,,,,,,,,,,,,,,,,,,,,,,,,,,,,,,,,,,,,,,,,,,,,,,,,,,,,,,,,,,,,BulkSheetVersion=V2
,CONSIDERATION,Bizilla Organic Inventory,PAUSED,,10.00,,,YES,,,,,,America/New_York,,,,,All Products,,,,,,STANDARD,CBO,PAUSED,,0.10,,,,,,,,,,,,,,,AUTOMATIC,,,,[US],,,,[All],[ALL],,,,[All],,,,,,,,,,,,,https://i.etsystatic.com/37058139/r/il/365ccf/7159021344/il_fullxfull.7159021344_zfic.jpg,DIY Workbench Plans | DIY Woodworking Project | Roll Away Work Bench Fit Plans | Woodworking Worksho,"Butcher Block Workbench Plans | DIY Mobile Work Table | Compact Woodworking Project Looking for a workbench that's both a powerhouse of functionality and a beautiful piece of furniture? Our DIY Butcher Block Workbench Plans are designed to help you build a durable, mobile, and stylish work surface perfect for any small garage, workshop, or even a modern kitchen.  This is more than just a blueprint; it's a comprehensive guide to a rewarding woodworking project. This bench combines a classic, heav",https://www.etsy.com/search?q=DIY%20Workbench%20Plans%20%7C%20DIY%20Woodworking%20Project%20%7C%20Roll%20Away%20Work%20Bench%20Fit%20Plans%20%7C%20Woodworking%20Workshop%20Design%20with%20Tool%20Wall%20DXF%20Files%20Bizilla,,,PAUSED,,STATIC,DIY Workbench Plans | DIY Woodworking Project | Roll Away Work Bench Fit Plans | Woodworking Workshop Design with Tool Wall DXF ,https://www.etsy.com/search?q=DIY%20Workbench%20Plans%20%7C%20DIY%20Woodworking%20Project%20%7C%20Roll%20Away%20Work%20Bench%20Fit%20Plans%20%7C%20Woodworking%20Workshop%20Design%20with%20Tool%20Wall%20DXF%20Files%20Bizilla,,,,,,,,,,,,,,,,,,,,,,,,,,,,,,,,,,,,,,,,,,,,,,,,,,,,,,,,,,,,,,,,,,,,,,,,,,,,,,,,,,BulkSheetVersion=V2
,CONSIDERATION,Bizilla Organic Inventory,PAUSED,,10.00,,,YES,,,,,,America/New_York,,,,,All Products,,,,,,STANDARD,CBO,PAUSED,,0.10,,,,,,,,,,,,,,,AUTOMATIC,,,,[US],,,,[All],[ALL],,,,[All],,,,,,,,,,,,,https://i.etsystatic.com/37058139/r/il/58aa2b/7814382395/il_fullxfull.7814382395_jbla.jpg,DIY Garden Pergolas Plans | Wood Pergolas Build Blueprint | Corner Privacy Pergola,"Create Your Dream Outdoor Oasis with Premium DIY Garden Pergola Plans!  Ready to upgrade your patio or backyard? Build your own beautiful and sturdy pergola with our comprehensive, easy-to-follow pergola build guide. Featuring integrated planter boxes and a modern pergola wall with a slatted design, this structure is perfect as a corner privacy pergola or a shaded lounge area for your outdoor gatherings. Whether you are looking for classic wood pergolas or detailed gazebo templates to enhance yo",https://www.etsy.com/search?q=DIY%20Garden%20Pergolas%20Plans%20%7C%20Wood%20Pergolas%20Build%20Blueprint%20%7C%20Corner%20Privacy%20Pergola%20Bizilla,,,PAUSED,,STATIC,DIY Garden Pergolas Plans | Wood Pergolas Build Blueprint | Corner Privacy Pergola,https://www.etsy.com/search?q=DIY%20Garden%20Pergolas%20Plans%20%7C%20Wood%20Pergolas%20Build%20Blueprint%20%7C%20Corner%20Privacy%20Pergola%20Bizilla,,,,,,,,,,,,,,,,,,,,,,,,,,,,,,,,,,,,,,,,,,,,,,,,,,,,,,,,,,,,,,,,,,,,,,,,,,,,,,,,,,BulkSheetVersion=V2
,CONSIDERATION,Bizilla Organic Inventory,PAUSED,,10.00,,,YES,,,,,,America/New_York,,,,,All Products,,,,,,STANDARD,CBO,PAUSED,,0.10,,,,,,,,,,,,,,,AUTOMATIC,,,,[US],,,,[All],[ALL],,,,[All],,,,,,,,,,,,,https://i.etsystatic.com/37058139/r/il/1056d9/7148736881/il_fullxfull.7148736881_ktnz.jpg,Memorial Photo Collage Sign | Funeral Welcome Poster (Digital Download),"Modern Funeral Photo Collage Set Template - Editable Memorial Poster, Celebration of Life, Canva Photo Display, Instant Download  Honor the memory of a loved one with our beautifully designed Funeral Photo Collage Sign Set. This comprehensive collection of editable templates is a perfect way to celebrate a life well-lived, creating a stunning memorial poster display for a funeral, memorial service, or celebration of life event.  Why Choose Our Templates?  Our templates are designed for ease and ",https://www.etsy.com/search?q=Memorial%20Photo%20Collage%20Sign%20%7C%20Funeral%20Welcome%20Poster%20%28Digital%20Download%29%20Bizilla,,,PAUSED,,STATIC,Memorial Photo Collage Sign | Funeral Welcome Poster (Digital Download),https://www.etsy.com/search?q=Memorial%20Photo%20Collage%20Sign%20%7C%20Funeral%20Welcome%20Poster%20%28Digital%20Download%29%20Bizilla,,,,,,,,,,,,,,,,,,,,,,,,,,,,,,,,,,,,,,,,,,,,,,,,,,,,,,,,,,,,,,,,,,,,,,,,,,,,,,,,,,BulkSheetVersion=V2
,CONSIDERATION,Bizilla Organic Inventory,PAUSED,,10.00,,,YES,,,,,,America/New_York,,,,,All Products,,,,,,STANDARD,CBO,PAUSED,,0.10,,,,,,,,,,,,,,,AUTOMATIC,,,,[US],,,,[All],[ALL],,,,[All],,,,,,,,,,,,,https://i.etsystatic.com/37058139/r/il/7975eb/7148621427/il_fullxfull.7148621427_p5sv.jpg,"Funeral Photo Collage Sign Set, Memorial Poster (Digital Download)","Modern Funeral Photo Collage Set Template - Editable Memorial Poster, Celebration of Life, Canva Photo Display, Instant Download  Honor the memory of a loved one with our beautifully designed Funeral Photo Collage Sign Set. This comprehensive collection of editable templates is a perfect way to celebrate a life well-lived, creating a stunning memorial poster display for a funeral, memorial service, or celebration of life event.  Why Choose Our Templates?  Our templates are designed for ease and ",https://www.etsy.com/search?q=Funeral%20Photo%20Collage%20Sign%20Set%2C%20Memorial%20Poster%20%28Digital%20Download%29%20Bizilla,,,PAUSED,,STATIC,"Funeral Photo Collage Sign Set, Memorial Poster (Digital Download)",https://www.etsy.com/search?q=Funeral%20Photo%20Collage%20Sign%20Set%2C%20Memorial%20Poster%20%28Digital%20Download%29%20Bizilla,,,,,,,,,,,,,,,,,,,,,,,,,,,,,,,,,,,,,,,,,,,,,,,,,,,,,,,,,,,,,,,,,,,,,,,,,,,,,,,,,,BulkSheetVersion=V2
,CONSIDERATION,Bizilla Organic Inventory,PAUSED,,10.00,,,YES,,,,,,America/New_York,,,,,All Products,,,,,,STANDARD,CBO,PAUSED,,0.10,,,,,,,,,,,,,,,AUTOMATIC,,,,[US],,,,[All],[ALL],,,,[All],,,,,,,,,,,,,https://i.etsystatic.com/37058139/r/il/252aef/7825342295/il_fullxfull.7825342295_o65f.jpg,DIY Plant Stand Plans | Multi Tier Flower Pot Stand Blueprint |Outdoor Wooden Shelves PDF,"Showcase Your Beautiful Garden with Premium DIY Tiered Plant Stand Plans!  Running out of space for your growing plant collection? Build the ultimate outdoor display with our comprehensive tiered plant stand outdoor plans. This massive, beautifully designed wooden rustic plant stand features three large base planter boxes and multiple staggered shelves, making it the perfect multi tier flower pot stand for your patio, deck, or backyard.  Whether you are looking for sturdy outdoor wooden shelves ",https://www.etsy.com/search?q=DIY%20Plant%20Stand%20Plans%20%7C%20Multi%20Tier%20Flower%20Pot%20Stand%20Blueprint%20%7COutdoor%20Wooden%20Shelves%20PDF%20Bizilla,,,PAUSED,,STATIC,DIY Plant Stand Plans | Multi Tier Flower Pot Stand Blueprint |Outdoor Wooden Shelves PDF,https://www.etsy.com/search?q=DIY%20Plant%20Stand%20Plans%20%7C%20Multi%20Tier%20Flower%20Pot%20Stand%20Blueprint%20%7COutdoor%20Wooden%20Shelves%20PDF%20Bizilla,,,,,,,,,,,,,,,,,,,,,,,,,,,,,,,,,,,,,,,,,,,,,,,,,,,,,,,,,,,,,,,,,,,,,,,,,,,,,,,,,,BulkSheetVersion=V2
,CONSIDERATION,Bizilla Organic Inventory,PAUSED,,10.00,,,YES,,,,,,America/New_York,,,,,All Products,,,,,,STANDARD,CBO,PAUSED,,0.10,,,,,,,,,,,,,,,AUTOMATIC,,,,[US],,,,[All],[ALL],,,,[All],,,,,,,,,,,,,https://i.etsystatic.com/37058139/r/il/fdb491/7766564024/il_fullxfull.7766564024_s3sd.jpg,DIY Roadside Farmstand Plans PDF | Mobile Bakery Cart Guide,"Start Your Small Business with Premium DIY Farmstand Plans!  Looking for a professional way to sell your fresh produce, baked goods, or handmade crafts? Build your own high-quality, eye-catching roadside stand with our comprehensive farmstand plan. This mobile design features sturdy wheels, a protective corrugated roof, and built-in shelving, making it the perfect market stall or mobile bakery cart for any entrepreneur.  Whether you need a vegetable stand plans for your driveway or a stylish far",https://www.etsy.com/search?q=DIY%20Roadside%20Farmstand%20Plans%20PDF%20%7C%20Mobile%20Bakery%20Cart%20Guide%20Bizilla,,,PAUSED,,STATIC,DIY Roadside Farmstand Plans PDF | Mobile Bakery Cart Guide,https://www.etsy.com/search?q=DIY%20Roadside%20Farmstand%20Plans%20PDF%20%7C%20Mobile%20Bakery%20Cart%20Guide%20Bizilla,,,,,,,,,,,,,,,,,,,,,,,,,,,,,,,,,,,,,,,,,,,,,,,,,,,,,,,,,,,,,,,,,,,,,,,,,,,,,,,,,,BulkSheetVersion=V2
,CONSIDERATION,Bizilla Organic Inventory,PAUSED,,10.00,,,YES,,,,,,America/New_York,,,,,All Products,,,,,,STANDARD,CBO,PAUSED,,0.10,,,,,,,,,,,,,,,AUTOMATIC,,,,[US],,,,[All],[ALL],,,,[All],,,,,,,,,,,,,https://i.etsystatic.com/37058139/r/il/b7ad57/7097875064/il_fullxfull.7097875064_9614.jpg,Rustic Birthday Card | Print on Kraft Paper | Instant Download | Share a Memory & Wish Sign,"Instant Download 90th Birthday Cards: Favorite Memory Sign & Share Memory Cards  Celebrate a milestone 90th birthday with a heartfelt, personalized touch! Our ""Loved for 90 Years"" printable card set is the perfect party favor for any mom, dad, grandma, or grandpa. This isn't just a download; it's a completely editable Canva template that lets you create a beautiful memory keepsake.  Guests will love sharing their favorite memory or a special wish on these cards, making a cherished guestbook alte",https://www.etsy.com/search?q=Rustic%20Birthday%20Card%20%7C%20Print%20on%20Kraft%20Paper%20%7C%20Instant%20Download%20%7C%20Share%20a%20Memory%20%26%20Wish%20Sign%20Bizilla,,,PAUSED,,STATIC,Rustic Birthday Card | Print on Kraft Paper | Instant Download | Share a Memory & Wish Sign,https://www.etsy.com/search?q=Rustic%20Birthday%20Card%20%7C%20Print%20on%20Kraft%20Paper%20%7C%20Instant%20Download%20%7C%20Share%20a%20Memory%20%26%20Wish%20Sign%20Bizilla,,,,,,,,,,,,,,,,,,,,,,,,,,,,,,,,,,,,,,,,,,,,,,,,,,,,,,,,,,,,,,,,,,,,,,,,,,,,,,,,,,BulkSheetVersion=V2
,CONSIDERATION,Bizilla Organic Inventory,PAUSED,,10.00,,,YES,,,,,,America/New_York,,,,,All Products,,,,,,STANDARD,CBO,PAUSED,,0.10,,,,,,,,,,,,,,,AUTOMATIC,,,,[US],,,,[All],[ALL],,,,[All],,,,,,,,,,,,,https://i.etsystatic.com/37058139/r/il/943780/7097875066/il_fullxfull.7097875066_5eq8.jpg,90th Birthday Memory Cards: Rustic Party Keepsake (Canva Template),"Instant Download 90th Birthday Cards: Favorite Memory Sign & Share Memory Cards  Celebrate a milestone 90th birthday with a heartfelt, personalized touch! Our ""Loved for 90 Years"" printable card set is the perfect party favor for any mom, dad, grandma, or grandpa. This isn't just a download; it's a completely editable Canva template that lets you create a beautiful memory keepsake.  Guests will love sharing their favorite memory or a special wish on these cards, making a cherished guestbook alte",https://www.etsy.com/search?q=90th%20Birthday%20Memory%20Cards%3A%20Rustic%20Party%20Keepsake%20%28Canva%20Template%29%20Bizilla,,,PAUSED,,STATIC,90th Birthday Memory Cards: Rustic Party Keepsake (Canva Template),https://www.etsy.com/search?q=90th%20Birthday%20Memory%20Cards%3A%20Rustic%20Party%20Keepsake%20%28Canva%20Template%29%20Bizilla,,,,,,,,,,,,,,,,,,,,,,,,,,,,,,,,,,,,,,,,,,,,,,,,,,,,,,,,,,,,,,,,,,,,,,,,,,,,,,,,,,BulkSheetVersion=V2
,CONSIDERATION,Bizilla Organic Inventory,PAUSED,,10.00,,,YES,,,,,,America/New_York,,,,,All Products,,,,,,STANDARD,CBO,PAUSED,,0.10,,,,,,,,,,,,,,,AUTOMATIC,,,,[US],,,,[All],[ALL],,,,[All],,,,,,,,,,,,,https://i.etsystatic.com/37058139/r/il/46ff96/7250951332/il_fullxfull.7250951332_3vmc.jpg,6x8 Firewood Shed Plans: DIY Wood Storage with Sloped Roof (PDF Download),"🔥 Stop Burning Wet Wood! Build Your Dream Woodshed Today! 🔥 Tired of struggling with soggy, smoking logs? Our 6x8 Firewood Shed Plans are the perfect solution to keep your wood dry, seasoned, and ready for the fire pit or stove. This isn't just a shed; it's the ultimate DIY project to enhance your backyard and ensure perfectly seasoned fuel all winter long!  🏡 About These 6x8 Wood Shed Plans 🏡 These are complete DIY plans to build a sturdy, attractive 6' x 8' Firewood Storage Shed (or Woodshed) ",https://www.etsy.com/search?q=6x8%20Firewood%20Shed%20Plans%3A%20DIY%20Wood%20Storage%20with%20Sloped%20Roof%20%28PDF%20Download%29%20Bizilla,,,PAUSED,,STATIC,6x8 Firewood Shed Plans: DIY Wood Storage with Sloped Roof (PDF Download),https://www.etsy.com/search?q=6x8%20Firewood%20Shed%20Plans%3A%20DIY%20Wood%20Storage%20with%20Sloped%20Roof%20%28PDF%20Download%29%20Bizilla,,,,,,,,,,,,,,,,,,,,,,,,,,,,,,,,,,,,,,,,,,,,,,,,,,,,,,,,,,,,,,,,,,,,,,,,,,,,,,,,,,BulkSheetVersion=V2
,CONSIDERATION,Bizilla Organic Inventory,PAUSED,,10.00,,,YES,,,,,,America/New_York,,,,,All Products,,,,,,STANDARD,CBO,PAUSED,,0.10,,,,,,,,,,,,,,,AUTOMATIC,,,,[US],,,,[All],[ALL],,,,[All],,,,,,,,,,,,,https://i.etsystatic.com/37058139/r/il/e19ae7/7766293186/il_fullxfull.7766293186_lvjw.jpg,DIY Chairs for Outside Plans | Outdoor Dining Chairs Wooden Blueprint | Chair Design Pattern PDF,"Build Your Own Modern Wooden Patio Seating!  Upgrade your patio or garden with our comprehensive chair design pattern! Whether you need comfortable chairs for outside to relax on the porch or stylish outdoor dining chairs wooden for your backyard gatherings, this DIY building guide makes it easy to create beautiful, sturdy furniture.  Featuring a sleek, modern aesthetic, this woodworking plan is perfect for building minimalistic dining chairs or a cozy lounge chair. Want to add a touch of handma",https://www.etsy.com/search?q=DIY%20Chairs%20for%20Outside%20Plans%20%7C%20Outdoor%20Dining%20Chairs%20Wooden%20Blueprint%20%7C%20Chair%20Design%20Pattern%20PDF%20Bizilla,,,PAUSED,,STATIC,DIY Chairs for Outside Plans | Outdoor Dining Chairs Wooden Blueprint | Chair Design Pattern PDF,https://www.etsy.com/search?q=DIY%20Chairs%20for%20Outside%20Plans%20%7C%20Outdoor%20Dining%20Chairs%20Wooden%20Blueprint%20%7C%20Chair%20Design%20Pattern%20PDF%20Bizilla,,,,,,,,,,,,,,,,,,,,,,,,,,,,,,,,,,,,,,,,,,,,,,,,,,,,,,,,,,,,,,,,,,,,,,,,,,,,,,,,,,BulkSheetVersion=V2
,CONSIDERATION,Bizilla Organic Inventory,PAUSED,,10.00,,,YES,,,,,,America/New_York,,,,,All Products,,,,,,STANDARD,CBO,PAUSED,,0.10,,,,,,,,,,,,,,,AUTOMATIC,,,,[US],,,,[All],[ALL],,,,[All],,,,,,,,,,,,,https://i.etsystatic.com/37058139/r/il/284a41/7053085836/il_fullxfull.7053085836_hk4t.jpg,Double Wedding Arch Plans | Rustic Wooden Arbor DIY (PDF Download),"Create your dream rustic wedding with our comprehensive Double Wedding Arch Plans! This DIY woodworking plan provides everything you need to build a stunning, sturdy wooden arch frame, perfect as a ceremony backdrop or a beautiful wedding arbor. Designed for a Boho wedding aesthetic, this arch stand adds a charming, personalized touch to your special day.  Our detailed Wooden Arch Plan includes step-by-step instructions, material lists, and clear diagrams, making it easy for even novice woodwork",https://www.etsy.com/search?q=Double%20Wedding%20Arch%20Plans%20%7C%20Rustic%20Wooden%20Arbor%20DIY%20%28PDF%20Download%29%20Bizilla,,,PAUSED,,STATIC,Double Wedding Arch Plans | Rustic Wooden Arbor DIY (PDF Download),https://www.etsy.com/search?q=Double%20Wedding%20Arch%20Plans%20%7C%20Rustic%20Wooden%20Arbor%20DIY%20%28PDF%20Download%29%20Bizilla,,,,,,,,,,,,,,,,,,,,,,,,,,,,,,,,,,,,,,,,,,,,,,,,,,,,,,,,,,,,,,,,,,,,,,,,,,,,,,,,,,BulkSheetVersion=V2
,CONSIDERATION,Bizilla Organic Inventory,PAUSED,,10.00,,,YES,,,,,,America/New_York,,,,,All Products,,,,,,STANDARD,CBO,PAUSED,,0.10,,,,,,,,,,,,,,,AUTOMATIC,,,,[US],,,,[All],[ALL],,,,[All],,,,,,,,,,,,,https://i.etsystatic.com/37058139/r/il/dc094e/7281729113/il_fullxfull.7281729113_mnnk.jpg,DIY Mobile Farmstand Plans | Rolling Garden Cart Blueprints (PDF),"Handcrafted by You, For Your Dream: Build the Perfect Farmstand Today!   With our digital DIY plans, you can easily create a beautiful wooden stand to showcase your fresh produce, artisan goods, or vibrant flowers. Download the Instant PDF Guide and start your building adventure now!  Every farm-fresh egg, every vibrant bouquet, and every loaf of artisan sourdough has a story. Now, it’s time to give that story the beautiful stage it deserves.  These detailed woodworking plans were designed not j",https://www.etsy.com/search?q=DIY%20Mobile%20Farmstand%20Plans%20%7C%20Rolling%20Garden%20Cart%20Blueprints%20%28PDF%29%20Bizilla,,,PAUSED,,STATIC,DIY Mobile Farmstand Plans | Rolling Garden Cart Blueprints (PDF),https://www.etsy.com/search?q=DIY%20Mobile%20Farmstand%20Plans%20%7C%20Rolling%20Garden%20Cart%20Blueprints%20%28PDF%29%20Bizilla,,,,,,,,,,,,,,,,,,,,,,,,,,,,,,,,,,,,,,,,,,,,,,,,,,,,,,,,,,,,,,,,,,,,,,,,,,,,,,,,,,BulkSheetVersion=V2
,CONSIDERATION,Bizilla Organic Inventory,PAUSED,,10.00,,,YES,,,,,,America/New_York,,,,,All Products,,,,,,STANDARD,CBO,PAUSED,,0.10,,,,,,,,,,,,,,,AUTOMATIC,,,,[US],,,,[All],[ALL],,,,[All],,,,,,,,,,,,,https://i.etsystatic.com/37058139/r/il/e6338d/7218374874/il_fullxfull.7218374874_rijh.jpg,DIY Farmhouse Picnic Table Plan: Outdoor Wood Table & Bench (PDF),"Please note that these plans are provided in Imperial measurements and are available as a digital product.  Bring your dream Wood Outdoor Build to life with this complete Unique Outdoor Table plan! Perfect for your backyard, patio, or deck, these Wood Outdoor Table DIY Plans guide you step by step to create a stunning, functional table and bench set.  Designed for both classic and modern styles, this set includes Picnic Table Plans, Solid Wood Deck Table designs, and Outdoor Table Plans With Tre",https://www.etsy.com/search?q=DIY%20Farmhouse%20Picnic%20Table%20Plan%3A%20Outdoor%20Wood%20Table%20%26%20Bench%20%28PDF%29%20Bizilla,,,PAUSED,,STATIC,DIY Farmhouse Picnic Table Plan: Outdoor Wood Table & Bench (PDF),https://www.etsy.com/search?q=DIY%20Farmhouse%20Picnic%20Table%20Plan%3A%20Outdoor%20Wood%20Table%20%26%20Bench%20%28PDF%29%20Bizilla,,,,,,,,,,,,,,,,,,,,,,,,,,,,,,,,,,,,,,,,,,,,,,,,,,,,,,,,,,,,,,,,,,,,,,,,,,,,,,,,,,BulkSheetVersion=V2
,CONSIDERATION,Bizilla Organic Inventory,PAUSED,,10.00,,,YES,,,,,,America/New_York,,,,,All Products,,,,,,STANDARD,CBO,PAUSED,,0.10,,,,,,,,,,,,,,,AUTOMATIC,,,,[US],,,,[All],[ALL],,,,[All],,,,,,,,,,,,,https://i.etsystatic.com/37058139/r/il/01930b/7328512023/il_fullxfull.7328512023_7e8d.jpg,DIY Mobile Bar Cart Plans: Collapsible Vendor Cart (PDF Plan),"DIY Mobile Bar Cart Plans: The Ultimate Collapsible Vendor Cart Blueprint  Ready to create the perfect centerpiece for your next event? This is not just a plan; it's your ticket to building a beautiful, professional-grade mobile bar or vendor cart. Our meticulously designed, step-by-step PDF guide gives you everything you need to bring this elegant and modern design to life. Imagine effortlessly serving guests from a stunning, custom-built cart that perfectly fits your unique style.  Unmatched C",https://www.etsy.com/search?q=DIY%20Mobile%20Bar%20Cart%20Plans%3A%20Collapsible%20Vendor%20Cart%20%28PDF%20Plan%29%20Bizilla,,,PAUSED,,STATIC,DIY Mobile Bar Cart Plans: Collapsible Vendor Cart (PDF Plan),https://www.etsy.com/search?q=DIY%20Mobile%20Bar%20Cart%20Plans%3A%20Collapsible%20Vendor%20Cart%20%28PDF%20Plan%29%20Bizilla,,,,,,,,,,,,,,,,,,,,,,,,,,,,,,,,,,,,,,,,,,,,,,,,,,,,,,,,,,,,,,,,,,,,,,,,,,,,,,,,,,BulkSheetVersion=V2
,CONSIDERATION,Bizilla Organic Inventory,PAUSED,,10.00,,,YES,,,,,,America/New_York,,,,,All Products,,,,,,STANDARD,CBO,PAUSED,,0.10,,,,,,,,,,,,,,,AUTOMATIC,,,,[US],,,,[All],[ALL],,,,[All],,,,,,,,,,,,,https://i.etsystatic.com/37058139/r/il/6952de/7631247484/il_fullxfull.7631247484_mma0.jpg,Twin Loft Bed DIY Plans with Stairs & Desk | Space Saving Blueprint (PDF Download),"Twin Loft Bed Plans | DIY Kids Loft Bed & Bunk Bed Plan | Space Saving High Sleeper for Teens | Wooden Bedroom Furniture Blueprint  Unlock the full potential of any small bedroom with these premium Twin Loft Bed DIY Plans. Designed for parents and DIYers who want a custom, sturdy, and stylish solution, this blueprint is the perfect alternative to expensive store-bought furniture.  Whether you are searching for a Bunk Bed Plan to maximize floor space or a cool Teen Loft Bed upgrade, this project ",https://www.etsy.com/search?q=Twin%20Loft%20Bed%20DIY%20Plans%20with%20Stairs%20%26%20Desk%20%7C%20Space%20Saving%20Blueprint%20%28PDF%20Download%29%20Bizilla,,,PAUSED,,STATIC,Twin Loft Bed DIY Plans with Stairs & Desk | Space Saving Blueprint (PDF Download),https://www.etsy.com/search?q=Twin%20Loft%20Bed%20DIY%20Plans%20with%20Stairs%20%26%20Desk%20%7C%20Space%20Saving%20Blueprint%20%28PDF%20Download%29%20Bizilla,,,,,,,,,,,,,,,,,,,,,,,,,,,,,,,,,,,,,,,,,,,,,,,,,,,,,,,,,,,,,,,,,,,,,,,,,,,,,,,,,,BulkSheetVersion=V2
,CONSIDERATION,Bizilla Organic Inventory,PAUSED,,10.00,,,YES,,,,,,America/New_York,,,,,All Products,,,,,,STANDARD,CBO,PAUSED,,0.10,,,,,,,,,,,,,,,AUTOMATIC,,,,[US],,,,[All],[ALL],,,,[All],,,,,,,,,,,,,https://i.etsystatic.com/37058139/r/il/d7de66/7148078498/il_fullxfull.7148078498_b7z0.jpg,DIY Mobile Snack Bar Cart | Charcuterie Cart on Wheels | Small Foldable Vendor Cart | Refrigerated C,"DIY Mobile Serving Cart Plan: Build Your Dream Charcuterie, Coffee, or Snack Cart!  Ready to build the ultimate centerpiece for your next event? This isn't just a project—it's your complete guide to creating a stunning, multi-functional mobile serving cart that will impress your guests and elevate any occasion. Our detailed, step-by-step PDF plan gives you everything you need to bring this elegant, modern design to life, transforming your ideas into a beautiful, professional-looking cart.  Unmat",https://www.etsy.com/search?q=DIY%20Mobile%20Snack%20Bar%20Cart%20%7C%20Charcuterie%20Cart%20on%20Wheels%20%7C%20Small%20Foldable%20Vendor%20Cart%20%7C%20Refrigerated%20Charcuterie%20Cart%20Bizilla,,,PAUSED,,STATIC,DIY Mobile Snack Bar Cart | Charcuterie Cart on Wheels | Small Foldable Vendor Cart | Refrigerated Charcuterie Cart,https://www.etsy.com/search?q=DIY%20Mobile%20Snack%20Bar%20Cart%20%7C%20Charcuterie%20Cart%20on%20Wheels%20%7C%20Small%20Foldable%20Vendor%20Cart%20%7C%20Refrigerated%20Charcuterie%20Cart%20Bizilla,,,,,,,,,,,,,,,,,,,,,,,,,,,,,,,,,,,,,,,,,,,,,,,,,,,,,,,,,,,,,,,,,,,,,,,,,,,,,,,,,,BulkSheetVersion=V2
,CONSIDERATION,Bizilla Organic Inventory,PAUSED,,10.00,,,YES,,,,,,America/New_York,,,,,All Products,,,,,,STANDARD,CBO,PAUSED,,0.10,,,,,,,,,,,,,,,AUTOMATIC,,,,[US],,,,[All],[ALL],,,,[All],,,,,,,,,,,,,https://i.etsystatic.com/37058139/r/il/c4cb28/7389502348/il_fullxfull.7389502348_4sp0.jpg,Rustic Christmas Star Plan: DIY Wooden Holiday Decor | Wooden Stars For Christmas Tree (PDF Download,"Capture the perfect blend of rustic warmth and modern farmhouse charm!  This Rustic Christmas Star Plan provides everything you need to build this stunning 12-inch, 3D wooden star. Forget flat, lifeless decorations; this dimensional star has the substance and style to be the highlight of your DIY Wooden Holiday Decor.  This versatile 12-inch design is perfect as a ""shelf-sitter,"" a striking mantel centerpiece, or even as a unique tree topper for a larger tree. The ""hollow"" 3D construction makes ",https://www.etsy.com/search?q=Rustic%20Christmas%20Star%20Plan%3A%20DIY%20Wooden%20Holiday%20Decor%20%7C%20Wooden%20Stars%20For%20Christmas%20Tree%20%28PDF%20Download%29%20Bizilla,,,PAUSED,,STATIC,Rustic Christmas Star Plan: DIY Wooden Holiday Decor | Wooden Stars For Christmas Tree (PDF Download),https://www.etsy.com/search?q=Rustic%20Christmas%20Star%20Plan%3A%20DIY%20Wooden%20Holiday%20Decor%20%7C%20Wooden%20Stars%20For%20Christmas%20Tree%20%28PDF%20Download%29%20Bizilla,,,,,,,,,,,,,,,,,,,,,,,,,,,,,,,,,,,,,,,,,,,,,,,,,,,,,,,,,,,,,,,,,,,,,,,,,,,,,,,,,,BulkSheetVersion=V2
,CONSIDERATION,Bizilla Organic Inventory,PAUSED,,10.00,,,YES,,,,,,America/New_York,,,,,All Products,,,,,,STANDARD,CBO,PAUSED,,0.10,,,,,,,,,,,,,,,AUTOMATIC,,,,[US],,,,[All],[ALL],,,,[All],,,,,,,,,,,,,https://i.etsystatic.com/37058139/r/il/a5db26/7100756715/il_fullxfull.7100756715_rjum.jpg,Simple 2x4 Garden Bench Plans | DIY Outdoor Furniture (PDF Download),"Simple Bench Plans Outdoor Furniture |  2x4 lumber Patio Furniture | Garden Bench | Solid Wood Bench | Woodworking Plans | Deck Furniture  Now you can build this easy and sturdy bench and enhance the look of your patio, deck or back yard lawn.  Dimensions - L 70"" x W 15"" x H 19.5"" Estimated Cost: $45 Plans includes: . Complete List of Material . Cut List . Detail Drawings and Step-by-step Instructions . Tools List, Safety and Helpful Hints . Digital plans format. (Instant Download) Plans are in ",https://www.etsy.com/search?q=Simple%202x4%20Garden%20Bench%20Plans%20%7C%20DIY%20Outdoor%20Furniture%20%28PDF%20Download%29%20Bizilla,,,PAUSED,,STATIC,Simple 2x4 Garden Bench Plans | DIY Outdoor Furniture (PDF Download),https://www.etsy.com/search?q=Simple%202x4%20Garden%20Bench%20Plans%20%7C%20DIY%20Outdoor%20Furniture%20%28PDF%20Download%29%20Bizilla,,,,,,,,,,,,,,,,,,,,,,,,,,,,,,,,,,,,,,,,,,,,,,,,,,,,,,,,,,,,,,,,,,,,,,,,,,,,,,,,,,BulkSheetVersion=V2
,CONSIDERATION,Bizilla Organic Inventory,PAUSED,,10.00,,,YES,,,,,,America/New_York,,,,,All Products,,,,,,STANDARD,CBO,PAUSED,,0.10,,,,,,,,,,,,,,,AUTOMATIC,,,,[US],,,,[All],[ALL],,,,[All],,,,,,,,,,,,,https://i.etsystatic.com/37058139/r/il/eea007/7804919140/il_fullxfull.7804919140_8p8d.jpg,DIY Base Cabinet Plans with Drawers | Garage Organization Woodworking PDF | Plywood Furniture Bluepr,"Build Your Own Custom Base Cabinet with Drawers!  Looking for the perfect storage solution? This comprehensive DIY Cabinet Plan provides everything you need to build a sturdy, professional-looking 3-section base cabinet with drawers. Whether you are upgrading your workshop with new garage drawers plans or looking for highly detailed organization plans woodworking projects, this blueprint is designed for success.  Perfect for DIYers of all levels, these cabinet plans for beginners include step-by",https://www.etsy.com/search?q=DIY%20Base%20Cabinet%20Plans%20with%20Drawers%20%7C%20Garage%20Organization%20Woodworking%20PDF%20%7C%20Plywood%20Furniture%20Blueprint%20Bizilla,,,PAUSED,,STATIC,DIY Base Cabinet Plans with Drawers | Garage Organization Woodworking PDF | Plywood Furniture Blueprint,https://www.etsy.com/search?q=DIY%20Base%20Cabinet%20Plans%20with%20Drawers%20%7C%20Garage%20Organization%20Woodworking%20PDF%20%7C%20Plywood%20Furniture%20Blueprint%20Bizilla,,,,,,,,,,,,,,,,,,,,,,,,,,,,,,,,,,,,,,,,,,,,,,,,,,,,,,,,,,,,,,,,,,,,,,,,,,,,,,,,,,BulkSheetVersion=V2
,CONSIDERATION,Bizilla Organic Inventory,PAUSED,,10.00,,,YES,,,,,,America/New_York,,,,,All Products,,,,,,STANDARD,CBO,PAUSED,,0.10,,,,,,,,,,,,,,,AUTOMATIC,,,,[US],,,,[All],[ALL],,,,[All],,,,,,,,,,,,,https://i.etsystatic.com/37058139/r/il/268a9b/7805304588/il_fullxfull.7805304588_r815.jpg,DIY Multipurpose Workbench Plans | Assembly Work Bench PDF | Garage Work Bench Storage | Craft Room ,"Build the Ultimate Massive Storage Workbench!  Take your workshop or craft room to the next level with this incredible DIY Multipurpose Workbench Plan. Measuring over 10 feet wide, this heavy-duty island features a massive solid work surface and 9 spacious drawers, giving you the ultimate garage work bench storage solution.  Whether you need a heavy-duty assembly work bench for your woodworking shop, a dedicated workbench for craft room projects, or a large-scale tool chest plan to organize all ",https://www.etsy.com/search?q=DIY%20Multipurpose%20Workbench%20Plans%20%7C%20Assembly%20Work%20Bench%20PDF%20%7C%20Garage%20Work%20Bench%20Storage%20%7C%20Craft%20Room%20Table%20Build%20%7C%20Tool%20Chest%20Pattern%20Bizilla,,,PAUSED,,STATIC,DIY Multipurpose Workbench Plans | Assembly Work Bench PDF | Garage Work Bench Storage | Craft Room Table Build | Tool Chest Pat,https://www.etsy.com/search?q=DIY%20Multipurpose%20Workbench%20Plans%20%7C%20Assembly%20Work%20Bench%20PDF%20%7C%20Garage%20Work%20Bench%20Storage%20%7C%20Craft%20Room%20Table%20Build%20%7C%20Tool%20Chest%20Pattern%20Bizilla,,,,,,,,,,,,,,,,,,,,,,,,,,,,,,,,,,,,,,,,,,,,,,,,,,,,,,,,,,,,,,,,,,,,,,,,,,,,,,,,,,BulkSheetVersion=V2
,CONSIDERATION,Bizilla Organic Inventory,PAUSED,,10.00,,,YES,,,,,,America/New_York,,,,,All Products,,,,,,STANDARD,CBO,PAUSED,,0.10,,,,,,,,,,,,,,,AUTOMATIC,,,,[US],,,,[All],[ALL],,,,[All],,,,,,,,,,,,,https://i.etsystatic.com/37058139/r/il/b76c43/7853209255/il_fullxfull.7853209255_48o0.jpg,DIY Tool Organizer Plans | Cordless Drill Holder PDF | Power Tool Rack Plans | Wooden Drill Battery ,"Build the Ultimate Power Tool & Battery Organizer!  Tired of a cluttered workbench and missing batteries? Reclaim your workspace with this comprehensive DIY Tool Organizer Plan! Specifically designed for modern woodworkers and DIYers, this heavy-duty wall-mounted shelf features dedicated bottom slots perfectly sized for hanging cordless drills and impact drivers.  The spacious upper shelves provide the ideal wooden drill and battery organizer setup, giving you plenty of room for charging station",https://www.etsy.com/search?q=DIY%20Tool%20Organizer%20Plans%20%7C%20Cordless%20Drill%20Holder%20PDF%20%7C%20Power%20Tool%20Rack%20Plans%20%7C%20Wooden%20Drill%20Battery%20Storage%20Blueprint%20Bizilla,,,PAUSED,,STATIC,DIY Tool Organizer Plans | Cordless Drill Holder PDF | Power Tool Rack Plans | Wooden Drill Battery Storage Blueprint,https://www.etsy.com/search?q=DIY%20Tool%20Organizer%20Plans%20%7C%20Cordless%20Drill%20Holder%20PDF%20%7C%20Power%20Tool%20Rack%20Plans%20%7C%20Wooden%20Drill%20Battery%20Storage%20Blueprint%20Bizilla,,,,,,,,,,,,,,,,,,,,,,,,,,,,,,,,,,,,,,,,,,,,,,,,,,,,,,,,,,,,,,,,,,,,,,,,,,,,,,,,,,BulkSheetVersion=V2
,CONSIDERATION,Bizilla Organic Inventory,PAUSED,,10.00,,,YES,,,,,,America/New_York,,,,,All Products,,,,,,STANDARD,CBO,PAUSED,,0.10,,,,,,,,,,,,,,,AUTOMATIC,,,,[US],,,,[All],[ALL],,,,[All],,,,,,,,,,,,,https://i.etsystatic.com/37058139/r/il/643fa0/7805253362/il_fullxfull.7805253362_cves.jpg,DIY Shooting Bench Plans | Wood Rifle Shooting Table PDF | Shooters Bench Blueprint |  Shooting Rang,"Build the Ultimate Stable Shooting Bench!  Improve your accuracy and enjoy comfortable target practice with this comprehensive DIY Shooting Bench Plan. Stability is everything when sighting in a rifle, and this heavy-duty wood shooting bench is designed to provide a rock-solid foundation. Featuring an integrated seating area and a spacious, robust tabletop, this is the perfect shooting table and bench setup for your backyard or private range.  Skip the wobbly, expensive portable tables. Whether ",https://www.etsy.com/search?q=DIY%20Shooting%20Bench%20Plans%20%7C%20Wood%20Rifle%20Shooting%20Table%20PDF%20%7C%20Shooters%20Bench%20Blueprint%20%7C%20%20Shooting%20Range%20Table%20Build%20%7C%20Hunting%20Stand%20Bizilla,,,PAUSED,,STATIC,DIY Shooting Bench Plans | Wood Rifle Shooting Table PDF | Shooters Bench Blueprint |  Shooting Range Table Build | Hunting Stan,https://www.etsy.com/search?q=DIY%20Shooting%20Bench%20Plans%20%7C%20Wood%20Rifle%20Shooting%20Table%20PDF%20%7C%20Shooters%20Bench%20Blueprint%20%7C%20%20Shooting%20Range%20Table%20Build%20%7C%20Hunting%20Stand%20Bizilla,,,,,,,,,,,,,,,,,,,,,,,,,,,,,,,,,,,,,,,,,,,,,,,,,,,,,,,,,,,,,,,,,,,,,,,,,,,,,,,,,,BulkSheetVersion=V2
,CONSIDERATION,Bizilla Organic Inventory,PAUSED,,10.00,,,YES,,,,,,America/New_York,,,,,All Products,,,,,,STANDARD,CBO,PAUSED,,0.10,,,,,,,,,,,,,,,AUTOMATIC,,,,[US],,,,[All],[ALL],,,,[All],,,,,,,,,,,,,https://i.etsystatic.com/37058139/r/il/fe6960/7805170778/il_fullxfull.7805170778_snx6.jpg,DIY Kids Garage Playset Plan | Mechanic Pretend Play Station PDF | Wooden Toy Car Stand | Playroom R,"Build the Ultimate Pretend Play Mechanic Garage!  Spark your child's imagination with this unique DIY Kids Playset Plan! Designed to look like a real mechanic's service station, this wooden play stand features a fun car front profile, a service counter, and side panels perfect for a chalkboard menu or tool display. It is the ultimate playroom role play build for little ones who love cars and fixing things!  Stop buying flimsy plastic toys that break in a month. Use this toddler playset blueprint",https://www.etsy.com/search?q=DIY%20Kids%20Garage%20Playset%20Plan%20%7C%20Mechanic%20Pretend%20Play%20Station%20PDF%20%7C%20Wooden%20Toy%20Car%20Stand%20%7C%20Playroom%20Role%20Play%20Build%20Bizilla,,,PAUSED,,STATIC,DIY Kids Garage Playset Plan | Mechanic Pretend Play Station PDF | Wooden Toy Car Stand | Playroom Role Play Build,https://www.etsy.com/search?q=DIY%20Kids%20Garage%20Playset%20Plan%20%7C%20Mechanic%20Pretend%20Play%20Station%20PDF%20%7C%20Wooden%20Toy%20Car%20Stand%20%7C%20Playroom%20Role%20Play%20Build%20Bizilla,,,,,,,,,,,,,,,,,,,,,,,,,,,,,,,,,,,,,,,,,,,,,,,,,,,,,,,,,,,,,,,,,,,,,,,,,,,,,,,,,,BulkSheetVersion=V2
,CONSIDERATION,Bizilla Organic Inventory,PAUSED,,10.00,,,YES,,,,,,America/New_York,,,,,All Products,,,,,,STANDARD,CBO,PAUSED,,0.10,,,,,,,,,,,,,,,AUTOMATIC,,,,[US],,,,[All],[ALL],,,,[All],,,,,,,,,,,,,https://i.etsystatic.com/37058139/r/il/8ed2cf/7853071829/il_fullxfull.7853071829_in3q.jpg,DIY Memory Box Plans | Small Wooden Box Projects PDF | Keepsake Gift Box Blueprint | Small Wood DIY ,"Build a Beautiful Custom Keepsake Box!  Looking for a rewarding and meaningful woodworking project? This comprehensive DIY Memory Box Plan provides everything you need to craft a stunning, high-quality wooden box with a hinged lid. Whether you are searching for elegant gift box plans for a loved one, or robust momento box plans to safely store your treasured keepsakes, this detailed blueprint is the perfect guide.  Ideal for weekend crafters and seasoned woodworkers alike, these plans for small ",https://www.etsy.com/search?q=DIY%20Memory%20Box%20Plans%20%7C%20Small%20Wooden%20Box%20Projects%20PDF%20%7C%20Keepsake%20Gift%20Box%20Blueprint%20%7C%20Small%20Wood%20DIY%20Projects%20Bizilla,,,PAUSED,,STATIC,DIY Memory Box Plans | Small Wooden Box Projects PDF | Keepsake Gift Box Blueprint | Small Wood DIY Projects,https://www.etsy.com/search?q=DIY%20Memory%20Box%20Plans%20%7C%20Small%20Wooden%20Box%20Projects%20PDF%20%7C%20Keepsake%20Gift%20Box%20Blueprint%20%7C%20Small%20Wood%20DIY%20Projects%20Bizilla,,,,,,,,,,,,,,,,,,,,,,,,,,,,,,,,,,,,,,,,,,,,,,,,,,,,,,,,,,,,,,,,,,,,,,,,,,,,,,,,,,BulkSheetVersion=V2
,CONSIDERATION,Bizilla Organic Inventory,PAUSED,,10.00,,,YES,,,,,,America/New_York,,,,,All Products,,,,,,STANDARD,CBO,PAUSED,,0.10,,,,,,,,,,,,,,,AUTOMATIC,,,,[US],,,,[All],[ALL],,,,[All],,,,,,,,,,,,,https://i.etsystatic.com/37058139/r/il/a9ca88/7805112778/il_fullxfull.7805112778_alnm.jpg,DIY Kids Wooden Chair Plans | Toddler Chair Plans PDF | Child Patio Chair Wood Plans | Wood Chair Te,"Build the Perfect Sturdy Chair for Your Little Ones!  Looking for a rewarding weekend project? This comprehensive DIY Kids Wooden Chair Plan provides everything you need to craft a durable, comfortable, and beautiful wooden chair. Whether you want to build a toddler chair out of wood for the playroom or a cute child patio chair for the backyard, this blueprint makes it easy and fun.  Perfect for anyone interested in kids woodshop DIY projects, these instructions are clear, beginner-friendly, and",https://www.etsy.com/search?q=DIY%20Kids%20Wooden%20Chair%20Plans%20%7C%20Toddler%20Chair%20Plans%20PDF%20%7C%20Child%20Patio%20Chair%20Wood%20Plans%20%7C%20Wood%20Chair%20Template%20Printable%20Bizilla,,,PAUSED,,STATIC,DIY Kids Wooden Chair Plans | Toddler Chair Plans PDF | Child Patio Chair Wood Plans | Wood Chair Template Printable,https://www.etsy.com/search?q=DIY%20Kids%20Wooden%20Chair%20Plans%20%7C%20Toddler%20Chair%20Plans%20PDF%20%7C%20Child%20Patio%20Chair%20Wood%20Plans%20%7C%20Wood%20Chair%20Template%20Printable%20Bizilla,,,,,,,,,,,,,,,,,,,,,,,,,,,,,,,,,,,,,,,,,,,,,,,,,,,,,,,,,,,,,,,,,,,,,,,,,,,,,,,,,,BulkSheetVersion=V2
,CONSIDERATION,Bizilla Organic Inventory,PAUSED,,10.00,,,YES,,,,,,America/New_York,,,,,All Products,,,,,,STANDARD,CBO,PAUSED,,0.10,,,,,,,,,,,,,,,AUTOMATIC,,,,[US],,,,[All],[ALL],,,,[All],,,,,,,,,,,,,https://i.etsystatic.com/37058139/r/il/79b831/7804901004/il_fullxfull.7804901004_dokc.jpg,DIY Dining Table Plan | Midcentury Modern Furniture | Outdoor Wood Table PDF | Wooden Dining Table P,"Elevate Your Space with DIY Midcentury Modern Furniture Home Decor!  Are you looking to upgrade your dining area with a timeless, handcrafted piece? Build your own stunning dining table with our comprehensive woodworking plans! Featuring elegant, curved wooden legs and a spacious top, this design perfectly captures the essence of Midcentury Modern Furniture Home Decor.  Whether you need a reliable template wood furniture guide to challenge your DIY skills or are simply looking to create beautifu",https://www.etsy.com/search?q=DIY%20Dining%20Table%20Plan%20%7C%20Midcentury%20Modern%20Furniture%20%7C%20Outdoor%20Wood%20Table%20PDF%20%7C%20Wooden%20Dining%20Table%20Plan%20Bizilla,,,PAUSED,,STATIC,DIY Dining Table Plan | Midcentury Modern Furniture | Outdoor Wood Table PDF | Wooden Dining Table Plan,https://www.etsy.com/search?q=DIY%20Dining%20Table%20Plan%20%7C%20Midcentury%20Modern%20Furniture%20%7C%20Outdoor%20Wood%20Table%20PDF%20%7C%20Wooden%20Dining%20Table%20Plan%20Bizilla,,,,,,,,,,,,,,,,,,,,,,,,,,,,,,,,,,,,,,,,,,,,,,,,,,,,,,,,,,,,,,,,,,,,,,,,,,,,,,,,,,BulkSheetVersion=V2
,CONSIDERATION,Bizilla Organic Inventory,PAUSED,,10.00,,,YES,,,,,,America/New_York,,,,,All Products,,,,,,STANDARD,CBO,PAUSED,,0.10,,,,,,,,,,,,,,,AUTOMATIC,,,,[US],,,,[All],[ALL],,,,[All],,,,,,,,,,,,,https://i.etsystatic.com/37058139/r/il/0dbf7b/7277709006/il_fullxfull.7277709006_ltel.jpg,DIY Tiered Flower Display Stand Plans: Large Wood Planter (PDF Pattern),"DIY Large Planter & Raised Garden Bed with Trellis Woodworking Plans  Tired of expensive, flimsy store-bought garden furniture? Dreaming of a lush, organized outdoor space that makes gardening comfortable and stylish?  Our Ultimate Tiered Planter Plans transform your patio, deck, or balcony into a stunning focal point. These plans don't just show you how to build a box—they give you the blueprint for a commanding, multi-functional Patio Decor centerpiece that combines massive planting volume wit",https://www.etsy.com/search?q=DIY%20Tiered%20Flower%20Display%20Stand%20Plans%3A%20Large%20Wood%20Planter%20%28PDF%20Pattern%29%20Bizilla,,,PAUSED,,STATIC,DIY Tiered Flower Display Stand Plans: Large Wood Planter (PDF Pattern),https://www.etsy.com/search?q=DIY%20Tiered%20Flower%20Display%20Stand%20Plans%3A%20Large%20Wood%20Planter%20%28PDF%20Pattern%29%20Bizilla,,,,,,,,,,,,,,,,,,,,,,,,,,,,,,,,,,,,,,,,,,,,,,,,,,,,,,,,,,,,,,,,,,,,,,,,,,,,,,,,,,BulkSheetVersion=V2
,CONSIDERATION,Bizilla Organic Inventory,PAUSED,,10.00,,,YES,,,,,,America/New_York,,,,,All Products,,,,,,STANDARD,CBO,PAUSED,,0.10,,,,,,,,,,,,,,,AUTOMATIC,,,,[US],,,,[All],[ALL],,,,[All],,,,,,,,,,,,,https://i.etsystatic.com/37058139/r/il/33825c/7401018262/il_fullxfull.7401018262_pvlb.jpg,"Grinch and Max Dog Christmas Tree SVG, PNG, JPG Bundle |","🎄 12 Grinch & Max Dog Christmas Tree Digital Bundle | SVG, PNG, JPG Cut Files | Merry Grinchmas Clipart for Cricut, Sublimation & Crafts 🐾  Bring a touch of Whoville whimsy and holiday mischief to your crafting this season with our ultimate 12-design Grinch and Max Dog Christmas Tree Bundle!  This comprehensive digital pack features everyone's favorite grumpy green character and his loyal dog, Max, often with a playfully ""stolen"" or uniquely decorated Christmas tree. Whether you're making shirts",https://www.etsy.com/search?q=Grinch%20and%20Max%20Dog%20Christmas%20Tree%20SVG%2C%20PNG%2C%20JPG%20Bundle%20%7C%20Bizilla,,,PAUSED,,STATIC,"Grinch and Max Dog Christmas Tree SVG, PNG, JPG Bundle |",https://www.etsy.com/search?q=Grinch%20and%20Max%20Dog%20Christmas%20Tree%20SVG%2C%20PNG%2C%20JPG%20Bundle%20%7C%20Bizilla,,,,,,,,,,,,,,,,,,,,,,,,,,,,,,,,,,,,,,,,,,,,,,,,,,,,,,,,,,,,,,,,,,,,,,,,,,,,,,,,,,BulkSheetVersion=V2
,CONSIDERATION,Bizilla Organic Inventory,PAUSED,,10.00,,,YES,,,,,,America/New_York,,,,,All Products,,,,,,STANDARD,CBO,PAUSED,,0.10,,,,,,,,,,,,,,,AUTOMATIC,,,,[US],,,,[All],[ALL],,,,[All],,,,,,,,,,,,,https://i.etsystatic.com/37058139/r/il/164686/7070695407/il_fullxfull.7070695407_61t3.jpg,DIY 27-Gallon Tote Rack Plan 2x2 | Costco Totes (PDF Pattern),"27-Gallon Bin Rack 2x2 | DIY Storage for 4 Costco Totes Tired of cluttered spaces and unorganized storage? Our 2x2 27-gallon bin rack plans are exactly what you need to bring order to your garage, workshop, or storage area! Designed specifically for Costco's popular 27-gallon tough totes, this DIY storage solution offers a sturdy and efficient way to organize your belongings.  These easy-to-follow plans allow you to build a compact and robust rack that holds four 27-gallon storage totes. Whether",https://www.etsy.com/search?q=DIY%2027-Gallon%20Tote%20Rack%20Plan%202x2%20%7C%20Costco%20Totes%20%28PDF%20Pattern%29%20Bizilla,,,PAUSED,,STATIC,DIY 27-Gallon Tote Rack Plan 2x2 | Costco Totes (PDF Pattern),https://www.etsy.com/search?q=DIY%2027-Gallon%20Tote%20Rack%20Plan%202x2%20%7C%20Costco%20Totes%20%28PDF%20Pattern%29%20Bizilla,,,,,,,,,,,,,,,,,,,,,,,,,,,,,,,,,,,,,,,,,,,,,,,,,,,,,,,,,,,,,,,,,,,,,,,,,,,,,,,,,,BulkSheetVersion=V2
,CONSIDERATION,Bizilla Organic Inventory,PAUSED,,10.00,,,YES,,,,,,America/New_York,,,,,All Products,,,,,,STANDARD,CBO,PAUSED,,0.10,,,,,,,,,,,,,,,AUTOMATIC,,,,[US],,,,[All],[ALL],,,,[All],,,,,,,,,,,,,https://i.etsystatic.com/37058139/r/il/f1fc11/7777346356/il_fullxfull.7777346356_ti44.jpg,DIY Farmhouse Bench Plans | Entryway Shoe Storage Blueprint (PDF Download),"Organize Your Entryway with a Heavy-Duty DIY Farmhouse Shoe Bench!  Tired of tripping over shoes in your hallway or mudroom? Build the ultimate organization solution with our comprehensive entryway bench plan. This massive, extra-sturdy farm bench features a wide seating area and a full-length lower shelf, making it the perfect diy shoe rack bench for large families, farmhouses, or spacious porches.  Whether you are looking for stylish mudroom plans to upgrade your home's entrance or a straightf",https://www.etsy.com/search?q=DIY%20Farmhouse%20Bench%20Plans%20%7C%20Entryway%20Shoe%20Storage%20Blueprint%20%28PDF%20Download%29%20Bizilla,,,PAUSED,,STATIC,DIY Farmhouse Bench Plans | Entryway Shoe Storage Blueprint (PDF Download),https://www.etsy.com/search?q=DIY%20Farmhouse%20Bench%20Plans%20%7C%20Entryway%20Shoe%20Storage%20Blueprint%20%28PDF%20Download%29%20Bizilla,,,,,,,,,,,,,,,,,,,,,,,,,,,,,,,,,,,,,,,,,,,,,,,,,,,,,,,,,,,,,,,,,,,,,,,,,,,,,,,,,,BulkSheetVersion=V2
,CONSIDERATION,Bizilla Organic Inventory,PAUSED,,10.00,,,YES,,,,,,America/New_York,,,,,All Products,,,,,,STANDARD,CBO,PAUSED,,0.10,,,,,,,,,,,,,,,AUTOMATIC,,,,[US],,,,[All],[ALL],,,,[All],,,,,,,,,,,,,https://i.etsystatic.com/37058139/r/il/928c63/7766422162/il_fullxfull.7766422162_8wur.jpg,DIY L-Shaped Desk Plans | Corner Computer Build Guide With Drawers (Digital Download),"Build Your Ultimate Workspace with DIY L-Shaped Desk Plans!  Looking for the perfect office desk to maximize your corner space? Learn how to build a desk that is both highly functional and incredibly stylish with our comprehensive corner desk blueprints. This project features a spacious L-shaped work surface and built-in drawers on both sides, making it the ultimate computer desk DIY project for your home office, gaming room, or as a sturdy study desk.  Whether you are an experienced woodworker ",https://www.etsy.com/search?q=DIY%20L-Shaped%20Desk%20Plans%20%7C%20Corner%20Computer%20Build%20Guide%20With%20Drawers%20%28Digital%20Download%29%20Bizilla,,,PAUSED,,STATIC,DIY L-Shaped Desk Plans | Corner Computer Build Guide With Drawers (Digital Download),https://www.etsy.com/search?q=DIY%20L-Shaped%20Desk%20Plans%20%7C%20Corner%20Computer%20Build%20Guide%20With%20Drawers%20%28Digital%20Download%29%20Bizilla,,,,,,,,,,,,,,,,,,,,,,,,,,,,,,,,,,,,,,,,,,,,,,,,,,,,,,,,,,,,,,,,,,,,,,,,,,,,,,,,,,BulkSheetVersion=V2
,CONSIDERATION,Bizilla Organic Inventory,PAUSED,,10.00,,,YES,,,,,,America/New_York,,,,,All Products,,,,,,STANDARD,CBO,PAUSED,,0.10,,,,,,,,,,,,,,,AUTOMATIC,,,,[US],,,,[All],[ALL],,,,[All],,,,,,,,,,,,,https://i.etsystatic.com/37058139/r/il/dd1da6/7279284301/il_fullxfull.7279284301_ht2y.jpg,Wooden Christmas Tree Shelf Plans: Easy DIY Build (PDF Pattern),"Easy DIY Wooden Christmas Tree Shelf Blueprints (3 Sizes!)  Tired of the same old holiday decor? Unleash your inner craftsman and create a stunning, rustic centerpiece this season! These easy-to-follow blueprints give you everything you need to build your own gorgeous, tiered wooden Christmas tree shelves.  Imagine the satisfaction of crafting your own holiday decor, perfect for display or gifting!  What You'll Be Building  These plans include all the details for creating a beautiful trio of tre",https://www.etsy.com/search?q=Wooden%20Christmas%20Tree%20Shelf%20Plans%3A%20Easy%20DIY%20Build%20%28PDF%20Pattern%29%20Bizilla,,,PAUSED,,STATIC,Wooden Christmas Tree Shelf Plans: Easy DIY Build (PDF Pattern),https://www.etsy.com/search?q=Wooden%20Christmas%20Tree%20Shelf%20Plans%3A%20Easy%20DIY%20Build%20%28PDF%20Pattern%29%20Bizilla,,,,,,,,,,,,,,,,,,,,,,,,,,,,,,,,,,,,,,,,,,,,,,,,,,,,,,,,,,,,,,,,,,,,,,,,,,,,,,,,,,BulkSheetVersion=V2
,CONSIDERATION,Bizilla Organic Inventory,PAUSED,,10.00,,,YES,,,,,,America/New_York,,,,,All Products,,,,,,STANDARD,CBO,PAUSED,,0.10,,,,,,,,,,,,,,,AUTOMATIC,,,,[US],,,,[All],[ALL],,,,[All],,,,,,,,,,,,,https://i.etsystatic.com/37058139/r/il/49d6aa/7448901685/il_fullxfull.7448901685_fpkz.jpg,"Grinch Hand Stealing Christmas Tree SVG & PNG Bundle | Whoville Tree Clipart, Sublimation Files","The Ultimate Grinch Christmas Tree Design!  Capture the moment of holiday mischief with this fantastic digital download featuring the iconic Grinch Hand reaching around a beautifully shaped Christmas tree! This design is the perfect centerpiece for all your festive crafting.  Whether you're decorating a shirt for your little one (Grinch for Boys), creating a viral tee (Trending Christmas Shirts 2025), or designing unique gifts, this bundle provides high-quality Grinch Svg and PNG files ready for",https://www.etsy.com/search?q=Grinch%20Hand%20Stealing%20Christmas%20Tree%20SVG%20%26%20PNG%20Bundle%20%7C%20Whoville%20Tree%20Clipart%2C%20Sublimation%20Files%20Bizilla,,,PAUSED,,STATIC,"Grinch Hand Stealing Christmas Tree SVG & PNG Bundle | Whoville Tree Clipart, Sublimation Files",https://www.etsy.com/search?q=Grinch%20Hand%20Stealing%20Christmas%20Tree%20SVG%20%26%20PNG%20Bundle%20%7C%20Whoville%20Tree%20Clipart%2C%20Sublimation%20Files%20Bizilla,,,,,,,,,,,,,,,,,,,,,,,,,,,,,,,,,,,,,,,,,,,,,,,,,,,,,,,,,,,,,,,,,,,,,,,,,,,,,,,,,,BulkSheetVersion=V2
,CONSIDERATION,Bizilla Organic Inventory,PAUSED,,10.00,,,YES,,,,,,America/New_York,,,,,All Products,,,,,,STANDARD,CBO,PAUSED,,0.10,,,,,,,,,,,,,,,AUTOMATIC,,,,[US],,,,[All],[ALL],,,,[All],,,,,,,,,,,,,https://i.etsystatic.com/37058139/r/il/367063/7418330317/il_fullxfull.7418330317_i8wt.jpg,Vintage Christmas Frame TV Art: 100+ Holiday Pictures (Digital Download),"🎄 A Storybook Christmas: The Ultimate Frame TV Art Collection (100+ Pieces)  Invoke the Magic of a Bygone Christmas  Imagine your living room bathed in the soft, nostalgic glow of a Christmas past. This isn't just a TV; it's a portal to a classic holiday story.  Our exclusive 100+ piece Frame TV Art Collection is a carefully curated gallery designed to instantly transform your Samsung Frame TV into a breathtaking seasonal centerpiece. This bundle weaves together the solemn beauty of the season w",https://www.etsy.com/search?q=Vintage%20Christmas%20Frame%20TV%20Art%3A%20100%2B%20Holiday%20Pictures%20%28Digital%20Download%29%20Bizilla,,,PAUSED,,STATIC,Vintage Christmas Frame TV Art: 100+ Holiday Pictures (Digital Download),https://www.etsy.com/search?q=Vintage%20Christmas%20Frame%20TV%20Art%3A%20100%2B%20Holiday%20Pictures%20%28Digital%20Download%29%20Bizilla,,,,,,,,,,,,,,,,,,,,,,,,,,,,,,,,,,,,,,,,,,,,,,,,,,,,,,,,,,,,,,,,,,,,,,,,,,,,,,,,,,BulkSheetVersion=V2
,CONSIDERATION,Bizilla Organic Inventory,PAUSED,,10.00,,,YES,,,,,,America/New_York,,,,,All Products,,,,,,STANDARD,CBO,PAUSED,,0.10,,,,,,,,,,,,,,,AUTOMATIC,,,,[US],,,,[All],[ALL],,,,[All],,,,,,,,,,,,,https://i.etsystatic.com/37058139/r/il/7339a6/7111831915/il_fullxfull.7111831915_rjrc.jpg,DIY Firewood Shed Plans | 2 Cord Capacity with Tool Storage (PDF Download),"Are you tired of unorganized firewood and searching for the perfect storage solution? Our 4x10 Firewood Shed Plans are exactly what you need to build a robust and functional wood shed that keeps your firewood dry and neatly stacked! These comprehensive plans are perfect for DIY enthusiasts and homeowners looking to build a reliable outdoor storage solution.  Why Choose Our 4x10 Firewood Shed Plans? Optimal Capacity: Designed to hold approximately 2 cord firewood, this shed ensures you have ample",https://www.etsy.com/search?q=DIY%20Firewood%20Shed%20Plans%20%7C%202%20Cord%20Capacity%20with%20Tool%20Storage%20%28PDF%20Download%29%20Bizilla,,,PAUSED,,STATIC,DIY Firewood Shed Plans | 2 Cord Capacity with Tool Storage (PDF Download),https://www.etsy.com/search?q=DIY%20Firewood%20Shed%20Plans%20%7C%202%20Cord%20Capacity%20with%20Tool%20Storage%20%28PDF%20Download%29%20Bizilla,,,,,,,,,,,,,,,,,,,,,,,,,,,,,,,,,,,,,,,,,,,,,,,,,,,,,,,,,,,,,,,,,,,,,,,,,,,,,,,,,,BulkSheetVersion=V2
,CONSIDERATION,Bizilla Organic Inventory,PAUSED,,10.00,,,YES,,,,,,America/New_York,,,,,All Products,,,,,,STANDARD,CBO,PAUSED,,0.10,,,,,,,,,,,,,,,AUTOMATIC,,,,[US],,,,[All],[ALL],,,,[All],,,,,,,,,,,,,https://i.etsystatic.com/37058139/r/il/b5e3fb/7151751233/il_fullxfull.7151751233_jleo.jpg,Gold Funeral Program Template | Canva Bifold Memorial (Digital Download),"Editable Funeral Program Template – Celebration of Life | Instant Download | Printable Memorial Service Program  Saying goodbye to someone we love is never easy. In these difficult moments, creating a funeral program that beautifully tells their story can feel overwhelming. This editable funeral program template makes it simple to design a heartfelt celebration of life brochure that honors their memory — without the stress of complicated software.  With this instant download funeral template, yo",https://www.etsy.com/search?q=Gold%20Funeral%20Program%20Template%20%7C%20Canva%20Bifold%20Memorial%20%28Digital%20Download%29%20Bizilla,,,PAUSED,,STATIC,Gold Funeral Program Template | Canva Bifold Memorial (Digital Download),https://www.etsy.com/search?q=Gold%20Funeral%20Program%20Template%20%7C%20Canva%20Bifold%20Memorial%20%28Digital%20Download%29%20Bizilla,,,,,,,,,,,,,,,,,,,,,,,,,,,,,,,,,,,,,,,,,,,,,,,,,,,,,,,,,,,,,,,,,,,,,,,,,,,,,,,,,,BulkSheetVersion=V2
,CONSIDERATION,Bizilla Organic Inventory,PAUSED,,10.00,,,YES,,,,,,America/New_York,,,,,All Products,,,,,,STANDARD,CBO,PAUSED,,0.10,,,,,,,,,,,,,,,AUTOMATIC,,,,[US],,,,[All],[ALL],,,,[All],,,,,,,,,,,,,https://i.etsystatic.com/37058139/r/il/8f11dd/7063932482/il_fullxfull.7063932482_h7ub.jpg,Roubo Workbench Plans PDF | Build Your Own Traditional Split Top Workbench | Ultimate Woodworking Be,"Elevate your woodworking with our comprehensive Roubo Workbench Plans PDF! If you're looking to build a timeless, incredibly sturdy, and highly functional workbench that will last a lifetime, these plans are for you. Based on the classic 18th-century design by André-Jacob Roubo, this workbench is renowned for its stability and versatility.  Why Choose Our Roubo Workbench Plans?  Timeless Design: Build a traditional workbench that combines historical elegance with modern functionality, a true cen",https://www.etsy.com/search?q=Roubo%20Workbench%20Plans%20PDF%20%7C%20Build%20Your%20Own%20Traditional%20Split%20Top%20Workbench%20%7C%20Ultimate%20Woodworking%20Bench%20Bizilla,,,PAUSED,,STATIC,Roubo Workbench Plans PDF | Build Your Own Traditional Split Top Workbench | Ultimate Woodworking Bench,https://www.etsy.com/search?q=Roubo%20Workbench%20Plans%20PDF%20%7C%20Build%20Your%20Own%20Traditional%20Split%20Top%20Workbench%20%7C%20Ultimate%20Woodworking%20Bench%20Bizilla,,,,,,,,,,,,,,,,,,,,,,,,,,,,,,,,,,,,,,,,,,,,,,,,,,,,,,,,,,,,,,,,,,,,,,,,,,,,,,,,,,BulkSheetVersion=V2
,CONSIDERATION,Bizilla Organic Inventory,PAUSED,,10.00,,,YES,,,,,,America/New_York,,,,,All Products,,,,,,STANDARD,CBO,PAUSED,,0.10,,,,,,,,,,,,,,,AUTOMATIC,,,,[US],,,,[All],[ALL],,,,[All],,,,,,,,,,,,,https://i.etsystatic.com/37058139/r/il/545b1f/7111849853/il_fullxfull.7111849853_fp1q.jpg,Heavy-Duty Sawhorse DIY Plan | Adjustable Workbench (Digital Download),"Unleash the full potential of your workshop with our ""Sawhorse on Steroids"" DIY Plans! This isn't just any sawhorse; it's a robust, multi-functional beast designed to elevate your woodworking projects. Perfect for serious DIYers and professionals alike, these plans guide you through building the ultimate sawhorse that can double as a sturdy workbench.  Why Our ""Sawhorse on Steroids"" Plans Are a Must-Have: Unmatched Durability: Build a heavy-duty saw horse capable of supporting significant weight",https://www.etsy.com/search?q=Heavy-Duty%20Sawhorse%20DIY%20Plan%20%7C%20Adjustable%20Workbench%20%28Digital%20Download%29%20Bizilla,,,PAUSED,,STATIC,Heavy-Duty Sawhorse DIY Plan | Adjustable Workbench (Digital Download),https://www.etsy.com/search?q=Heavy-Duty%20Sawhorse%20DIY%20Plan%20%7C%20Adjustable%20Workbench%20%28Digital%20Download%29%20Bizilla,,,,,,,,,,,,,,,,,,,,,,,,,,,,,,,,,,,,,,,,,,,,,,,,,,,,,,,,,,,,,,,,,,,,,,,,,,,,,,,,,,BulkSheetVersion=V2
,CONSIDERATION,Bizilla Organic Inventory,PAUSED,,10.00,,,YES,,,,,,America/New_York,,,,,All Products,,,,,,STANDARD,CBO,PAUSED,,0.10,,,,,,,,,,,,,,,AUTOMATIC,,,,[US],,,,[All],[ALL],,,,[All],,,,,,,,,,,,,https://i.etsystatic.com/37058139/r/il/7d6424/7814479317/il_fullxfull.7814479317_7dfp.jpg,Modern Ping Pong Table Plans | DIY Game Table Blueprint (PDF Download),"Bring the Fun Home with Premium DIY Ping Pong Table Plans!  Ready to create the ultimate entertainment piece for your home or backyard? Build your own professional-grade, stylish ping pong table with our comprehensive woodworking blueprints. This design features a sleek, modern aesthetic with sturdy angled legs, making it far more attractive than standard folding metal tables.  Whether you are looking for outdoor table tennis fun or a high-quality blueprint game table for your interior, these st",https://www.etsy.com/search?q=Modern%20Ping%20Pong%20Table%20Plans%20%7C%20DIY%20Game%20Table%20Blueprint%20%28PDF%20Download%29%20Bizilla,,,PAUSED,,STATIC,Modern Ping Pong Table Plans | DIY Game Table Blueprint (PDF Download),https://www.etsy.com/search?q=Modern%20Ping%20Pong%20Table%20Plans%20%7C%20DIY%20Game%20Table%20Blueprint%20%28PDF%20Download%29%20Bizilla,,,,,,,,,,,,,,,,,,,,,,,,,,,,,,,,,,,,,,,,,,,,,,,,,,,,,,,,,,,,,,,,,,,,,,,,,,,,,,,,,,BulkSheetVersion=V2
,CONSIDERATION,Bizilla Organic Inventory,PAUSED,,10.00,,,YES,,,,,,America/New_York,,,,,All Products,,,,,,STANDARD,CBO,PAUSED,,0.10,,,,,,,,,,,,,,,AUTOMATIC,,,,[US],,,,[All],[ALL],,,,[All],,,,,,,,,,,,,https://i.etsystatic.com/37058139/r/il/794a59/7068086063/il_fullxfull.7068086063_dc3w.jpg,Costco Photo Booth Party Pack | Customizable Employee of the Year (PDF),"Employee of the Year Costco Party Pack!  Get ready to celebrate your ""Employee of the Year"" with the ultimate Costco Party! This customizable PDF pack has everything you need for a fantastic Costco Party celebration, perfect for a Friends-themed 1st Birthday or any Costco enthusiast.  What's Inside Your Costco Party Pack? Our Costco Party Pack is your one-stop shop for creating an unforgettable Costco Party experience. This Costco Themed Birthday Decorations bundle includes a Costco Photo Booth ",https://www.etsy.com/search?q=Costco%20Photo%20Booth%20Party%20Pack%20%7C%20Customizable%20Employee%20of%20the%20Year%20%28PDF%29%20Bizilla,,,PAUSED,,STATIC,Costco Photo Booth Party Pack | Customizable Employee of the Year (PDF),https://www.etsy.com/search?q=Costco%20Photo%20Booth%20Party%20Pack%20%7C%20Customizable%20Employee%20of%20the%20Year%20%28PDF%29%20Bizilla,,,,,,,,,,,,,,,,,,,,,,,,,,,,,,,,,,,,,,,,,,,,,,,,,,,,,,,,,,,,,,,,,,,,,,,,,,,,,,,,,,BulkSheetVersion=V2
,CONSIDERATION,Bizilla Organic Inventory,PAUSED,,10.00,,,YES,,,,,,America/New_York,,,,,All Products,,,,,,STANDARD,CBO,PAUSED,,0.10,,,,,,,,,,,,,,,AUTOMATIC,,,,[US],,,,[All],[ALL],,,,[All],,,,,,,,,,,,,https://i.etsystatic.com/37058139/r/il/01dd0e/7100586497/il_fullxfull.7100586497_hf0j.jpg,Simple Outdoor Bench Plans | DIY 2x4 Patio Furniture (PDF Download),"Simple Bench Plans Outdoor Furniture |  DIY 2x4 lumber Patio Furniture | Garden Bench | Solid Wood Bench | Woodworking Plans | DIY Plans  Now you can build this easy and sturdy bench and enhance the look of your patio, deck or back yard lawn.  Dimensions - 70""W x 16""D x 24""H Estimated Cost: $45 Plans includes: . Complete List of Material . Cut List . Detail Drawings and Step-by-step Instructions . Tools List, Safety and Helpful Hints . Digital plans format. (Instant Download) Plans are in Englis",https://www.etsy.com/search?q=Simple%20Outdoor%20Bench%20Plans%20%7C%20DIY%202x4%20Patio%20Furniture%20%28PDF%20Download%29%20Bizilla,,,PAUSED,,STATIC,Simple Outdoor Bench Plans | DIY 2x4 Patio Furniture (PDF Download),https://www.etsy.com/search?q=Simple%20Outdoor%20Bench%20Plans%20%7C%20DIY%202x4%20Patio%20Furniture%20%28PDF%20Download%29%20Bizilla,,,,,,,,,,,,,,,,,,,,,,,,,,,,,,,,,,,,,,,,,,,,,,,,,,,,,,,,,,,,,,,,,,,,,,,,,,,,,,,,,,BulkSheetVersion=V2
,CONSIDERATION,Bizilla Organic Inventory,PAUSED,,10.00,,,YES,,,,,,America/New_York,,,,,All Products,,,,,,STANDARD,CBO,PAUSED,,0.10,,,,,,,,,,,,,,,AUTOMATIC,,,,[US],,,,[All],[ALL],,,,[All],,,,,,,,,,,,,https://i.etsystatic.com/37058139/r/il/df4f5a/7094387661/il_fullxfull.7094387661_cer7.jpg,DIY Tiered Cupcake Stand PDF Plan | Wood Display Risers,"Unleash Your Crafting Potential: Build Your Own Wooden Tiered Display Stand!  Looking to showcase your products or party treats in a stylish and effective way? This comprehensive DIY Wooden Display Stand PDF plan provides all the detailed blueprints and patterns you need to construct your own sturdy, portable, and aesthetically pleasing multi-level stand – perfect for any occasion!  Detailed Dimensions (For Your Building Reference):  Overall Assembled Dimensions:  Total Height: Approximately 13.",https://www.etsy.com/search?q=DIY%20Tiered%20Cupcake%20Stand%20PDF%20Plan%20%7C%20Wood%20Display%20Risers%20Bizilla,,,PAUSED,,STATIC,DIY Tiered Cupcake Stand PDF Plan | Wood Display Risers,https://www.etsy.com/search?q=DIY%20Tiered%20Cupcake%20Stand%20PDF%20Plan%20%7C%20Wood%20Display%20Risers%20Bizilla,,,,,,,,,,,,,,,,,,,,,,,,,,,,,,,,,,,,,,,,,,,,,,,,,,,,,,,,,,,,,,,,,,,,,,,,,,,,,,,,,,BulkSheetVersion=V2
,CONSIDERATION,Bizilla Organic Inventory,PAUSED,,10.00,,,YES,,,,,,America/New_York,,,,,All Products,,,,,,STANDARD,CBO,PAUSED,,0.10,,,,,,,,,,,,,,,AUTOMATIC,,,,[US],,,,[All],[ALL],,,,[All],,,,,,,,,,,,,https://i.etsystatic.com/37058139/r/il/a15cb7/7196395001/il_fullxfull.7196395001_113n.jpg,DIY Coffee Bar Cart | Custom Food Cart Plan PDF | Wedding Cart | Collapsible Beverage Cart | Vendor ,"Craft the centerpiece of your next event with our comprehensive, step-by-step project plan!  Imagine effortlessly serving your guests from a stunning, custom-built cart that perfectly complements your unique style. This isn't just a project; it's your ticket to creating the ultimate custom food cart or a show-stopping mobile bar. Our meticulously designed PDF guide gives you all the tools and knowledge to bring this elegant, modern design to life, allowing you to showcase your culinary creations",https://www.etsy.com/search?q=DIY%20Coffee%20Bar%20Cart%20%7C%20Custom%20Food%20Cart%20Plan%20PDF%20%7C%20Wedding%20Cart%20%7C%20Collapsible%20Beverage%20Cart%20%7C%20Vendor%20Cart%20%7C%20Foldable%20Bar%20Cart%20Business%20Bizilla,,,PAUSED,,STATIC,DIY Coffee Bar Cart | Custom Food Cart Plan PDF | Wedding Cart | Collapsible Beverage Cart | Vendor Cart | Foldable Bar Cart Bus,https://www.etsy.com/search?q=DIY%20Coffee%20Bar%20Cart%20%7C%20Custom%20Food%20Cart%20Plan%20PDF%20%7C%20Wedding%20Cart%20%7C%20Collapsible%20Beverage%20Cart%20%7C%20Vendor%20Cart%20%7C%20Foldable%20Bar%20Cart%20Business%20Bizilla,,,,,,,,,,,,,,,,,,,,,,,,,,,,,,,,,,,,,,,,,,,,,,,,,,,,,,,,,,,,,,,,,,,,,,,,,,,,,,,,,,BulkSheetVersion=V2
,CONSIDERATION,Bizilla Organic Inventory,PAUSED,,10.00,,,YES,,,,,,America/New_York,,,,,All Products,,,,,,STANDARD,CBO,PAUSED,,0.10,,,,,,,,,,,,,,,AUTOMATIC,,,,[US],,,,[All],[ALL],,,,[All],,,,,,,,,,,,,https://i.etsystatic.com/37058139/r/il/db7349/7284548253/il_fullxfull.7284548253_nta8.jpg,Foldable Kiosk Blueprint: DIY Portable Sales Stand Plans,"🛒 Mobile Wooden Portable Sales Stand | Modern Plywood Design  Introduction: Engineered for the Perfect Brand Experience  Are you looking for a flexible trade show booth, a distinctive pop-up shop, or a high-impact product display area? Instantly capture your customers' attention with our impressive, functional, and modern Mobile Portable Sales Stand!  Constructed from high-quality natural-tone plywood, this stand is designed to tell your brand's story while providing you with maximum efficiency ",https://www.etsy.com/search?q=Foldable%20Kiosk%20Blueprint%3A%20DIY%20Portable%20Sales%20Stand%20Plans%20Bizilla,,,PAUSED,,STATIC,Foldable Kiosk Blueprint: DIY Portable Sales Stand Plans,https://www.etsy.com/search?q=Foldable%20Kiosk%20Blueprint%3A%20DIY%20Portable%20Sales%20Stand%20Plans%20Bizilla,,,,,,,,,,,,,,,,,,,,,,,,,,,,,,,,,,,,,,,,,,,,,,,,,,,,,,,,,,,,,,,,,,,,,,,,,,,,,,,,,,BulkSheetVersion=V2
,CONSIDERATION,Bizilla Organic Inventory,PAUSED,,10.00,,,YES,,,,,,America/New_York,,,,,All Products,,,,,,STANDARD,CBO,PAUSED,,0.10,,,,,,,,,,,,,,,AUTOMATIC,,,,[US],,,,[All],[ALL],,,,[All],,,,,,,,,,,,,https://i.etsystatic.com/37058139/r/il/88d246/7153586168/il_fullxfull.7153586168_q2s1.jpg,"DIY Wood Bookcase Plans | Wall Shelf, Small Spaces (PDF Pattern)","Unlock Your Inner Craftsman with Our DIY Bookshelf Plans!  Tired of generic, store-bought furniture? Ready to build something beautiful with your own hands? Our instant-download PDF bookshelf plans are your ultimate guide to creating a stunning and functional wooden bookcase that fits your home perfectly. Whether you're a seasoned woodworker or a complete beginner, these easy-to-follow plans will empower you to create a piece of furniture you'll be proud of.  What Makes Our Plans Special?  Desig",https://www.etsy.com/search?q=DIY%20Wood%20Bookcase%20Plans%20%7C%20Wall%20Shelf%2C%20Small%20Spaces%20%28PDF%20Pattern%29%20Bizilla,,,PAUSED,,STATIC,"DIY Wood Bookcase Plans | Wall Shelf, Small Spaces (PDF Pattern)",https://www.etsy.com/search?q=DIY%20Wood%20Bookcase%20Plans%20%7C%20Wall%20Shelf%2C%20Small%20Spaces%20%28PDF%20Pattern%29%20Bizilla,,,,,,,,,,,,,,,,,,,,,,,,,,,,,,,,,,,,,,,,,,,,,,,,,,,,,,,,,,,,,,,,,,,,,,,,,,,,,,,,,,BulkSheetVersion=V2
,CONSIDERATION,Bizilla Organic Inventory,PAUSED,,10.00,,,YES,,,,,,America/New_York,,,,,All Products,,,,,,STANDARD,CBO,PAUSED,,0.10,,,,,,,,,,,,,,,AUTOMATIC,,,,[US],,,,[All],[ALL],,,,[All],,,,,,,,,,,,,https://i.etsystatic.com/37058139/r/il/1c24aa/7631288984/il_fullxfull.7631288984_cvqm.jpg,"Wooden Wishing Well Plan | DIY Garden Planter, Outdoor Decor (PDF Download)","Add a Touch of Storybook Magic to Your Garden 🌸✨  Wooden Wishing Well Plans | DIY Garden Planter Box | Outdoor Water Well Prop Blueprint  Bring a charming, rustic focal point to your backyard with these Wooden Wishing Well Plans. Whether you want to cover an unsightly pipe in your yard or simply create a beautiful home for your favorite flowers, this project is the perfect weekend build.  Standing at an impressive 75 inches tall, this isn't a tiny decoration; it's a substantial Garden Feature th",https://www.etsy.com/search?q=Wooden%20Wishing%20Well%20Plan%20%7C%20DIY%20Garden%20Planter%2C%20Outdoor%20Decor%20%28PDF%20Download%29%20Bizilla,,,PAUSED,,STATIC,"Wooden Wishing Well Plan | DIY Garden Planter, Outdoor Decor (PDF Download)",https://www.etsy.com/search?q=Wooden%20Wishing%20Well%20Plan%20%7C%20DIY%20Garden%20Planter%2C%20Outdoor%20Decor%20%28PDF%20Download%29%20Bizilla,,,,,,,,,,,,,,,,,,,,,,,,,,,,,,,,,,,,,,,,,,,,,,,,,,,,,,,,,,,,,,,,,,,,,,,,,,,,,,,,,,BulkSheetVersion=V2
,CONSIDERATION,Bizilla Organic Inventory,PAUSED,,10.00,,,YES,,,,,,America/New_York,,,,,All Products,,,,,,STANDARD,CBO,PAUSED,,0.10,,,,,,,,,,,,,,,AUTOMATIC,,,,[US],,,,[All],[ALL],,,,[All],,,,,,,,,,,,,https://i.etsystatic.com/37058139/r/il/6c7b88/7293650277/il_fullxfull.7293650277_bkqu.jpg,"DIY Modern Dog House Plans: Insulated Cedar, Large Breed (Digital Download)","The Ultimate DIY Modern Dog Kennel Plans for Your Big Best Friend  Tired of flimsy, boring dog houses? Give your large dog the dream home they deserve! Our DIY Modern Dog Kennel Plans guide you step-by-step to building a beautiful, durable, and comfortable M, L, XL outdoor dog condo right in your backyard. This isn't just a doghouse—it's a sanctuary.  Why Choose Our Doghouse Plans?  We've designed this kit with your dog's comfort and your ease of building in mind.  Perfect for Large & XL Dogs: S",https://www.etsy.com/search?q=DIY%20Modern%20Dog%20House%20Plans%3A%20Insulated%20Cedar%2C%20Large%20Breed%20%28Digital%20Download%29%20Bizilla,,,PAUSED,,STATIC,"DIY Modern Dog House Plans: Insulated Cedar, Large Breed (Digital Download)",https://www.etsy.com/search?q=DIY%20Modern%20Dog%20House%20Plans%3A%20Insulated%20Cedar%2C%20Large%20Breed%20%28Digital%20Download%29%20Bizilla,,,,,,,,,,,,,,,,,,,,,,,,,,,,,,,,,,,,,,,,,,,,,,,,,,,,,,,,,,,,,,,,,,,,,,,,,,,,,,,,,,BulkSheetVersion=V2
,CONSIDERATION,Bizilla Organic Inventory,PAUSED,,10.00,,,YES,,,,,,America/New_York,,,,,All Products,,,,,,STANDARD,CBO,PAUSED,,0.10,,,,,,,,,,,,,,,AUTOMATIC,,,,[US],,,,[All],[ALL],,,,[All],,,,,,,,,,,,,https://i.etsystatic.com/37058139/r/il/9cd903/7247663994/il_fullxfull.7247663994_5065.jpg,Kids Mud Kitchen DIY Plan,"Looking to enrich your child's outdoor space? Look no further than this easy-to-build DIY mud kitchen! Designed specifically for beginner DIY'ers, this mud kitchen is a project that anyone can tackle. The guide includes a material list, cut list, project cost, step-by-step instructions with measurements, and plenty of photos to simplify the process for you!  Building Size: 6' Wide and 3' Tall Experience Level: Novice DIY’er Cost to Construct: $200 CAD Time to Build: 1 day – 1 person",https://www.etsy.com/search?q=Kids%20Mud%20Kitchen%20DIY%20Plan%20Bizilla,,,PAUSED,,STATIC,Kids Mud Kitchen DIY Plan,https://www.etsy.com/search?q=Kids%20Mud%20Kitchen%20DIY%20Plan%20Bizilla,,,,,,,,,,,,,,,,,,,,,,,,,,,,,,,,,,,,,,,,,,,,,,,,,,,,,,,,,,,,,,,,,,,,,,,,,,,,,,,,,,BulkSheetVersion=V2
,CONSIDERATION,Bizilla Organic Inventory,PAUSED,,10.00,,,YES,,,,,,America/New_York,,,,,All Products,,,,,,STANDARD,CBO,PAUSED,,0.10,,,,,,,,,,,,,,,AUTOMATIC,,,,[US],,,,[All],[ALL],,,,[All],,,,,,,,,,,,,https://i.etsystatic.com/37058139/r/il/09e8a3/7766597932/il_fullxfull.7766597932_hqye.jpg,"DIY Outdoor Chaise Lounge Plans, Adjustable Wood Lounger Blueprint (PDF Download)","Relax in Style with Premium DIY Outdoor Chaise Lounge Plans!  Transform your poolside, patio, or garden into a luxury retreat with our comprehensive wood lounger plans. This modern and ergonomic outdoor chaise lounge wooden design features an adjustable backrest for ultimate comfort and integrated wheels for easy mobility. Whether you want to soak up the sun or relax with a book, this diy pool lounger is the perfect addition to your outdoor and garden furniture collection.  Our step-by-step outd",https://www.etsy.com/search?q=DIY%20Outdoor%20Chaise%20Lounge%20Plans%2C%20Adjustable%20Wood%20Lounger%20Blueprint%20%28PDF%20Download%29%20Bizilla,,,PAUSED,,STATIC,"DIY Outdoor Chaise Lounge Plans, Adjustable Wood Lounger Blueprint (PDF Download)",https://www.etsy.com/search?q=DIY%20Outdoor%20Chaise%20Lounge%20Plans%2C%20Adjustable%20Wood%20Lounger%20Blueprint%20%28PDF%20Download%29%20Bizilla,,,,,,,,,,,,,,,,,,,,,,,,,,,,,,,,,,,,,,,,,,,,,,,,,,,,,,,,,,,,,,,,,,,,,,,,,,,,,,,,,,BulkSheetVersion=V2
,CONSIDERATION,Bizilla Organic Inventory,PAUSED,,10.00,,,YES,,,,,,America/New_York,,,,,All Products,,,,,,STANDARD,CBO,PAUSED,,0.10,,,,,,,,,,,,,,,AUTOMATIC,,,,[US],,,,[All],[ALL],,,,[All],,,,,,,,,,,,,https://i.etsystatic.com/37058139/r/il/c39af3/7739924878/il_fullxfull.7739924878_3wvx.jpg,DIY Horizontal Murphy Bed Plans with Desk and Shelves (Digital Download),"Do you need a guest room, a home office, and a library but only have one spare room? Stop compromising on space! With these comprehensive DIY Murphy bed plans, you can build a stunning, high-quality horizontal murphy bed with desk and integrated shelving that maximizes every inch of your wall.  This all-in-one space saving bed system is designed for a Queen size mattress, making it perfect for adults and guests. During the day, you have a massive workstation and beautiful display shelves for you",https://www.etsy.com/search?q=DIY%20Horizontal%20Murphy%20Bed%20Plans%20with%20Desk%20and%20Shelves%20%28Digital%20Download%29%20Bizilla,,,PAUSED,,STATIC,DIY Horizontal Murphy Bed Plans with Desk and Shelves (Digital Download),https://www.etsy.com/search?q=DIY%20Horizontal%20Murphy%20Bed%20Plans%20with%20Desk%20and%20Shelves%20%28Digital%20Download%29%20Bizilla,,,,,,,,,,,,,,,,,,,,,,,,,,,,,,,,,,,,,,,,,,,,,,,,,,,,,,,,,,,,,,,,,,,,,,,,,,,,,,,,,,BulkSheetVersion=V2
,CONSIDERATION,Bizilla Organic Inventory,PAUSED,,10.00,,,YES,,,,,,America/New_York,,,,,All Products,,,,,,STANDARD,CBO,PAUSED,,0.10,,,,,,,,,,,,,,,AUTOMATIC,,,,[US],,,,[All],[ALL],,,,[All],,,,,,,,,,,,,https://i.etsystatic.com/37058139/r/il/877e18/7230223996/il_fullxfull.7230223996_8zbx.jpg,Floating TV Console Plan: Modern Walnut Wall-Mounted Design (Digital Download),"Elevate Your Living Space with Our Minimalist Floating Walnut TV Console  Discover the perfect blend of modern design and functional elegance with our handcrafted floating TV console. Designed to declutter your space and enhance your home's aesthetic, this wall-mounted media stand is a stunning addition to any contemporary living room, bedroom, or office.  Key Features You'll Love:  Sleek, Minimalist Design: Our console creates a sophisticated, ""floating"" effect, freeing up floor space and makin",https://www.etsy.com/search?q=Floating%20TV%20Console%20Plan%3A%20Modern%20Walnut%20Wall-Mounted%20Design%20%28Digital%20Download%29%20Bizilla,,,PAUSED,,STATIC,Floating TV Console Plan: Modern Walnut Wall-Mounted Design (Digital Download),https://www.etsy.com/search?q=Floating%20TV%20Console%20Plan%3A%20Modern%20Walnut%20Wall-Mounted%20Design%20%28Digital%20Download%29%20Bizilla,,,,,,,,,,,,,,,,,,,,,,,,,,,,,,,,,,,,,,,,,,,,,,,,,,,,,,,,,,,,,,,,,,,,,,,,,,,,,,,,,,BulkSheetVersion=V2
,CONSIDERATION,Bizilla Organic Inventory,PAUSED,,10.00,,,YES,,,,,,America/New_York,,,,,All Products,,,,,,STANDARD,CBO,PAUSED,,0.10,,,,,,,,,,,,,,,AUTOMATIC,,,,[US],,,,[All],[ALL],,,,[All],,,,,,,,,,,,,https://i.etsystatic.com/37058139/r/il/e1a1db/7429106313/il_fullxfull.7429106313_pms7.jpg,Christmas Village Tree Stand Plans | DIY Tiered Display Shelf Instructions | Wooden Miniature Villag,"Transform Your Holiday Decor with a Magical Christmas Village Tree!  Tired of searching for space on mantels, tables, and floors for your growing Christmas village? Give your treasured collection the stunning centerpiece it deserves.  Our comprehensive DIY Woodworking Plans provide everything you need to build this magnificent, 5-Tier Round Display Stand. Standing at an impressive 90"" (229 cm) tall, this isn't just a shelf—it's a breathtaking, space-saving ""tree"" that turns your miniature villag",https://www.etsy.com/search?q=Christmas%20Village%20Tree%20Stand%20Plans%20%7C%20DIY%20Tiered%20Display%20Shelf%20Instructions%20%7C%20Wooden%20Miniature%20Village%20Platform%20%7C%20Woodworking%20Pattern%20Bizilla,,,PAUSED,,STATIC,Christmas Village Tree Stand Plans | DIY Tiered Display Shelf Instructions | Wooden Miniature Village Platform | Woodworking Pat,https://www.etsy.com/search?q=Christmas%20Village%20Tree%20Stand%20Plans%20%7C%20DIY%20Tiered%20Display%20Shelf%20Instructions%20%7C%20Wooden%20Miniature%20Village%20Platform%20%7C%20Woodworking%20Pattern%20Bizilla,,,,,,,,,,,,,,,,,,,,,,,,,,,,,,,,,,,,,,,,,,,,,,,,,,,,,,,,,,,,,,,,,,,,,,,,,,,,,,,,,,BulkSheetVersion=V2
,CONSIDERATION,Bizilla Organic Inventory,PAUSED,,10.00,,,YES,,,,,,America/New_York,,,,,All Products,,,,,,STANDARD,CBO,PAUSED,,0.10,,,,,,,,,,,,,,,AUTOMATIC,,,,[US],,,,[All],[ALL],,,,[All],,,,,,,,,,,,,https://i.etsystatic.com/37058139/r/il/750333/7852926663/il_fullxfull.7852926663_qfb4.jpg,DIY Collapsible Food Cart Plan | Foldable Mobile Coffee Cart Plan | Charcuterie Cart Plan | Vendor S,"Build the Ultimate Mobile Food & Beverage Cart!  Start your mobile business or elevate your next event with this versatile DIY Coffee Cart Blueprint. Whether you dream of serving up morning espressos, displaying a stunning mobile charcuterie cart at weddings, or running a charming mini pancake cart, this comprehensive digital woodworking plan is your starting point.  Designed for functionality and aesthetics, this food cart features a beautiful overhead pergola structure, spacious main serving c",https://www.etsy.com/search?q=DIY%20Collapsible%20Food%20Cart%20Plan%20%7C%20Foldable%20Mobile%20Coffee%20Cart%20Plan%20%7C%20Charcuterie%20Cart%20Plan%20%7C%20Vendor%20Snack%20Stand%20Plan%20%7C%20Pancake%20%26%20Dessert%20Cart%20Bizilla,,,PAUSED,,STATIC,DIY Collapsible Food Cart Plan | Foldable Mobile Coffee Cart Plan | Charcuterie Cart Plan | Vendor Snack Stand Plan | Pancake & ,https://www.etsy.com/search?q=DIY%20Collapsible%20Food%20Cart%20Plan%20%7C%20Foldable%20Mobile%20Coffee%20Cart%20Plan%20%7C%20Charcuterie%20Cart%20Plan%20%7C%20Vendor%20Snack%20Stand%20Plan%20%7C%20Pancake%20%26%20Dessert%20Cart%20Bizilla,,,,,,,,,,,,,,,,,,,,,,,,,,,,,,,,,,,,,,,,,,,,,,,,,,,,,,,,,,,,,,,,,,,,,,,,,,,,,,,,,,BulkSheetVersion=V2
,CONSIDERATION,Bizilla Organic Inventory,PAUSED,,10.00,,,YES,,,,,,America/New_York,,,,,All Products,,,,,,STANDARD,CBO,PAUSED,,0.10,,,,,,,,,,,,,,,AUTOMATIC,,,,[US],,,,[All],[ALL],,,,[All],,,,,,,,,,,,,https://i.etsystatic.com/37058139/r/il/be4f00/7804944862/il_fullxfull.7804944862_ebg1.jpg,DIY Farmstand Plans | Roadside Vegetable Stand Blueprint | Mobile Bakery Cart PDF | Farmers Market S,"Build the Perfect Mobile Farmstand or Market Cart!  Ready to sell your fresh produce, baked goods, or beautiful blooms? This comprehensive DIY Farmstand Plan gives you everything you need to construct a sturdy, charming, and fully functional mobile stand. Whether you are looking for reliable roadside stand plans to sell fresh eggs and veggies, or you need a stylish mobile bakery cart for local markets, this blueprint is your ultimate guide.  Designed for ease and efficiency, these market cart pl",https://www.etsy.com/search?q=DIY%20Farmstand%20Plans%20%7C%20Roadside%20Vegetable%20Stand%20Blueprint%20%7C%20Mobile%20Bakery%20Cart%20PDF%20%7C%20Farmers%20Market%20Stall%20Build%20%7C%20Wood%20Flower%20Cart%20Template%20Bizilla,,,PAUSED,,STATIC,DIY Farmstand Plans | Roadside Vegetable Stand Blueprint | Mobile Bakery Cart PDF | Farmers Market Stall Build | Wood Flower Car,https://www.etsy.com/search?q=DIY%20Farmstand%20Plans%20%7C%20Roadside%20Vegetable%20Stand%20Blueprint%20%7C%20Mobile%20Bakery%20Cart%20PDF%20%7C%20Farmers%20Market%20Stall%20Build%20%7C%20Wood%20Flower%20Cart%20Template%20Bizilla,,,,,,,,,,,,,,,,,,,,,,,,,,,,,,,,,,,,,,,,,,,,,,,,,,,,,,,,,,,,,,,,,,,,,,,,,,,,,,,,,,BulkSheetVersion=V2
,CONSIDERATION,Bizilla Organic Inventory,PAUSED,,10.00,,,YES,,,,,,America/New_York,,,,,All Products,,,,,,STANDARD,CBO,PAUSED,,0.10,,,,,,,,,,,,,,,AUTOMATIC,,,,[US],,,,[All],[ALL],,,,[All],,,,,,,,,,,,,https://i.etsystatic.com/37058139/r/il/cdf071/7852778165/il_fullxfull.7852778165_kvjg.jpg,DIY Platform Bed Plans | Wooden Bed Frame Blueprint | Modern Low Profile Bed Design PDF,"Transform Your Bedroom with Premium DIY Platform Bed Plans!  Upgrade your sleeping space with a touch of modern, minimalist elegance! Build your own stunning and incredibly sturdy wood bed frame with our comprehensive woodworking plans. This beautiful platform bed features a sleek, low-profile design and a built-in slatted base, eliminating the need for a bulky box spring.  Whether you are looking for straightforward diy bed frames for a weekend project or a heavy-duty wood bed plan to replace y",https://www.etsy.com/search?q=DIY%20Platform%20Bed%20Plans%20%7C%20Wooden%20Bed%20Frame%20Blueprint%20%7C%20Modern%20Low%20Profile%20Bed%20Design%20PDF%20Bizilla,,,PAUSED,,STATIC,DIY Platform Bed Plans | Wooden Bed Frame Blueprint | Modern Low Profile Bed Design PDF,https://www.etsy.com/search?q=DIY%20Platform%20Bed%20Plans%20%7C%20Wooden%20Bed%20Frame%20Blueprint%20%7C%20Modern%20Low%20Profile%20Bed%20Design%20PDF%20Bizilla,,,,,,,,,,,,,,,,,,,,,,,,,,,,,,,,,,,,,,,,,,,,,,,,,,,,,,,,,,,,,,,,,,,,,,,,,,,,,,,,,,BulkSheetVersion=V2
,CONSIDERATION,Bizilla Organic Inventory,PAUSED,,10.00,,,YES,,,,,,America/New_York,,,,,All Products,,,,,,STANDARD,CBO,PAUSED,,0.10,,,,,,,,,,,,,,,AUTOMATIC,,,,[US],,,,[All],[ALL],,,,[All],,,,,,,,,,,,,https://i.etsystatic.com/37058139/r/il/0f9236/7804826688/il_fullxfull.7804826688_hwdf.jpg,DIY Outdoor Bar Plans | Two Tier Home Bar Blueprint | Wooden Patio Bar Design PDF,"Entertain Your Guests in Style with Premium DIY Two-Tier Bar Plans!  Ready to create the ultimate entertainment space in your home or backyard? Build your own stunning and highly functional serving station with our comprehensive wooden bar plans. This elegant home bar design features a professional two-tier layout with a lower prep area and a higher serving counter that includes a built-in trough—perfect for keeping beverages ice-cold!  Complete with a beautiful patterned wood front, this versat",https://www.etsy.com/search?q=DIY%20Outdoor%20Bar%20Plans%20%7C%20Two%20Tier%20Home%20Bar%20Blueprint%20%7C%20Wooden%20Patio%20Bar%20Design%20PDF%20Bizilla,,,PAUSED,,STATIC,DIY Outdoor Bar Plans | Two Tier Home Bar Blueprint | Wooden Patio Bar Design PDF,https://www.etsy.com/search?q=DIY%20Outdoor%20Bar%20Plans%20%7C%20Two%20Tier%20Home%20Bar%20Blueprint%20%7C%20Wooden%20Patio%20Bar%20Design%20PDF%20Bizilla,,,,,,,,,,,,,,,,,,,,,,,,,,,,,,,,,,,,,,,,,,,,,,,,,,,,,,,,,,,,,,,,,,,,,,,,,,,,,,,,,,BulkSheetVersion=V2
,CONSIDERATION,Bizilla Organic Inventory,PAUSED,,10.00,,,YES,,,,,,America/New_York,,,,,All Products,,,,,,STANDARD,CBO,PAUSED,,0.10,,,,,,,,,,,,,,,AUTOMATIC,,,,[US],,,,[All],[ALL],,,,[All],,,,,,,,,,,,,https://i.etsystatic.com/37058139/r/il/5f5066/7061936117/il_fullxfull.7061936117_galm.jpg,DIY Farmhouse Picnic Table Plans | Outdoor Furniture (PDF Pattern),DIY Outdoor Picnic Table Plans: Classic Farmhouse Table Design  Build the perfect gathering spot for your backyard with our comprehensive Picnic Table Plans. These detailed Backyard Furniture Plans are designed to help you easily craft a stunning outdoor picnic table that is both durable and stylish. This isn't just any outdoor furniture; it's a timeless farmhouse table design you can build yourself.  Versatile Designs for Your Outdoor Space Our Picnic Table Plans provide all the instructions ne,https://www.etsy.com/search?q=DIY%20Farmhouse%20Picnic%20Table%20Plans%20%7C%20Outdoor%20Furniture%20%28PDF%20Pattern%29%20Bizilla,,,PAUSED,,STATIC,DIY Farmhouse Picnic Table Plans | Outdoor Furniture (PDF Pattern),https://www.etsy.com/search?q=DIY%20Farmhouse%20Picnic%20Table%20Plans%20%7C%20Outdoor%20Furniture%20%28PDF%20Pattern%29%20Bizilla,,,,,,,,,,,,,,,,,,,,,,,,,,,,,,,,,,,,,,,,,,,,,,,,,,,,,,,,,,,,,,,,,,,,,,,,,,,,,,,,,,BulkSheetVersion=V2
,CONSIDERATION,Bizilla Organic Inventory,PAUSED,,10.00,,,YES,,,,,,America/New_York,,,,,All Products,,,,,,STANDARD,CBO,PAUSED,,0.10,,,,,,,,,,,,,,,AUTOMATIC,,,,[US],,,,[All],[ALL],,,,[All],,,,,,,,,,,,,https://i.etsystatic.com/37058139/r/il/76fa8f/7766186202/il_fullxfull.7766186202_lx2o.jpg,DIY Outdoor Sauna Plans | 6x8 ft Wood Sauna Blueprint (Digital Download),"Transform Your Backyard with Premium 6x8 ft DIY Outdoor Sauna Plans!  Ready to build your own relaxing retreat? Our comprehensive DIY outdoor sauna plans are designed for both beginners and experienced DIYers. This modern, wooden backyard sauna comfortably fits 4 to 6 people, making it the perfect addition to your outdoor space for a dry sauna or traditional steam experience.  These step-by-step sauna building blueprints remove the guesswork from your DIY project, saving you time and money.  📐 S",https://www.etsy.com/search?q=DIY%20Outdoor%20Sauna%20Plans%20%7C%206x8%20ft%20Wood%20Sauna%20Blueprint%20%28Digital%20Download%29%20Bizilla,,,PAUSED,,STATIC,DIY Outdoor Sauna Plans | 6x8 ft Wood Sauna Blueprint (Digital Download),https://www.etsy.com/search?q=DIY%20Outdoor%20Sauna%20Plans%20%7C%206x8%20ft%20Wood%20Sauna%20Blueprint%20%28Digital%20Download%29%20Bizilla,,,,,,,,,,,,,,,,,,,,,,,,,,,,,,,,,,,,,,,,,,,,,,,,,,,,,,,,,,,,,,,,,,,,,,,,,,,,,,,,,,BulkSheetVersion=V2
,CONSIDERATION,Bizilla Organic Inventory,PAUSED,,10.00,,,YES,,,,,,America/New_York,,,,,All Products,,,,,,STANDARD,CBO,PAUSED,,0.10,,,,,,,,,,,,,,,AUTOMATIC,,,,[US],,,,[All],[ALL],,,,[All],,,,,,,,,,,,,https://i.etsystatic.com/37058139/r/il/92fd1f/7168356888/il_fullxfull.7168356888_o39k.jpg,DIY Mobile Bar Cart | Coffee Cart | Custom Food Cart Plan PDF | Wedding Cart | Collapsible Beverage ,"Here is a compelling Etsy product description based on the details you provided, structured for clarity and to attract buyers.  DIY Mobile Bar Cart Plans: The Ultimate Collapsible Vendor Cart Blueprint Ready to create the perfect centerpiece for your next event? This is not just a plan; it's your ticket to building a beautiful, professional-grade mobile bar or vendor cart. Our meticulously designed, step-by-step PDF guide gives you everything you need to bring this elegant and modern design to l",https://www.etsy.com/search?q=DIY%20Mobile%20Bar%20Cart%20%7C%20Coffee%20Cart%20%7C%20Custom%20Food%20Cart%20Plan%20PDF%20%7C%20Wedding%20Cart%20%7C%20Collapsible%20Beverage%20Cart%20%7C%20Vendor%20Cart%20%7C%20Foldable%20Bar%20Cart%20Bizilla,,,PAUSED,,STATIC,DIY Mobile Bar Cart | Coffee Cart | Custom Food Cart Plan PDF | Wedding Cart | Collapsible Beverage Cart | Vendor Cart | Foldabl,https://www.etsy.com/search?q=DIY%20Mobile%20Bar%20Cart%20%7C%20Coffee%20Cart%20%7C%20Custom%20Food%20Cart%20Plan%20PDF%20%7C%20Wedding%20Cart%20%7C%20Collapsible%20Beverage%20Cart%20%7C%20Vendor%20Cart%20%7C%20Foldable%20Bar%20Cart%20Bizilla,,,,,,,,,,,,,,,,,,,,,,,,,,,,,,,,,,,,,,,,,,,,,,,,,,,,,,,,,,,,,,,,,,,,,,,,,,,,,,,,,,BulkSheetVersion=V2
,CONSIDERATION,Bizilla Organic Inventory,PAUSED,,10.00,,,YES,,,,,,America/New_York,,,,,All Products,,,,,,STANDARD,CBO,PAUSED,,0.10,,,,,,,,,,,,,,,AUTOMATIC,,,,[US],,,,[All],[ALL],,,,[All],,,,,,,,,,,,,https://i.etsystatic.com/37058139/r/il/ddd067/7417896367/il_fullxfull.7417896367_s8cl.jpg,"Vintage Christmas Carol Sheet Music Prints, Set of 5 (Digital Download)","A satisfaction guarantee for digital items is uncommon, but we are confident enough to provide you with one! We go beyond Etsy’s standard rules and pledge this: If the product falls short of your expectations, we offer a 100% unconditional and immediate refund. Our focus is not the transaction; it's your complete happiness. Thank you.  🎶 Vintage Christmas Carol Collection: Timeless Sheet Music Digital Bundle  Why Choose Our Vintage Digital Carols?  Bring the nostalgic charm of classic Christmas ",https://www.etsy.com/search?q=Vintage%20Christmas%20Carol%20Sheet%20Music%20Prints%2C%20Set%20of%205%20%28Digital%20Download%29%20Bizilla,,,PAUSED,,STATIC,"Vintage Christmas Carol Sheet Music Prints, Set of 5 (Digital Download)",https://www.etsy.com/search?q=Vintage%20Christmas%20Carol%20Sheet%20Music%20Prints%2C%20Set%20of%205%20%28Digital%20Download%29%20Bizilla,,,,,,,,,,,,,,,,,,,,,,,,,,,,,,,,,,,,,,,,,,,,,,,,,,,,,,,,,,,,,,,,,,,,,,,,,,,,,,,,,,BulkSheetVersion=V2
,CONSIDERATION,Bizilla Organic Inventory,PAUSED,,10.00,,,YES,,,,,,America/New_York,,,,,All Products,,,,,,STANDARD,CBO,PAUSED,,0.10,,,,,,,,,,,,,,,AUTOMATIC,,,,[US],,,,[All],[ALL],,,,[All],,,,,,,,,,,,,https://i.etsystatic.com/37058139/r/il/696ecb/7776977844/il_fullxfull.7776977844_mwvd.jpg,Geometric Wood Wall Art Plans | Large Chevron Blueprint (PDF Download),"Transform Your Space with Stunning DIY Geometric Wood Wall Art!  Looking to add a sophisticated, modern touch to your home decor? Build your own statement piece with our comprehensive geometric wood wall art diy plans. This eye-catching chevron and geometric design serves as a beautiful large wood art piece, perfect for living rooms, bedrooms, or as a unique wood wall above bed feature. Whether you are looking for extra large acoustic art to enhance your room's sound quality or a stylish wood wa",https://www.etsy.com/search?q=Geometric%20Wood%20Wall%20Art%20Plans%20%7C%20Large%20Chevron%20Blueprint%20%28PDF%20Download%29%20Bizilla,,,PAUSED,,STATIC,Geometric Wood Wall Art Plans | Large Chevron Blueprint (PDF Download),https://www.etsy.com/search?q=Geometric%20Wood%20Wall%20Art%20Plans%20%7C%20Large%20Chevron%20Blueprint%20%28PDF%20Download%29%20Bizilla,,,,,,,,,,,,,,,,,,,,,,,,,,,,,,,,,,,,,,,,,,,,,,,,,,,,,,,,,,,,,,,,,,,,,,,,,,,,,,,,,,BulkSheetVersion=V2
,CONSIDERATION,Bizilla Organic Inventory,PAUSED,,10.00,,,YES,,,,,,America/New_York,,,,,All Products,,,,,,STANDARD,CBO,PAUSED,,0.10,,,,,,,,,,,,,,,AUTOMATIC,,,,[US],,,,[All],[ALL],,,,[All],,,,,,,,,,,,,https://i.etsystatic.com/37058139/r/il/b5d056/7824936361/il_fullxfull.7824936361_o2lf.jpg,DIY Farmhouse Coffee Table Plans | Solid Wood Furniture Woodworking (Digital Download),"Build the Perfect Centerpiece for Your Living Room with DIY Coffee Table Plans!  Upgrade your home decor with a stunning, custom-built piece of furniture! Our comprehensive coffee table build plan provides everything you need to construct a robust and stylish solid wood table. Featuring a modern, thick-legged design, this is the ultimate coffee table plans large farmhouse project that will instantly elevate your living space.  Whether you are looking for easy-to-follow coffee table instructions ",https://www.etsy.com/search?q=DIY%20Farmhouse%20Coffee%20Table%20Plans%20%7C%20Solid%20Wood%20Furniture%20Woodworking%20%28Digital%20Download%29%20Bizilla,,,PAUSED,,STATIC,DIY Farmhouse Coffee Table Plans | Solid Wood Furniture Woodworking (Digital Download),https://www.etsy.com/search?q=DIY%20Farmhouse%20Coffee%20Table%20Plans%20%7C%20Solid%20Wood%20Furniture%20Woodworking%20%28Digital%20Download%29%20Bizilla,,,,,,,,,,,,,,,,,,,,,,,,,,,,,,,,,,,,,,,,,,,,,,,,,,,,,,,,,,,,,,,,,,,,,,,,,,,,,,,,,,BulkSheetVersion=V2
,CONSIDERATION,Bizilla Organic Inventory,PAUSED,,10.00,,,YES,,,,,,America/New_York,,,,,All Products,,,,,,STANDARD,CBO,PAUSED,,0.10,,,,,,,,,,,,,,,AUTOMATIC,,,,[US],,,,[All],[ALL],,,,[All],,,,,,,,,,,,,https://i.etsystatic.com/37058139/r/il/2d21fb/7378649402/il_fullxfull.7378649402_jqza.jpg,100+ Christmas Coloring Pages | Winter Activity Book (PDF),"Are you searching for a fun Christmas Activity? Are you looking for a way to celebrate Christmas by adding a little color into your life? These Christmas Coloring Pages are the perfect way to celebrate Christmas. Color these Christmas coloring pages while relaxing, listening to music, taking a road trip, waiting at the doctors office, or as part of a Christmas classroom lesson.  Enjoy these Christmas coloring pages and celebrate all of the great things Christmas has to offer. These Christmas col",https://www.etsy.com/search?q=100%2B%20Christmas%20Coloring%20Pages%20%7C%20Winter%20Activity%20Book%20%28PDF%29%20Bizilla,,,PAUSED,,STATIC,100+ Christmas Coloring Pages | Winter Activity Book (PDF),https://www.etsy.com/search?q=100%2B%20Christmas%20Coloring%20Pages%20%7C%20Winter%20Activity%20Book%20%28PDF%29%20Bizilla,,,,,,,,,,,,,,,,,,,,,,,,,,,,,,,,,,,,,,,,,,,,,,,,,,,,,,,,,,,,,,,,,,,,,,,,,,,,,,,,,,BulkSheetVersion=V2
,CONSIDERATION,Bizilla Organic Inventory,PAUSED,,10.00,,,YES,,,,,,America/New_York,,,,,All Products,,,,,,STANDARD,CBO,PAUSED,,0.10,,,,,,,,,,,,,,,AUTOMATIC,,,,[US],,,,[All],[ALL],,,,[All],,,,,,,,,,,,,https://i.etsystatic.com/37058139/r/il/f9d508/7426564081/il_fullxfull.7426564081_30jh.jpg,100+ Christmas Vintage Festive Prints Bundle: Bright Nursery Holiday Art (Digital Downloads),"Fill your home with festive charm and color! This 100 Christmas Print Bundle is packed with cheerful designs perfect for nurseries, playrooms, or holiday decorating. From Santa and stars to joyful quotes and bright patterns, each print adds warmth and magic to your festive season.  𝗪𝗵𝗮𝘁'𝘀 𝗜𝗻𝗰𝗹𝘂𝗱𝗲𝗱: 🖼️ 100 high-resolution PNG files (300 DPI) 🎨 A variety of playful themes  𝗪𝗵𝘆 𝗬𝗼𝘂’𝗹𝗹 𝗟𝗼𝘃𝗲 𝗜𝘁: ✓ Instant digital download – no waiting! ✓ Mix-and-match styles for a cohesive room theme ✓ Budget-friendl",https://www.etsy.com/search?q=100%2B%20Christmas%20Vintage%20Festive%20Prints%20Bundle%3A%20Bright%20Nursery%20Holiday%20Art%20%28Digital%20Downloads%29%20Bizilla,,,PAUSED,,STATIC,100+ Christmas Vintage Festive Prints Bundle: Bright Nursery Holiday Art (Digital Downloads),https://www.etsy.com/search?q=100%2B%20Christmas%20Vintage%20Festive%20Prints%20Bundle%3A%20Bright%20Nursery%20Holiday%20Art%20%28Digital%20Downloads%29%20Bizilla,,,,,,,,,,,,,,,,,,,,,,,,,,,,,,,,,,,,,,,,,,,,,,,,,,,,,,,,,,,,,,,,,,,,,,,,,,,,,,,,,,BulkSheetVersion=V2
,CONSIDERATION,Bizilla Organic Inventory,PAUSED,,10.00,,,YES,,,,,,America/New_York,,,,,All Products,,,,,,STANDARD,CBO,PAUSED,,0.10,,,,,,,,,,,,,,,AUTOMATIC,,,,[US],,,,[All],[ALL],,,,[All],,,,,,,,,,,,,https://i.etsystatic.com/37058139/r/il/010803/7814602205/il_fullxfull.7814602205_cfxk.jpg,Heavy Duty Workbench Plans with Storage Shelving (PDF Download),"Organize Your Workshop with Heavy-Duty DIY Workbench Plans!  Tired of a cluttered workspace? Build a professional-grade, sturdy workstation with our comprehensive workbench diy plan. This design features six reinforced open compartments, providing the ultimate diy shelving plans for your power tools, hardware organizers, and project materials. It is the perfect centerpiece for any garage or woodworking shop.  Whether you are a beginner or an experienced maker, these step-by-step table instructio",https://www.etsy.com/search?q=Heavy%20Duty%20Workbench%20Plans%20with%20Storage%20Shelving%20%28PDF%20Download%29%20Bizilla,,,PAUSED,,STATIC,Heavy Duty Workbench Plans with Storage Shelving (PDF Download),https://www.etsy.com/search?q=Heavy%20Duty%20Workbench%20Plans%20with%20Storage%20Shelving%20%28PDF%20Download%29%20Bizilla,,,,,,,,,,,,,,,,,,,,,,,,,,,,,,,,,,,,,,,,,,,,,,,,,,,,,,,,,,,,,,,,,,,,,,,,,,,,,,,,,,BulkSheetVersion=V2
,CONSIDERATION,Bizilla Organic Inventory,PAUSED,,10.00,,,YES,,,,,,America/New_York,,,,,All Products,,,,,,STANDARD,CBO,PAUSED,,0.10,,,,,,,,,,,,,,,AUTOMATIC,,,,[US],,,,[All],[ALL],,,,[All],,,,,,,,,,,,,https://i.etsystatic.com/37058139/r/il/4092a3/7825322947/il_fullxfull.7825322947_oygc.jpg,DIY Wall Mounted Wine Rack Plans | Bar Cabinet with Glass Storage (PDF Download),"Elevate Your Home Decor with a Premium DIY Wall Mounted Wine Rack!  Ready to create the perfect home bar experience? Build your own stunning and space-saving display with our comprehensive wall mounted wine rack plans. This elegant bar cabinet with glass storage features multiple shelves to display your favorite liquor and wine bottles, along with a built-in reverse glass hanging organizer for your stemware. It is the ultimate wall hanging mini bar project to upgrade your dining room, kitchen, o",https://www.etsy.com/search?q=DIY%20Wall%20Mounted%20Wine%20Rack%20Plans%20%7C%20Bar%20Cabinet%20with%20Glass%20Storage%20%28PDF%20Download%29%20Bizilla,,,PAUSED,,STATIC,DIY Wall Mounted Wine Rack Plans | Bar Cabinet with Glass Storage (PDF Download),https://www.etsy.com/search?q=DIY%20Wall%20Mounted%20Wine%20Rack%20Plans%20%7C%20Bar%20Cabinet%20with%20Glass%20Storage%20%28PDF%20Download%29%20Bizilla,,,,,,,,,,,,,,,,,,,,,,,,,,,,,,,,,,,,,,,,,,,,,,,,,,,,,,,,,,,,,,,,,,,,,,,,,,,,,,,,,,BulkSheetVersion=V2
,CONSIDERATION,Bizilla Organic Inventory,PAUSED,,10.00,,,YES,,,,,,America/New_York,,,,,All Products,,,,,,STANDARD,CBO,PAUSED,,0.10,,,,,,,,,,,,,,,AUTOMATIC,,,,[US],,,,[All],[ALL],,,,[All],,,,,,,,,,,,,https://i.etsystatic.com/37058139/r/il/4c12f9/7777064628/il_fullxfull.7777064628_1475.jpg,DIY Wall Mounted Murphy Desk Plans | Fold Down Shelf Blueprint (PDF Download),"Maximize Your Space with Premium DIY Wall Mounted Murphy Desk Plans!  Struggling with limited floor space but need a dedicated home office? Build your own stylish and highly functional workspace with our comprehensive Murphy desk with shelf plans. This innovative multifunctional desk mounts directly to your wall and features a convenient fold down desk surface that effortlessly hides away when not in use.  Complete with built-in cubbies and shelving, this is the ultimate desk wall storage soluti",https://www.etsy.com/search?q=DIY%20Wall%20Mounted%20Murphy%20Desk%20Plans%20%7C%20Fold%20Down%20Shelf%20Blueprint%20%28PDF%20Download%29%20Bizilla,,,PAUSED,,STATIC,DIY Wall Mounted Murphy Desk Plans | Fold Down Shelf Blueprint (PDF Download),https://www.etsy.com/search?q=DIY%20Wall%20Mounted%20Murphy%20Desk%20Plans%20%7C%20Fold%20Down%20Shelf%20Blueprint%20%28PDF%20Download%29%20Bizilla,,,,,,,,,,,,,,,,,,,,,,,,,,,,,,,,,,,,,,,,,,,,,,,,,,,,,,,,,,,,,,,,,,,,,,,,,,,,,,,,,,BulkSheetVersion=V2
,CONSIDERATION,Bizilla Organic Inventory,PAUSED,,10.00,,,YES,,,,,,America/New_York,,,,,All Products,,,,,,STANDARD,CBO,PAUSED,,0.10,,,,,,,,,,,,,,,AUTOMATIC,,,,[US],,,,[All],[ALL],,,,[All],,,,,,,,,,,,,https://i.etsystatic.com/37058139/r/il/2ce852/7825053373/il_fullxfull.7825053373_q4e8.jpg,Modern Square Coffee Table Plans | Indoor Outdoor Woodworking Blueprint (PDF),"Add a Touch of Modern Elegance to Your Home with DIY Coffee Table Plans!  Looking for the perfect centerpiece for your living room, patio, or deck? Build your own stunning modern coffee table with our comprehensive woodworking plans. This unique, low-profile square design features a sturdy cross-base and a beautifully detailed quadrant top with rounded inner edges. It is a highly versatile indoor furniture plans project that works equally well as a durable outdoor coffee table.  Whether you are ",https://www.etsy.com/search?q=Modern%20Square%20Coffee%20Table%20Plans%20%7C%20Indoor%20Outdoor%20Woodworking%20Blueprint%20%28PDF%29%20Bizilla,,,PAUSED,,STATIC,Modern Square Coffee Table Plans | Indoor Outdoor Woodworking Blueprint (PDF),https://www.etsy.com/search?q=Modern%20Square%20Coffee%20Table%20Plans%20%7C%20Indoor%20Outdoor%20Woodworking%20Blueprint%20%28PDF%29%20Bizilla,,,,,,,,,,,,,,,,,,,,,,,,,,,,,,,,,,,,,,,,,,,,,,,,,,,,,,,,,,,,,,,,,,,,,,,,,,,,,,,,,,BulkSheetVersion=V2
,CONSIDERATION,Bizilla Organic Inventory,PAUSED,,10.00,,,YES,,,,,,America/New_York,,,,,All Products,,,,,,STANDARD,CBO,PAUSED,,0.10,,,,,,,,,,,,,,,AUTOMATIC,,,,[US],,,,[All],[ALL],,,,[All],,,,,,,,,,,,,https://i.etsystatic.com/37058139/r/il/98ade5/7418280837/il_fullxfull.7418280837_2x5l.jpg,Vintage Christmas Prints Bundle | 100+ Holiday Digital Art (Download),"🌟 The Ultimate Vintage Holiday Collection: 100+ Digital Christmas Wall Art Bundle  Step Back in Time with Classic Holiday Charm  Instantly refresh your entire home for the festive season with this comprehensive 100+ piece Vintage Christmas Art Bundle. This curated collection is your passport to creating the perfect nostalgic holiday atmosphere, featuring beloved motifs like classic Santa Claus depictions, elegant Nutcrackers, traditional Christmas Trees, festive Wreaths, joyful Angels, cozy Wint",https://www.etsy.com/search?q=Vintage%20Christmas%20Prints%20Bundle%20%7C%20100%2B%20Holiday%20Digital%20Art%20%28Download%29%20Bizilla,,,PAUSED,,STATIC,Vintage Christmas Prints Bundle | 100+ Holiday Digital Art (Download),https://www.etsy.com/search?q=Vintage%20Christmas%20Prints%20Bundle%20%7C%20100%2B%20Holiday%20Digital%20Art%20%28Download%29%20Bizilla,,,,,,,,,,,,,,,,,,,,,,,,,,,,,,,,,,,,,,,,,,,,,,,,,,,,,,,,,,,,,,,,,,,,,,,,,,,,,,,,,,BulkSheetVersion=V2
,CONSIDERATION,Bizilla Organic Inventory,PAUSED,,10.00,,,YES,,,,,,America/New_York,,,,,All Products,,,,,,STANDARD,CBO,PAUSED,,0.10,,,,,,,,,,,,,,,AUTOMATIC,,,,[US],,,,[All],[ALL],,,,[All],,,,,,,,,,,,,https://i.etsystatic.com/37058139/r/il/17f43c/7825457721/il_fullxfull.7825457721_anco.jpg,DIY Outdoor Bench Plans | Simple Wood Deck Bench Blueprint | Modern Backless Garden Seating PDF,"Build the Perfect Seating for Your Outdoor Oasis with DIY Bench Plans!  Looking for a sleek, modern, and incredibly sturdy seating solution? Build your own beautiful piece of furniture with our comprehensive outdoor bench plan. This minimalist, slatted backless design is highly versatile—use it as a simple bench for yard, a relaxing bench deck wood addition, or even as stylish seating for your outdoor dining table. Whether you are a beginner looking for straightforward wood working projects or a",https://www.etsy.com/search?q=DIY%20Outdoor%20Bench%20Plans%20%7C%20Simple%20Wood%20Deck%20Bench%20Blueprint%20%7C%20Modern%20Backless%20Garden%20Seating%20PDF%20Bizilla,,,PAUSED,,STATIC,DIY Outdoor Bench Plans | Simple Wood Deck Bench Blueprint | Modern Backless Garden Seating PDF,https://www.etsy.com/search?q=DIY%20Outdoor%20Bench%20Plans%20%7C%20Simple%20Wood%20Deck%20Bench%20Blueprint%20%7C%20Modern%20Backless%20Garden%20Seating%20PDF%20Bizilla,,,,,,,,,,,,,,,,,,,,,,,,,,,,,,,,,,,,,,,,,,,,,,,,,,,,,,,,,,,,,,,,,,,,,,,,,,,,,,,,,,BulkSheetVersion=V2
,CONSIDERATION,Bizilla Organic Inventory,PAUSED,,10.00,,,YES,,,,,,America/New_York,,,,,All Products,,,,,,STANDARD,CBO,PAUSED,,0.10,,,,,,,,,,,,,,,AUTOMATIC,,,,[US],,,,[All],[ALL],,,,[All],,,,,,,,,,,,,https://i.etsystatic.com/37058139/r/il/17c972/7814349349/il_fullxfull.7814349349_4sxz.jpg,DIY Lift Top Coffee Table Plans | Mid-Century Modern Storage Blueprint (Digital Download),"Upgrade Your Living Room with a Premium DIY Lift Top Coffee Table!  Are you looking for the perfect blend of style and functionality? Build your own stunning, multifunctional centerpiece with our comprehensive coffee table blueprint. Featuring a sleek mid-century modern design with a built-in drawer, open display shelves, and a hidden compartment, this project is the ultimate DIY coffee table with storage.  Whether you are working from the couch or enjoying a meal in front of the TV, the elevate",https://www.etsy.com/search?q=DIY%20Lift%20Top%20Coffee%20Table%20Plans%20%7C%20Mid-Century%20Modern%20Storage%20Blueprint%20%28Digital%20Download%29%20Bizilla,,,PAUSED,,STATIC,DIY Lift Top Coffee Table Plans | Mid-Century Modern Storage Blueprint (Digital Download),https://www.etsy.com/search?q=DIY%20Lift%20Top%20Coffee%20Table%20Plans%20%7C%20Mid-Century%20Modern%20Storage%20Blueprint%20%28Digital%20Download%29%20Bizilla,,,,,,,,,,,,,,,,,,,,,,,,,,,,,,,,,,,,,,,,,,,,,,,,,,,,,,,,,,,,,,,,,,,,,,,,,,,,,,,,,,BulkSheetVersion=V2
,CONSIDERATION,Bizilla Organic Inventory,PAUSED,,10.00,,,YES,,,,,,America/New_York,,,,,All Products,,,,,,STANDARD,CBO,PAUSED,,0.10,,,,,,,,,,,,,,,AUTOMATIC,,,,[US],,,,[All],[ALL],,,,[All],,,,,,,,,,,,,https://i.etsystatic.com/37058139/r/il/ae6e00/7766578636/il_fullxfull.7766578636_f3qy.jpg,DIY Floating Shelf Plan | Modern X Shaped Wall Shelf Blueprint | Geometric Bookcase Woodworking Plan,"Add a Modern Touch to Your Home with DIY Geometric Floating Shelf Plans!  Tired of boring, flat shelves? Elevate your home decor with our unique and stylish floating shelf pattern. This X-shaped geometric design serves as both a functional storage solution and a stunning piece of wall art. Perfect for displaying books, small plants, or your favorite collectibles, these floating shelf plans are designed to bring a contemporary aesthetic to any room.  Whether you are looking for diy wall shelf ins",https://www.etsy.com/search?q=DIY%20Floating%20Shelf%20Plan%20%7C%20Modern%20X%20Shaped%20Wall%20Shelf%20Blueprint%20%7C%20Geometric%20Bookcase%20Woodworking%20Plans%20Bizilla,,,PAUSED,,STATIC,DIY Floating Shelf Plan | Modern X Shaped Wall Shelf Blueprint | Geometric Bookcase Woodworking Plans,https://www.etsy.com/search?q=DIY%20Floating%20Shelf%20Plan%20%7C%20Modern%20X%20Shaped%20Wall%20Shelf%20Blueprint%20%7C%20Geometric%20Bookcase%20Woodworking%20Plans%20Bizilla,,,,,,,,,,,,,,,,,,,,,,,,,,,,,,,,,,,,,,,,,,,,,,,,,,,,,,,,,,,,,,,,,,,,,,,,,,,,,,,,,,BulkSheetVersion=V2
,CONSIDERATION,Bizilla Organic Inventory,PAUSED,,10.00,,,YES,,,,,,America/New_York,,,,,All Products,,,,,,STANDARD,CBO,PAUSED,,0.10,,,,,,,,,,,,,,,AUTOMATIC,,,,[US],,,,[All],[ALL],,,,[All],,,,,,,,,,,,,https://i.etsystatic.com/37058139/r/il/175db8/7814330859/il_fullxfull.7814330859_jvv3.jpg,DIY Corner Bookshelf With Cabinet Plans | Wood Cabinet Bookcase Blueprint,"Maximize Your Space with Premium DIY Corner Bookshelf & Cabinet Plans!  Tired of awkward, wasted corner spaces? Turn any empty nook into a beautiful and functional feature with our comprehensive corner bookshelf plans. This elegant woodworking project combines open shelving for displays with an integrated lower corner cabinet for concealed storage, creating the ultimate space-saving solution.  Whether you are designing a cozy library nook, organizing a home office, or adding character to your li",https://www.etsy.com/search?q=DIY%20Corner%20Bookshelf%20With%20Cabinet%20Plans%20%7C%20Wood%20Cabinet%20Bookcase%20Blueprint%20Bizilla,,,PAUSED,,STATIC,DIY Corner Bookshelf With Cabinet Plans | Wood Cabinet Bookcase Blueprint,https://www.etsy.com/search?q=DIY%20Corner%20Bookshelf%20With%20Cabinet%20Plans%20%7C%20Wood%20Cabinet%20Bookcase%20Blueprint%20Bizilla,,,,,,,,,,,,,,,,,,,,,,,,,,,,,,,,,,,,,,,,,,,,,,,,,,,,,,,,,,,,,,,,,,,,,,,,,,,,,,,,,,BulkSheetVersion=V2
,CONSIDERATION,Bizilla Organic Inventory,PAUSED,,10.00,,,YES,,,,,,America/New_York,,,,,All Products,,,,,,STANDARD,CBO,PAUSED,,0.10,,,,,,,,,,,,,,,AUTOMATIC,,,,[US],,,,[All],[ALL],,,,[All],,,,,,,,,,,,,https://i.etsystatic.com/37058139/r/il/c82cdc/7814310421/il_fullxfull.7814310421_lx0b.jpg,Tiered Flower Box Woodworking Plans | Vertical Garden Planter Stand Blueprint (Digital Download),"Bring Your Garden to Life with Premium DIY Tiered Flower Box Plans!  Ready to elevate your gardening game? Build your own stunning vertical garden with our comprehensive planter stand plans. Whether you want a beautiful floral display for your patio or practical herb planter blueprints for fresh daily cooking, this tiered stand is the perfect DIY garden box project for your home. Designed for woodworkers and garden lovers alike, these step-by-step raised planter box instructions make it easy to ",https://www.etsy.com/search?q=Tiered%20Flower%20Box%20Woodworking%20Plans%20%7C%20Vertical%20Garden%20Planter%20Stand%20Blueprint%20%28Digital%20Download%29%20Bizilla,,,PAUSED,,STATIC,Tiered Flower Box Woodworking Plans | Vertical Garden Planter Stand Blueprint (Digital Download),https://www.etsy.com/search?q=Tiered%20Flower%20Box%20Woodworking%20Plans%20%7C%20Vertical%20Garden%20Planter%20Stand%20Blueprint%20%28Digital%20Download%29%20Bizilla,,,,,,,,,,,,,,,,,,,,,,,,,,,,,,,,,,,,,,,,,,,,,,,,,,,,,,,,,,,,,,,,,,,,,,,,,,,,,,,,,,BulkSheetVersion=V2
,CONSIDERATION,Bizilla Organic Inventory,PAUSED,,10.00,,,YES,,,,,,America/New_York,,,,,All Products,,,,,,STANDARD,CBO,PAUSED,,0.10,,,,,,,,,,,,,,,AUTOMATIC,,,,[US],,,,[All],[ALL],,,,[All],,,,,,,,,,,,,https://i.etsystatic.com/37058139/r/il/406c9d/7246441554/il_fullxfull.7246441554_lly2.jpg,DIY Catio Plans,"👑 The ULTIMATE DIY Walk-In Catio Plans: Build Your Cat's Dream Outdoor Paradise! ☀️  STOP confining your adventurous cat indoors! This is the game-changer you've been searching for. With these comprehensive, beginner-friendly DIY Catio Plans, you can build a massive, safe, and stunning outdoor haven that will enrich your feline's life and give you total peace of mind—all for a fraction of the cost of a custom-built enclosure!  Why This Catio is a Must-Build Project:  (These features sell the sol",https://www.etsy.com/search?q=DIY%20Catio%20Plans%20Bizilla,,,PAUSED,,STATIC,DIY Catio Plans,https://www.etsy.com/search?q=DIY%20Catio%20Plans%20Bizilla,,,,,,,,,,,,,,,,,,,,,,,,,,,,,,,,,,,,,,,,,,,,,,,,,,,,,,,,,,,,,,,,,,,,,,,,,,,,,,,,,,BulkSheetVersion=V2
,CONSIDERATION,Bizilla Organic Inventory,PAUSED,,10.00,,,YES,,,,,,America/New_York,,,,,All Products,,,,,,STANDARD,CBO,PAUSED,,0.10,,,,,,,,,,,,,,,AUTOMATIC,,,,[US],,,,[All],[ALL],,,,[All],,,,,,,,,,,,,https://i.etsystatic.com/37058139/r/il/ba8181/7310592162/il_fullxfull.7310592162_g7rb.jpg,Costco Trunk or Treat Printables | Halloween Car Decor (Digital Download),"🎃 Get Ready to Wholesale Fun! Costco-Themed Trunk or Treat Printables 🌭  Looking for a fun, creative, and instantly recognizable theme for your next Trunk or Treat event? Our Costco Wholesale Club Trunk or Treat Printables are the perfect solution! Transform your trunk into a mini-warehouse full of Halloween goodies and everyone's favorite bulk buys.  📦 What Makes Our Printables a ""Wholesale"" Hit? This comprehensive, editable digital download pack gives you everything you need to create a specta",https://www.etsy.com/search?q=Costco%20Trunk%20or%20Treat%20Printables%20%7C%20Halloween%20Car%20Decor%20%28Digital%20Download%29%20Bizilla,,,PAUSED,,STATIC,Costco Trunk or Treat Printables | Halloween Car Decor (Digital Download),https://www.etsy.com/search?q=Costco%20Trunk%20or%20Treat%20Printables%20%7C%20Halloween%20Car%20Decor%20%28Digital%20Download%29%20Bizilla,,,,,,,,,,,,,,,,,,,,,,,,,,,,,,,,,,,,,,,,,,,,,,,,,,,,,,,,,,,,,,,,,,,,,,,,,,,,,,,,,,BulkSheetVersion=V2
,CONSIDERATION,Bizilla Organic Inventory,PAUSED,,10.00,,,YES,,,,,,America/New_York,,,,,All Products,,,,,,STANDARD,CBO,PAUSED,,0.10,,,,,,,,,,,,,,,AUTOMATIC,,,,[US],,,,[All],[ALL],,,,[All],,,,,,,,,,,,,https://i.etsystatic.com/37058139/r/il/bfa1b1/7787857549/il_fullxfull.7787857549_ngbt.jpg,Oval Dining Table Plans | Modern Farmhouse Woodworking (Digital PDF Download),"Are you looking to host unforgettable family dinners but shocked by the price tags of high-end, custom furniture? Create a breathtaking focal point for your home with these comprehensive dining table DIY plans. This design beautifully blends a modern oval silhouette with a trendy slatted (fluted) base, making it a stunning statement piece that elevates both contemporary and farmhouse style interiors.  At a massive 96 inches long (8 feet!), these dining table plans large are specifically designed",https://www.etsy.com/search?q=Oval%20Dining%20Table%20Plans%20%7C%20Modern%20Farmhouse%20Woodworking%20%28Digital%20PDF%20Download%29%20Bizilla,,,PAUSED,,STATIC,Oval Dining Table Plans | Modern Farmhouse Woodworking (Digital PDF Download),https://www.etsy.com/search?q=Oval%20Dining%20Table%20Plans%20%7C%20Modern%20Farmhouse%20Woodworking%20%28Digital%20PDF%20Download%29%20Bizilla,,,,,,,,,,,,,,,,,,,,,,,,,,,,,,,,,,,,,,,,,,,,,,,,,,,,,,,,,,,,,,,,,,,,,,,,,,,,,,,,,,BulkSheetVersion=V2
,CONSIDERATION,Bizilla Organic Inventory,PAUSED,,10.00,,,YES,,,,,,America/New_York,,,,,All Products,,,,,,STANDARD,CBO,PAUSED,,0.10,,,,,,,,,,,,,,,AUTOMATIC,,,,[US],,,,[All],[ALL],,,,[All],,,,,,,,,,,,,https://i.etsystatic.com/37058139/r/il/249ffc/6876406523/il_fullxfull.6876406523_lwvc.jpg,Costco Birthday Party Invitation Template | Editable Canva Invite (5x7 inches),"Get ready to celebrate big with our Costco-themed birthday invite! This fully editable invitation is inspired by the Costco receipt!  Why settle for a small gathering when you can have a warehouse-sized bash?  Perfect for all ages, this invite is a great way to say, ""Come for the cake, stay for the savings!"" Whether it's a kid's party or a grown-up celebration, get ready to cart away some unforgettable memories!  Make your birthday party a wholesale hit!  ***********  This is a super easy-to-use",https://www.etsy.com/search?q=Costco%20Birthday%20Party%20Invitation%20Template%20%7C%20Editable%20Canva%20Invite%20%285x7%20inches%29%20Bizilla,,,PAUSED,,STATIC,Costco Birthday Party Invitation Template | Editable Canva Invite (5x7 inches),https://www.etsy.com/search?q=Costco%20Birthday%20Party%20Invitation%20Template%20%7C%20Editable%20Canva%20Invite%20%285x7%20inches%29%20Bizilla,,,,,,,,,,,,,,,,,,,,,,,,,,,,,,,,,,,,,,,,,,,,,,,,,,,,,,,,,,,,,,,,,,,,,,,,,,,,,,,,,,BulkSheetVersion=V2
,CONSIDERATION,Bizilla Organic Inventory,PAUSED,,10.00,,,YES,,,,,,America/New_York,,,,,All Products,,,,,,STANDARD,CBO,PAUSED,,0.10,,,,,,,,,,,,,,,AUTOMATIC,,,,[US],,,,[All],[ALL],,,,[All],,,,,,,,,,,,,https://i.etsystatic.com/37058139/r/il/53c804/7283952144/il_fullxfull.7283952144_ixd6.jpg,Wholesale Club Costume SVG Pack: Halloween Costume | Personalized Apron Design (Digital Download),"Unleash Your Creativity & Own Halloween with the Ultimate DIY Costume Hack!  Stop overpaying for flimsy, generic store-bought costumes! This comprehensive digital pack gives you everything you need to create a high-quality, fully personalized Wholesale Club / Employee / Superfan costume—all at a fraction of the cost.  👻 What Makes This the PERFECT Halloween Pack?  This bundle provides the essential core graphics for the most popular, recognizable, and affordable DIY costume of the year.  Include",https://www.etsy.com/search?q=Wholesale%20Club%20Costume%20SVG%20Pack%3A%20Halloween%20Costume%20%7C%20Personalized%20Apron%20Design%20%28Digital%20Download%29%20Bizilla,,,PAUSED,,STATIC,Wholesale Club Costume SVG Pack: Halloween Costume | Personalized Apron Design (Digital Download),https://www.etsy.com/search?q=Wholesale%20Club%20Costume%20SVG%20Pack%3A%20Halloween%20Costume%20%7C%20Personalized%20Apron%20Design%20%28Digital%20Download%29%20Bizilla,,,,,,,,,,,,,,,,,,,,,,,,,,,,,,,,,,,,,,,,,,,,,,,,,,,,,,,,,,,,,,,,,,,,,,,,,,,,,,,,,,BulkSheetVersion=V2
,CONSIDERATION,Bizilla Organic Inventory,PAUSED,,10.00,,,YES,,,,,,America/New_York,,,,,All Products,,,,,,STANDARD,CBO,PAUSED,,0.10,,,,,,,,,,,,,,,AUTOMATIC,,,,[US],,,,[All],[ALL],,,,[All],,,,,,,,,,,,,https://i.etsystatic.com/37058139/r/il/5c1b2b/7064652587/il_fullxfull.7064652587_a514.jpg,Rustic Potting Bench Plans | Outdoor Garden Workstation PDF,"Rustic Garden Workstation PDF Plans  Unlock your creativity with our detailed Potting Bench Plans. This comprehensive Rustic Garden Workstation PDF is your essential guide for a rewarding Woodworking Project Outdoor Garden Work Bench. Perfect for creating a functional Potting Station in your yard, these plans make building a breeze.  Our Diy Potting Bench Plans guide you step-by-step through constructing a versatile Potting Bench With Sink or a simple Potting Table Sink. You'll have a beautiful ",https://www.etsy.com/search?q=Rustic%20Potting%20Bench%20Plans%20%7C%20Outdoor%20Garden%20Workstation%20PDF%20Bizilla,,,PAUSED,,STATIC,Rustic Potting Bench Plans | Outdoor Garden Workstation PDF,https://www.etsy.com/search?q=Rustic%20Potting%20Bench%20Plans%20%7C%20Outdoor%20Garden%20Workstation%20PDF%20Bizilla,,,,,,,,,,,,,,,,,,,,,,,,,,,,,,,,,,,,,,,,,,,,,,,,,,,,,,,,,,,,,,,,,,,,,,,,,,,,,,,,,,BulkSheetVersion=V2
,CONSIDERATION,Bizilla Organic Inventory,PAUSED,,10.00,,,YES,,,,,,America/New_York,,,,,All Products,,,,,,STANDARD,CBO,PAUSED,,0.10,,,,,,,,,,,,,,,AUTOMATIC,,,,[US],,,,[All],[ALL],,,,[All],,,,,,,,,,,,,https://i.etsystatic.com/37058139/r/il/5d77de/7157457617/il_fullxfull.7157457617_3p5y.jpg,"DIY Coffee Cart Plan | Versatile Bar, Charcuterie, Vendor Serving Station","Elevate Your Events with Our DIY Cart Plans!  Ready to create an unforgettable experience instead of just another event? This DIY cart plan allows you to build a unique serving station that will make your parties and special occasions truly stand out. Whether you want to serve your favorite cocktails as a bar cart, set up an inviting coffee bar, or impress your guests with a delicious charcuterie cart, this versatile design lets your imagination run wild.  These plans are meticulously crafted fo",https://www.etsy.com/search?q=DIY%20Coffee%20Cart%20Plan%20%7C%20Versatile%20Bar%2C%20Charcuterie%2C%20Vendor%20Serving%20Station%20Bizilla,,,PAUSED,,STATIC,"DIY Coffee Cart Plan | Versatile Bar, Charcuterie, Vendor Serving Station",https://www.etsy.com/search?q=DIY%20Coffee%20Cart%20Plan%20%7C%20Versatile%20Bar%2C%20Charcuterie%2C%20Vendor%20Serving%20Station%20Bizilla,,,,,,,,,,,,,,,,,,,,,,,,,,,,,,,,,,,,,,,,,,,,,,,,,,,,,,,,,,,,,,,,,,,,,,,,,,,,,,,,,,BulkSheetVersion=V2
,CONSIDERATION,Bizilla Organic Inventory,PAUSED,,10.00,,,YES,,,,,,America/New_York,,,,,All Products,,,,,,STANDARD,CBO,PAUSED,,0.10,,,,,,,,,,,,,,,AUTOMATIC,,,,[US],,,,[All],[ALL],,,,[All],,,,,,,,,,,,,https://i.etsystatic.com/37058139/r/il/94567f/7133309002/il_fullxfull.7133309002_kihk.jpg,DIY Mobile Coffee Bar Plans with Ice Bin | Home Beverage Station (Digital PDF),"Absolutely, I'll add a section about the dimensions to the description. It's a key feature that a buyer would want to know. Here is the revised product description for your Etsy listing, now including details about the size and scale of the plans.  Craft Your Perfect Event with Our Portable & Sturdy Wooden Bar!  Looking for a versatile and stylish solution for your next gathering? Our Portable Wooden Bar is the ultimate DIY event bar! Whether you're planning a sophisticated home coffee bar, a fu",https://www.etsy.com/search?q=DIY%20Mobile%20Coffee%20Bar%20Plans%20with%20Ice%20Bin%20%7C%20Home%20Beverage%20Station%20%28Digital%20PDF%29%20Bizilla,,,PAUSED,,STATIC,DIY Mobile Coffee Bar Plans with Ice Bin | Home Beverage Station (Digital PDF),https://www.etsy.com/search?q=DIY%20Mobile%20Coffee%20Bar%20Plans%20with%20Ice%20Bin%20%7C%20Home%20Beverage%20Station%20%28Digital%20PDF%29%20Bizilla,,,,,,,,,,,,,,,,,,,,,,,,,,,,,,,,,,,,,,,,,,,,,,,,,,,,,,,,,,,,,,,,,,,,,,,,,,,,,,,,,,BulkSheetVersion=V2
,CONSIDERATION,Bizilla Organic Inventory,PAUSED,,10.00,,,YES,,,,,,America/New_York,,,,,All Products,,,,,,STANDARD,CBO,PAUSED,,0.10,,,,,,,,,,,,,,,AUTOMATIC,,,,[US],,,,[All],[ALL],,,,[All],,,,,,,,,,,,,https://i.etsystatic.com/37058139/r/il/33d61b/7163331173/il_fullxfull.7163331173_g3d2.jpg,"DIY Wedding Cart Plan | Mobile Bar, Coffee, Beverage Cart (PDF Pattern)","Craft the centerpiece of your next event with our comprehensive, step-by-step project plan!  Imagine effortlessly serving your guests from a stunning, custom-built wedding cart that perfectly complements your unique style. This isn't just a project; it's your ticket to creating the ultimate mobile bar or a show-stopping dessert station. Our meticulously designed PDF guide gives you all the tools and knowledge to bring this elegant, modern design to life, allowing you to showcase your special day",https://www.etsy.com/search?q=DIY%20Wedding%20Cart%20Plan%20%7C%20Mobile%20Bar%2C%20Coffee%2C%20Beverage%20Cart%20%28PDF%20Pattern%29%20Bizilla,,,PAUSED,,STATIC,"DIY Wedding Cart Plan | Mobile Bar, Coffee, Beverage Cart (PDF Pattern)",https://www.etsy.com/search?q=DIY%20Wedding%20Cart%20Plan%20%7C%20Mobile%20Bar%2C%20Coffee%2C%20Beverage%20Cart%20%28PDF%20Pattern%29%20Bizilla,,,,,,,,,,,,,,,,,,,,,,,,,,,,,,,,,,,,,,,,,,,,,,,,,,,,,,,,,,,,,,,,,,,,,,,,,,,,,,,,,,BulkSheetVersion=V2
,CONSIDERATION,Bizilla Organic Inventory,PAUSED,,10.00,,,YES,,,,,,America/New_York,,,,,All Products,,,,,,STANDARD,CBO,PAUSED,,0.10,,,,,,,,,,,,,,,AUTOMATIC,,,,[US],,,,[All],[ALL],,,,[All],,,,,,,,,,,,,https://i.etsystatic.com/37058139/r/il/cd804c/6914909197/il_fullxfull.6914909197_eebs.jpg,Customizable Costco Party Price Sign Canva Template,"If you’re planning the ultimate Costco party, look no further! Our Costco birthday party invitation and decoration set is designed to bring all the iconic vibes of your favorite warehouse. Perfect for Costco lovers, this customizable Costco sign and menu template on Canva lets you easily create a fully personalized Costco birthday experience.  Whether it's a classic Costco hot dog bar or a nod to the famous Costco Kirkland brand, our Costco party decor will impress guests of all ages. These uniq",https://www.etsy.com/search?q=Customizable%20Costco%20Party%20Price%20Sign%20Canva%20Template%20Bizilla,,,PAUSED,,STATIC,Customizable Costco Party Price Sign Canva Template,https://www.etsy.com/search?q=Customizable%20Costco%20Party%20Price%20Sign%20Canva%20Template%20Bizilla,,,,,,,,,,,,,,,,,,,,,,,,,,,,,,,,,,,,,,,,,,,,,,,,,,,,,,,,,,,,,,,,,,,,,,,,,,,,,,,,,,BulkSheetVersion=V2
,CONSIDERATION,Bizilla Organic Inventory,PAUSED,,10.00,,,YES,,,,,,America/New_York,,,,,All Products,,,,,,STANDARD,CBO,PAUSED,,0.10,,,,,,,,,,,,,,,AUTOMATIC,,,,[US],,,,[All],[ALL],,,,[All],,,,,,,,,,,,,https://i.etsystatic.com/37058139/r/il/830493/7488351796/il_fullxfull.7488351796_e1fm.jpg,DIY Modern Bird Feeder Station Plans | Standing Tower Feeder Blueprint | Multi-Level Bird Hotel Arch,"🐦 Build a 5-Star Hotel for Your Backyard Birds!  Forget standard birdhouses; give your feathered friends a modern architectural masterpiece. This Bird Feeder Station is designed to be the crown jewel of your garden. With its multi-level ""skyscraper"" design and sturdy tripod stand, it functions as a bustling hub for all types of birds.  These Bird Feeder Plans guide you to build a free-standing structure that doesn't require a tree branch. You can place it right in the center of your lawn, patio,",https://www.etsy.com/search?q=DIY%20Modern%20Bird%20Feeder%20Station%20Plans%20%7C%20Standing%20Tower%20Feeder%20Blueprint%20%7C%20Multi-Level%20Bird%20Hotel%20Architecture%20%7C%20Woodworking%20Project%20Bizilla,,,PAUSED,,STATIC,DIY Modern Bird Feeder Station Plans | Standing Tower Feeder Blueprint | Multi-Level Bird Hotel Architecture | Woodworking Proje,https://www.etsy.com/search?q=DIY%20Modern%20Bird%20Feeder%20Station%20Plans%20%7C%20Standing%20Tower%20Feeder%20Blueprint%20%7C%20Multi-Level%20Bird%20Hotel%20Architecture%20%7C%20Woodworking%20Project%20Bizilla,,,,,,,,,,,,,,,,,,,,,,,,,,,,,,,,,,,,,,,,,,,,,,,,,,,,,,,,,,,,,,,,,,,,,,,,,,,,,,,,,,BulkSheetVersion=V2
