Campaign ID,Campaign Objective,Campaign Name,Campaign Status,Lifetime Spend Limit,Daily Spend Limit,Campaign Order Line ID,Campaign Third Party Tracking Urls,Campaign Budget,Default Ad Group Budget,Campaign Start Date,Campaign Start Time,Campaign End Date,Campaign End Time,Time Zone,Performance+ daily budget,Campaign Keyword (Match Type NEGATIVE_PHRASE),Campaign Keyword (Match Type NEGATIVE_EXACT),Ad Group ID,Ad Group Name,Ad Group Start Date*,Ad Group Start Time,Ad Group End Date*,Ad Group End Time,Ad Group Budget,Ad Group Pacing Type,Ad Group Budget Type,Ad Group Status,Is Creative Optimization,Max Bid,Monthly Frequency Cap,Ad Group Third Party Tracking Urls,Performance+ Targeting,Ad Placement,Goal Value,Conversion Tag ID,Reporting Event,Conversion Event,Conversion Optimization,Click Window Days,Engagement Window Days,View Window Days,Frequency Target Time Range,Frequency Target,Bid strategy type,Targeting Template ID,Promo Ids,Scheduled Budget Adjustment,Locations,Excluded Locations,Geos,Excluded Geos,Genders,AgeBuckets,Minimum Age,Maximum Age,Languages,Devices,Interests,Included Audiences,Excluded Audiences,Dynamic Retargeting Lookback,Dynamic Retargeting Exclusion,Dynamic Retargeting Event Tag Types,Ad Group Keyword (Match Type BROAD),Ad Group Keyword (Match Type EXACT),Ad Group Keyword (Match Type PHRASE),Ad Group Keyword (Match Type NEGATIVE_PHRASE),Ad Group Keyword (Match Type NEGATIVE_EXACT),Existing Pin ID,Media File Name,Pin Title,Pin Description,Organic Pin URL,Image Alternative Text,Is Ad-only Pin,Promoted Pin Status,Promoted Pin ID,Ad Format,Promoted Pin Name,Promoted Pin URL,Promoted Pin Third Party Tracking Urls,Is Removable Pin Promotion,Carousel Card 1 Image File Name,Carousel Card 1 Title,Carousel Card 1 Description,Carousel Card 1 Organic Pin URL,Carousel Card 1 Destination URL,Carousel Card 1 Android Deep Link,Carousel Card 1 iOS Deep Link,Carousel Card 2 Image File Name,Carousel Card 2 Title,Carousel Card 2 Description,Carousel Card 2 Organic Pin URL,Carousel Card 2 Destination URL,Carousel Card 2 Android Deep Link,Carousel Card 2 iOS Deep Link,Carousel Card 3 Image File Name,Carousel Card 3 Title,Carousel Card 3 Description,Carousel Card 3 Organic Pin URL,Carousel Card 3 Destination URL,Carousel Card 3 Android Deep Link,Carousel Card 3 iOS Deep Link,Carousel Card 4 Image File Name,Carousel Card 4 Title,Carousel Card 4 Description,Carousel Card 4 Organic Pin URL,Carousel Card 4 Destination URL,Carousel Card 4 Android Deep Link,Carousel Card 4 iOS Deep Link,Carousel Card 5 Image File Name,Carousel Card 5 Title,Carousel Card 5 Description,Carousel Card 5 Organic Pin URL,Carousel Card 5 Destination URL,Carousel Card 5 Android Deep Link,Carousel Card 5 iOS Deep Link,Collections Secondary Creative Destination Url,Title Card Organic PinID,Card 1 Organic PinID,Card 2 Organic PinID,Card 3 Organic PinID,Card 4 Organic PinID,Quiz pin question 1 text,Question 1 options text,Quiz pin question 2 text,Question 2 options text,Quiz pin question 3 text,Question 3 options text,Result 1 organic Pin ID,Result 1 iOS deep link url,Result 1 Android deep link url,Result 1 destination url,Result 2 organic Pin ID,Result 2 iOS deep link url,Result 2 Android deep link url,Result 2 destination url,Result 3 organic Pin ID,Result 3 iOS deep link url,Result 3 Android deep link url,Result 3 destination url,Grid Click Type,CTA Selection,Keyword Status,Keyword (Match Type BROAD),Keyword (Match Type EXACT),Keyword (Match Type PHRASE),Keyword (Match Type NEGATIVE_PHRASE),Keyword (Match Type NEGATIVE_EXACT),Product Group ID,Product Group Reference ID,Product Group Name,Product Group Status,Tracking Template,Shopping Collections Hero Pin ID,Shopping Collections Hero Pin URL,Slideshow Collections Title,Slideshow Collections Description,Product Group Selected Ad Image Tag,Is Generate Background,Status,Version
,,,,,,,,,,,,,,,,,,,,,,,,,,,,,,,,,,,,,,,,,,,,,,,,,,,,,,,,,,,,,,,,,,,,,,,,,,,,,,,,,,,,,,,,,,,,,,,,,,,,,,,,,,,,,,,,,,,,,,,,,,,,,,,,,,,,,,,,,,,,,,,,,,,,,,,,,,,,,,,,,,
,,,,,,,,,,,,,,,,,,,,,,,,,,,,,,,,,,,,,,,,,,,,,,,,,,,,,,,,,,,,,,,,,,,,,,,,,,,,,,,,,,,,,,,,,,,,,,,,,,,,,,,,,,,,,,,,,,,,,,,,,,,,,,,,,,,,,,,,,,,,,,,,,,,,,,,,,,,,,,,,,,
,CONSIDERATION,Bizilla Organic Inventory,PAUSED,,10.00,,,YES,,,,,,America/New_York,,,,,All Products,,,,,,STANDARD,CBO,PAUSED,,0.10,,,,,,,,,,,,,,,AUTOMATIC,,,,[US],,,,[All],[ALL],,,,[All],,,,,,,,,,,,,https://i.etsystatic.com/37058139/r/il/d0922e/7486979356/il_fullxfull.7486979356_8vpy.jpg,DIY Santa Sleigh & Reindeer Plans | Life-Size Outdoor Christmas Yard Display | Wooden Holiday Decor ,"🎅 Bring the Magic of the North Pole to Your Front Yard!  Create a show-stopping holiday display this year with these comprehensive Santa Sleigh Diy Plans. This isn't just a decoration; it’s a life-size experience. Designed to be sturdy and majestic, this set includes blueprints for both the classic wooden sleigh and the matching reindeer. Whether you are a woodworker looking for a festive project or a family wanting to create the ultimate Outdoor Christmas Diy photo booth for the neighborhood, t",https://www.etsy.com/search?q=DIY%20Santa%20Sleigh%20%26%20Reindeer%20Plans%20%7C%20Life-Size%20Outdoor%20Christmas%20Yard%20Display%20%7C%20Wooden%20Holiday%20Decor%20Blueprint%20%7C%20Digital%20PDF%20Pattern%20Bizilla,,,PAUSED,,STATIC,DIY Santa Sleigh & Reindeer Plans | Life-Size Outdoor Christmas Yard Display | Wooden Holiday Decor Blueprint | Digital PDF Patt,https://www.etsy.com/search?q=DIY%20Santa%20Sleigh%20%26%20Reindeer%20Plans%20%7C%20Life-Size%20Outdoor%20Christmas%20Yard%20Display%20%7C%20Wooden%20Holiday%20Decor%20Blueprint%20%7C%20Digital%20PDF%20Pattern%20Bizilla,,,,,,,,,,,,,,,,,,,,,,,,,,,,,,,,,,,,,,,,,,,,,,,,,,,,,,,,,,,,,,,,,,,,,,,,,,,,,,,,,,BulkSheetVersion=V2
,CONSIDERATION,Bizilla Organic Inventory,PAUSED,,10.00,,,YES,,,,,,America/New_York,,,,,All Products,,,,,,STANDARD,CBO,PAUSED,,0.10,,,,,,,,,,,,,,,AUTOMATIC,,,,[US],,,,[All],[ALL],,,,[All],,,,,,,,,,,,,https://i.etsystatic.com/37058139/r/il/8279a7/7903172592/il_fullxfull.7903172592_8b6w.jpg,DIY Welcome Sign Planter Box Plans PDF | Front Porch Wooden Plant Stand | Hanging Basket Woodworking,"Enhance Your Home's Curb Appeal with a Weekend Woodworking Project  Create a warm, inviting entrance to your home with a beautiful custom woodworking piece you can build yourself. This digital blueprint provides the exact, step-by-step instructions to craft a charming Welcome Sign Planter Box. Combining a spacious plant bed with a tall display post, it is the perfect statement piece to greet your guests at the front door, porch, or garden entrance.  Skip the overpriced, mass-produced garden cent",https://www.etsy.com/search?q=DIY%20Welcome%20Sign%20Planter%20Box%20Plans%20PDF%20%7C%20Front%20Porch%20Wooden%20Plant%20Stand%20%7C%20Hanging%20Basket%20Woodworking%20Blueprint%20%7C%20Garden%20Decor%20Project%20Bizilla,,,PAUSED,,STATIC,DIY Welcome Sign Planter Box Plans PDF | Front Porch Wooden Plant Stand | Hanging Basket Woodworking Blueprint | Garden Decor Pr,https://www.etsy.com/search?q=DIY%20Welcome%20Sign%20Planter%20Box%20Plans%20PDF%20%7C%20Front%20Porch%20Wooden%20Plant%20Stand%20%7C%20Hanging%20Basket%20Woodworking%20Blueprint%20%7C%20Garden%20Decor%20Project%20Bizilla,,,,,,,,,,,,,,,,,,,,,,,,,,,,,,,,,,,,,,,,,,,,,,,,,,,,,,,,,,,,,,,,,,,,,,,,,,,,,,,,,,BulkSheetVersion=V2
,CONSIDERATION,Bizilla Organic Inventory,PAUSED,,10.00,,,YES,,,,,,America/New_York,,,,,All Products,,,,,,STANDARD,CBO,PAUSED,,0.10,,,,,,,,,,,,,,,AUTOMATIC,,,,[US],,,,[All],[ALL],,,,[All],,,,,,,,,,,,,https://i.etsystatic.com/37058139/r/il/8bc1c3/7951117755/il_fullxfull.7951117755_tkpq.jpg,DIY Mud Kitchen Plans PDF | Outdoor Play Kitchen Blueprint | Large Montessori Pretend Play Station |,"Build the Ultimate Outdoor Play Space: The Jumbo 8-Foot Mud Kitchen  Get your kids off the screens and into nature! This comprehensive digital woodworking blueprint provides the exact plans to build a massive, multi-station outdoor mud kitchen. Perfect for siblings, playdates, and Montessori-style sensory play, this durable wooden kitchen will provide years of imaginative, messy fun right in your backyard.  Why buy a flimsy plastic playset when you can build a heavy-duty, beautiful wooden play k",https://www.etsy.com/search?q=DIY%20Mud%20Kitchen%20Plans%20PDF%20%7C%20Outdoor%20Play%20Kitchen%20Blueprint%20%7C%20Large%20Montessori%20Pretend%20Play%20Station%20%7C%20Toddler%20Wooden%20Kitchen%20Build%20Guide%20Bizilla,,,PAUSED,,STATIC,DIY Mud Kitchen Plans PDF | Outdoor Play Kitchen Blueprint | Large Montessori Pretend Play Station | Toddler Wooden Kitchen Buil,https://www.etsy.com/search?q=DIY%20Mud%20Kitchen%20Plans%20PDF%20%7C%20Outdoor%20Play%20Kitchen%20Blueprint%20%7C%20Large%20Montessori%20Pretend%20Play%20Station%20%7C%20Toddler%20Wooden%20Kitchen%20Build%20Guide%20Bizilla,,,,,,,,,,,,,,,,,,,,,,,,,,,,,,,,,,,,,,,,,,,,,,,,,,,,,,,,,,,,,,,,,,,,,,,,,,,,,,,,,,BulkSheetVersion=V2
,CONSIDERATION,Bizilla Organic Inventory,PAUSED,,10.00,,,YES,,,,,,America/New_York,,,,,All Products,,,,,,STANDARD,CBO,PAUSED,,0.10,,,,,,,,,,,,,,,AUTOMATIC,,,,[US],,,,[All],[ALL],,,,[All],,,,,,,,,,,,,https://i.etsystatic.com/37058139/r/il/f7caec/7805098954/il_fullxfull.7805098954_7u27.jpg,DIY Humidor Cabinet Plan | Large Cigar Display Case PDF | Woodworking Blueprint,"Build the Ultimate Large-Capacity Cigar Humidor Cabinet!  Looking for a premium woodworking project that stands out? This comprehensive DIY Humidor Cabinet Plan provides everything you need to build a stunning, professional-grade cigar display case. Perfect for serious cigar aficionados, lounge owners, or any woodworker looking to craft a high-end cigar humidor without paying premium retail prices.  This detailed woodworking blueprint features elegant glass doors, lower storage compartments, and",https://www.etsy.com/search?q=DIY%20Humidor%20Cabinet%20Plan%20%7C%20Large%20Cigar%20Display%20Case%20PDF%20%7C%20Woodworking%20Blueprint%20Bizilla,,,PAUSED,,STATIC,DIY Humidor Cabinet Plan | Large Cigar Display Case PDF | Woodworking Blueprint,https://www.etsy.com/search?q=DIY%20Humidor%20Cabinet%20Plan%20%7C%20Large%20Cigar%20Display%20Case%20PDF%20%7C%20Woodworking%20Blueprint%20Bizilla,,,,,,,,,,,,,,,,,,,,,,,,,,,,,,,,,,,,,,,,,,,,,,,,,,,,,,,,,,,,,,,,,,,,,,,,,,,,,,,,,,BulkSheetVersion=V2
,CONSIDERATION,Bizilla Organic Inventory,PAUSED,,10.00,,,YES,,,,,,America/New_York,,,,,All Products,,,,,,STANDARD,CBO,PAUSED,,0.10,,,,,,,,,,,,,,,AUTOMATIC,,,,[US],,,,[All],[ALL],,,,[All],,,,,,,,,,,,,https://i.etsystatic.com/37058139/r/il/f4fd04/7852756241/il_fullxfull.7852756241_5x7g.jpg,DIY Floor Rocking Chair Plans | Arc Rocking Lounger Blueprint | Oval Rocker Chair PDF,"Experience Ultimate Relaxation with DIY Arc Floor Rocking Chair Plans!  Looking for the perfect ergonomic seat for reading, gaming, or lounging on the porch? Build your own stunning floor rocking chair with our comprehensive woodworking plans. This beautiful arc chair rocker features a unique slatted, curved design that conforms to your body, providing a comfortable, zero-gravity feel. It is the ultimate rocking lounger project to upgrade your living room, reading nook, or backyard deck!  Whethe",https://www.etsy.com/search?q=DIY%20Floor%20Rocking%20Chair%20Plans%20%7C%20Arc%20Rocking%20Lounger%20Blueprint%20%7C%20Oval%20Rocker%20Chair%20PDF%20Bizilla,,,PAUSED,,STATIC,DIY Floor Rocking Chair Plans | Arc Rocking Lounger Blueprint | Oval Rocker Chair PDF,https://www.etsy.com/search?q=DIY%20Floor%20Rocking%20Chair%20Plans%20%7C%20Arc%20Rocking%20Lounger%20Blueprint%20%7C%20Oval%20Rocker%20Chair%20PDF%20Bizilla,,,,,,,,,,,,,,,,,,,,,,,,,,,,,,,,,,,,,,,,,,,,,,,,,,,,,,,,,,,,,,,,,,,,,,,,,,,,,,,,,,BulkSheetVersion=V2
,CONSIDERATION,Bizilla Organic Inventory,PAUSED,,10.00,,,YES,,,,,,America/New_York,,,,,All Products,,,,,,STANDARD,CBO,PAUSED,,0.10,,,,,,,,,,,,,,,AUTOMATIC,,,,[US],,,,[All],[ALL],,,,[All],,,,,,,,,,,,,https://i.etsystatic.com/37058139/r/il/a8632b/7215575837/il_fullxfull.7215575837_alax.jpg,Jewelry Tree Stand DIY Plan | Laser Cut Earring Organizer (Digital Download),"Rescue your jewelry from tangled drawers and display it like a work of art! With this elegant Jewelry Tree Stand DIY plan, you can create a solution that is both highly functional and beautifully decorative for organizing your necklaces, earrings, and bracelets.  Inspired by nature, this tree design offers numerous branches, providing a massive storage capacity for all your favorite accessories, from long necklaces to hoop earrings. Create this stunning organizer with your own laser cutter or CN",https://www.etsy.com/search?q=Jewelry%20Tree%20Stand%20DIY%20Plan%20%7C%20Laser%20Cut%20Earring%20Organizer%20%28Digital%20Download%29%20Bizilla,,,PAUSED,,STATIC,Jewelry Tree Stand DIY Plan | Laser Cut Earring Organizer (Digital Download),https://www.etsy.com/search?q=Jewelry%20Tree%20Stand%20DIY%20Plan%20%7C%20Laser%20Cut%20Earring%20Organizer%20%28Digital%20Download%29%20Bizilla,,,,,,,,,,,,,,,,,,,,,,,,,,,,,,,,,,,,,,,,,,,,,,,,,,,,,,,,,,,,,,,,,,,,,,,,,,,,,,,,,,BulkSheetVersion=V2
,CONSIDERATION,Bizilla Organic Inventory,PAUSED,,10.00,,,YES,,,,,,America/New_York,,,,,All Products,,,,,,STANDARD,CBO,PAUSED,,0.10,,,,,,,,,,,,,,,AUTOMATIC,,,,[US],,,,[All],[ALL],,,,[All],,,,,,,,,,,,,https://i.etsystatic.com/37058139/r/il/bbc821/7853063071/il_fullxfull.7853063071_ta0z.jpg,DIY Lego Table Plans | Kids Activity Table Blueprint PDF | Playroom Toy Storage Organizer |Train Tab,"Build the Ultimate Kids Play & Storage Table!  Tired of stepping on toy bricks? Transform your child's playroom with this comprehensive DIY Lego Table Plan! Designed with both fun and organization in mind, this kids activity table features a recessed top to keep building blocks and train tracks contained, plus built-in lower shelving perfectly sized for standard plastic storage bins.  Whether you want to build a dedicated train table, a craft station, or a playroom toy storage organizer, this de",https://www.etsy.com/search?q=DIY%20Lego%20Table%20Plans%20%7C%20Kids%20Activity%20Table%20Blueprint%20PDF%20%7C%20Playroom%20Toy%20Storage%20Organizer%20%7CTrain%20Table%20Build%20Bizilla,,,PAUSED,,STATIC,DIY Lego Table Plans | Kids Activity Table Blueprint PDF | Playroom Toy Storage Organizer |Train Table Build,https://www.etsy.com/search?q=DIY%20Lego%20Table%20Plans%20%7C%20Kids%20Activity%20Table%20Blueprint%20PDF%20%7C%20Playroom%20Toy%20Storage%20Organizer%20%7CTrain%20Table%20Build%20Bizilla,,,,,,,,,,,,,,,,,,,,,,,,,,,,,,,,,,,,,,,,,,,,,,,,,,,,,,,,,,,,,,,,,,,,,,,,,,,,,,,,,,BulkSheetVersion=V2
,CONSIDERATION,Bizilla Organic Inventory,PAUSED,,10.00,,,YES,,,,,,America/New_York,,,,,All Products,,,,,,STANDARD,CBO,PAUSED,,0.10,,,,,,,,,,,,,,,AUTOMATIC,,,,[US],,,,[All],[ALL],,,,[All],,,,,,,,,,,,,https://i.etsystatic.com/37058139/r/il/7c6223/7913201330/il_fullxfull.7913201330_1b0z.jpg,DIY Chapel Wedding Arch Plans PDF | Wooden Church Arbor Blueprint | Rustic Outdoor Canopy Build Guid,"Bring the Chapel Outdoors: Build a Majestic 3D Church Wedding Arbor  Capture the traditional elegance and architectural grandeur of a church wedding in any outdoor setting. This digital woodworking blueprint provides the exact, step-by-step instructions to build a monumental, 3D Chapel-Style Wedding Arch. Towering at nearly 13 feet tall and spanning 10 feet wide, this pavilion-style structure creates an awe-inspiring, immersive altar that perfectly frames the couple.  Whether you are a wedding v",https://www.etsy.com/search?q=DIY%20Chapel%20Wedding%20Arch%20Plans%20PDF%20%7C%20Wooden%20Church%20Arbor%20Blueprint%20%7C%20Rustic%20Outdoor%20Canopy%20Build%20Guide%20%7C%20Large%20Pavilion%20Trellis%20Woodworking%20Bizilla,,,PAUSED,,STATIC,DIY Chapel Wedding Arch Plans PDF | Wooden Church Arbor Blueprint | Rustic Outdoor Canopy Build Guide | Large Pavilion Trellis W,https://www.etsy.com/search?q=DIY%20Chapel%20Wedding%20Arch%20Plans%20PDF%20%7C%20Wooden%20Church%20Arbor%20Blueprint%20%7C%20Rustic%20Outdoor%20Canopy%20Build%20Guide%20%7C%20Large%20Pavilion%20Trellis%20Woodworking%20Bizilla,,,,,,,,,,,,,,,,,,,,,,,,,,,,,,,,,,,,,,,,,,,,,,,,,,,,,,,,,,,,,,,,,,,,,,,,,,,,,,,,,,BulkSheetVersion=V2
,CONSIDERATION,Bizilla Organic Inventory,PAUSED,,10.00,,,YES,,,,,,America/New_York,,,,,All Products,,,,,,STANDARD,CBO,PAUSED,,0.10,,,,,,,,,,,,,,,AUTOMATIC,,,,[US],,,,[All],[ALL],,,,[All],,,,,,,,,,,,,https://i.etsystatic.com/37058139/r/il/f74947/7286662289/il_fullxfull.7286662289_1rvr.jpg,DIY Modern Wood & Metal Garden Fence Plan (PDF Download),"🌟 DIY Modern Fence Panel Plan - Wood & Metal Railing (PDF Download) 🌟  Sturdy Wood Frame / Vertical Post Supported / Beginner-Friendly  The easiest way to bring a luxurious, modern look to your yard is here! Skip the expensive custom orders. This beginner-friendly PDF plan shows you step-by-step how to build a stunning fence panel that combines natural wood with sleek metal infill railing.  Our design is tailored for standard dimensional lumber—the thick wood materials and commonly used ""Wild Ho",https://www.etsy.com/search?q=DIY%20Modern%20Wood%20%26%20Metal%20Garden%20Fence%20Plan%20%28PDF%20Download%29%20Bizilla,,,PAUSED,,STATIC,DIY Modern Wood & Metal Garden Fence Plan (PDF Download),https://www.etsy.com/search?q=DIY%20Modern%20Wood%20%26%20Metal%20Garden%20Fence%20Plan%20%28PDF%20Download%29%20Bizilla,,,,,,,,,,,,,,,,,,,,,,,,,,,,,,,,,,,,,,,,,,,,,,,,,,,,,,,,,,,,,,,,,,,,,,,,,,,,,,,,,,BulkSheetVersion=V2
,CONSIDERATION,Bizilla Organic Inventory,PAUSED,,10.00,,,YES,,,,,,America/New_York,,,,,All Products,,,,,,STANDARD,CBO,PAUSED,,0.10,,,,,,,,,,,,,,,AUTOMATIC,,,,[US],,,,[All],[ALL],,,,[All],,,,,,,,,,,,,https://i.etsystatic.com/37058139/r/il/1bace0/6805533862/il_fullxfull.6805533862_h9zp.jpg,Costco Birthday Party Signs: Customizable Price Sign Canva Template,"If you’re planning the ultimate Costco party, look no further! Our Costco birthday party invitation and decoration set is designed to bring all the iconic vibes of your favorite warehouse. Perfect for Costco lovers, this customizable Costco sign and menu template on Canva lets you easily create a fully personalized Costco birthday experience.  Whether it's a classic Costco hot dog bar or a nod to the famous Costco Kirkland brand, our Costco party decor will impress guests of all ages. These uniq",https://www.etsy.com/search?q=Costco%20Birthday%20Party%20Signs%3A%20Customizable%20Price%20Sign%20Canva%20Template%20Bizilla,,,PAUSED,,STATIC,Costco Birthday Party Signs: Customizable Price Sign Canva Template,https://www.etsy.com/search?q=Costco%20Birthday%20Party%20Signs%3A%20Customizable%20Price%20Sign%20Canva%20Template%20Bizilla,,,,,,,,,,,,,,,,,,,,,,,,,,,,,,,,,,,,,,,,,,,,,,,,,,,,,,,,,,,,,,,,,,,,,,,,,,,,,,,,,,BulkSheetVersion=V2
,CONSIDERATION,Bizilla Organic Inventory,PAUSED,,10.00,,,YES,,,,,,America/New_York,,,,,All Products,,,,,,STANDARD,CBO,PAUSED,,0.10,,,,,,,,,,,,,,,AUTOMATIC,,,,[US],,,,[All],[ALL],,,,[All],,,,,,,,,,,,,https://i.etsystatic.com/37058139/r/il/192c56/7183502159/il_fullxfull.7183502159_nzfb.jpg,"Charcuterie Cart Plan | Dessert Cart | Food Cart | Mobile Bar with Wheels, Umbrella | DIY Collapsibl","Build Your Dream Event: The Ultimate DIY Mobile Serving Cart Plan  Craft the centerpiece of your next event with our comprehensive, step-by-step project plan!  Imagine effortlessly serving your guests from a stunning, custom-built cart that perfectly complements your unique style. This isn't just a project; it's your ticket to creating the ultimate custom food cart or a show-stopping mobile bar. Our meticulously designed PDF guide gives you all the tools and knowledge to bring this elegant, mode",https://www.etsy.com/search?q=Charcuterie%20Cart%20Plan%20%7C%20Dessert%20Cart%20%7C%20Food%20Cart%20%7C%20Mobile%20Bar%20with%20Wheels%2C%20Umbrella%20%7C%20DIY%20Collapsible%20Charcuterie%20Cart%20Plans%20PDF%20Bizilla,,,PAUSED,,STATIC,"Charcuterie Cart Plan | Dessert Cart | Food Cart | Mobile Bar with Wheels, Umbrella | DIY Collapsible Charcuterie Cart Plans PDF",https://www.etsy.com/search?q=Charcuterie%20Cart%20Plan%20%7C%20Dessert%20Cart%20%7C%20Food%20Cart%20%7C%20Mobile%20Bar%20with%20Wheels%2C%20Umbrella%20%7C%20DIY%20Collapsible%20Charcuterie%20Cart%20Plans%20PDF%20Bizilla,,,,,,,,,,,,,,,,,,,,,,,,,,,,,,,,,,,,,,,,,,,,,,,,,,,,,,,,,,,,,,,,,,,,,,,,,,,,,,,,,,BulkSheetVersion=V2
,CONSIDERATION,Bizilla Organic Inventory,PAUSED,,10.00,,,YES,,,,,,America/New_York,,,,,All Products,,,,,,STANDARD,CBO,PAUSED,,0.10,,,,,,,,,,,,,,,AUTOMATIC,,,,[US],,,,[All],[ALL],,,,[All],,,,,,,,,,,,,https://i.etsystatic.com/37058139/r/il/7e520b/7631043680/il_fullxfull.7631043680_7jf4.jpg,Wooden Rocking Horse Plans | DIY Toddler Toy Blueprint (Digital PDF),"Build a Timeless Heirloom with Your Own Hands 🐴✨  Are you looking for a meaningful DIY project that will be cherished for years? This Wooden Rocking Horse Plan is designed to help you create a beautiful, modern, and sturdy ride-on toy that fits perfectly in any nursery or playroom.  Unlike complicated traditional designs, this simple rocking horse DIY project features clean lines and a minimalist aesthetic. It’s not just a toy; it’s a piece of furniture that celebrates the warmth of wood. Whethe",https://www.etsy.com/search?q=Wooden%20Rocking%20Horse%20Plans%20%7C%20DIY%20Toddler%20Toy%20Blueprint%20%28Digital%20PDF%29%20Bizilla,,,PAUSED,,STATIC,Wooden Rocking Horse Plans | DIY Toddler Toy Blueprint (Digital PDF),https://www.etsy.com/search?q=Wooden%20Rocking%20Horse%20Plans%20%7C%20DIY%20Toddler%20Toy%20Blueprint%20%28Digital%20PDF%29%20Bizilla,,,,,,,,,,,,,,,,,,,,,,,,,,,,,,,,,,,,,,,,,,,,,,,,,,,,,,,,,,,,,,,,,,,,,,,,,,,,,,,,,,BulkSheetVersion=V2
,CONSIDERATION,Bizilla Organic Inventory,PAUSED,,10.00,,,YES,,,,,,America/New_York,,,,,All Products,,,,,,STANDARD,CBO,PAUSED,,0.10,,,,,,,,,,,,,,,AUTOMATIC,,,,[US],,,,[All],[ALL],,,,[All],,,,,,,,,,,,,https://i.etsystatic.com/37058139/r/il/e67530/7941859226/il_fullxfull.7941859226_d7yk.jpg,DIY Triple Wheelie Bin Storage Plans PDF | Wooden Trash Can Enclosure Blueprint | 3-Bay Garbage Shed,"Hide Those Ugly Trash Cans with This Premium Wooden Enclosure!  100% Satisfaction & Money-Back Guarantee!  We are so confident that you will love building this project that we offer a 100% money-back guarantee. If you are not completely satisfied with these plans for any reason, we will refund your purchase—no questions asked! Plus, if you need any help or have questions during the build, we are always here to provide full support and guidance via Etsy messages.  About This Build  Instantly upgr",https://www.etsy.com/search?q=DIY%20Triple%20Wheelie%20Bin%20Storage%20Plans%20PDF%20%7C%20Wooden%20Trash%20Can%20Enclosure%20Blueprint%20%7C%203-Bay%20Garbage%20Shed%20%7C%20Outdoor%20Bin%20Hideaway%20Woodworking%20Bizilla,,,PAUSED,,STATIC,DIY Triple Wheelie Bin Storage Plans PDF | Wooden Trash Can Enclosure Blueprint | 3-Bay Garbage Shed | Outdoor Bin Hideaway Wood,https://www.etsy.com/search?q=DIY%20Triple%20Wheelie%20Bin%20Storage%20Plans%20PDF%20%7C%20Wooden%20Trash%20Can%20Enclosure%20Blueprint%20%7C%203-Bay%20Garbage%20Shed%20%7C%20Outdoor%20Bin%20Hideaway%20Woodworking%20Bizilla,,,,,,,,,,,,,,,,,,,,,,,,,,,,,,,,,,,,,,,,,,,,,,,,,,,,,,,,,,,,,,,,,,,,,,,,,,,,,,,,,,BulkSheetVersion=V2
,CONSIDERATION,Bizilla Organic Inventory,PAUSED,,10.00,,,YES,,,,,,America/New_York,,,,,All Products,,,,,,STANDARD,CBO,PAUSED,,0.10,,,,,,,,,,,,,,,AUTOMATIC,,,,[US],,,,[All],[ALL],,,,[All],,,,,,,,,,,,,https://i.etsystatic.com/37058139/r/il/f73c32/7179259464/il_fullxfull.7179259464_kxip.jpg,"Mobile Food Cart Plans | Charcuterie Mobile Bar and Coffee Cart Bar Blueprint | Snack Cart, Pastry C","Build Your Dream Event: The Ultimate DIY Mobile Serving Cart Plan  Craft the centerpiece of your next event with our comprehensive, step-by-step project plan!  Imagine effortlessly serving your guests from a stunning, custom-built cart that perfectly complements your unique style. This isn't just a project; it's your ticket to creating the ultimate custom food cart or a show-stopping mobile bar. Our meticulously designed PDF guide gives you all the tools and knowledge to bring this elegant, mode",https://www.etsy.com/search?q=Mobile%20Food%20Cart%20Plans%20%7C%20Charcuterie%20Mobile%20Bar%20and%20Coffee%20Cart%20Bar%20Blueprint%20%7C%20Snack%20Cart%2C%20Pastry%20Cart%2C%20Ice%20Cream%20Cart%2C%20Cookie%20Cart%20Plans%20Bizilla,,,PAUSED,,STATIC,"Mobile Food Cart Plans | Charcuterie Mobile Bar and Coffee Cart Bar Blueprint | Snack Cart, Pastry Cart, Ice Cream Cart, Cookie ",https://www.etsy.com/search?q=Mobile%20Food%20Cart%20Plans%20%7C%20Charcuterie%20Mobile%20Bar%20and%20Coffee%20Cart%20Bar%20Blueprint%20%7C%20Snack%20Cart%2C%20Pastry%20Cart%2C%20Ice%20Cream%20Cart%2C%20Cookie%20Cart%20Plans%20Bizilla,,,,,,,,,,,,,,,,,,,,,,,,,,,,,,,,,,,,,,,,,,,,,,,,,,,,,,,,,,,,,,,,,,,,,,,,,,,,,,,,,,BulkSheetVersion=V2
,CONSIDERATION,Bizilla Organic Inventory,PAUSED,,10.00,,,YES,,,,,,America/New_York,,,,,All Products,,,,,,STANDARD,CBO,PAUSED,,0.10,,,,,,,,,,,,,,,AUTOMATIC,,,,[US],,,,[All],[ALL],,,,[All],,,,,,,,,,,,,https://i.etsystatic.com/37058139/r/il/c3fd12/7162017910/il_fullxfull.7162017910_69ip.jpg,Bed Frame Queen with Headboard | Bed Frame Plans | DIY Wooden Bed Frame | Floating King Size Bed Fra,"Create a Unique and Stylish Sanctuary with Our DIY Bed Frame Plans  Transform your bedroom into a comfortable and stylish retreat with our easy-to-follow woodworking plans. This DIY bed frame project is perfect for woodworkers of all skill levels, allowing you to build a sturdy and beautiful piece of bedroom furniture that will last for years.  Why Build Your Own Bed Frame? Building your own bed frame isn't just a creative endeavor—it’s a way to get the exact style and size you want. Whether you",https://www.etsy.com/search?q=Bed%20Frame%20Queen%20with%20Headboard%20%7C%20Bed%20Frame%20Plans%20%7C%20DIY%20Wooden%20Bed%20Frame%20%7C%20Floating%20King%20Size%20Bed%20Frame%20%7C%20Rustic%2C%20Solid%20Wood%20Bed%20Design%20Bizilla,,,PAUSED,,STATIC,"Bed Frame Queen with Headboard | Bed Frame Plans | DIY Wooden Bed Frame | Floating King Size Bed Frame | Rustic, Solid Wood Bed ",https://www.etsy.com/search?q=Bed%20Frame%20Queen%20with%20Headboard%20%7C%20Bed%20Frame%20Plans%20%7C%20DIY%20Wooden%20Bed%20Frame%20%7C%20Floating%20King%20Size%20Bed%20Frame%20%7C%20Rustic%2C%20Solid%20Wood%20Bed%20Design%20Bizilla,,,,,,,,,,,,,,,,,,,,,,,,,,,,,,,,,,,,,,,,,,,,,,,,,,,,,,,,,,,,,,,,,,,,,,,,,,,,,,,,,,BulkSheetVersion=V2
,CONSIDERATION,Bizilla Organic Inventory,PAUSED,,10.00,,,YES,,,,,,America/New_York,,,,,All Products,,,,,,STANDARD,CBO,PAUSED,,0.10,,,,,,,,,,,,,,,AUTOMATIC,,,,[US],,,,[All],[ALL],,,,[All],,,,,,,,,,,,,https://i.etsystatic.com/37058139/r/il/2f4c0a/7825038799/il_fullxfull.7825038799_dln3.jpg,Outdoor Wood Plant Stand DIY Plan | 4-Tier Stepped Planter Woodworking Blueprint (Digital Download),"Greet Your Guests in Style with a DIY Tall Welcome Planter Stand!  Looking for the perfect front porch decor to showcase your beautiful spring flowers? Build your own stunning wood welcome stand with planter using our comprehensive woodworking plans. This tall, 4-tier vertical design is perfect for holding multiple pots, lanterns, or an elegant ""Welcome"" sign at the top. It is the ultimate farmhouse style planter project to boost your home's curb appeal!  Whether you need a sturdy planter stand ",https://www.etsy.com/search?q=Outdoor%20Wood%20Plant%20Stand%20DIY%20Plan%20%7C%204-Tier%20Stepped%20Planter%20Woodworking%20Blueprint%20%28Digital%20Download%29%20Bizilla,,,PAUSED,,STATIC,Outdoor Wood Plant Stand DIY Plan | 4-Tier Stepped Planter Woodworking Blueprint (Digital Download),https://www.etsy.com/search?q=Outdoor%20Wood%20Plant%20Stand%20DIY%20Plan%20%7C%204-Tier%20Stepped%20Planter%20Woodworking%20Blueprint%20%28Digital%20Download%29%20Bizilla,,,,,,,,,,,,,,,,,,,,,,,,,,,,,,,,,,,,,,,,,,,,,,,,,,,,,,,,,,,,,,,,,,,,,,,,,,,,,,,,,,BulkSheetVersion=V2
,CONSIDERATION,Bizilla Organic Inventory,PAUSED,,10.00,,,YES,,,,,,America/New_York,,,,,All Products,,,,,,STANDARD,CBO,PAUSED,,0.10,,,,,,,,,,,,,,,AUTOMATIC,,,,[US],,,,[All],[ALL],,,,[All],,,,,,,,,,,,,https://i.etsystatic.com/37058139/r/il/95fc90/7679022825/il_fullxfull.7679022825_d440.jpg,Wooden Market Cart DIY Plans | Collapsible Vendor Stall Blueprint (PDF Download),"Build the Ultimate Display for Your Business or Event 🍋🍬🌸  Are you ready to turn your passion into a business? Whether you are planning a rustic wedding, opening a lemonade stand with your kids, or selling handmade goods at a craft fair, this Wooden Market Cart is the perfect foundation for your success.  This isn't just a stand; it's a versatile Vendor Cart Pattern designed to be the centerpiece of any event. With its classic large wheels and charming canopy frame, it draws customers in and cre",https://www.etsy.com/search?q=Wooden%20Market%20Cart%20DIY%20Plans%20%7C%20Collapsible%20Vendor%20Stall%20Blueprint%20%28PDF%20Download%29%20Bizilla,,,PAUSED,,STATIC,Wooden Market Cart DIY Plans | Collapsible Vendor Stall Blueprint (PDF Download),https://www.etsy.com/search?q=Wooden%20Market%20Cart%20DIY%20Plans%20%7C%20Collapsible%20Vendor%20Stall%20Blueprint%20%28PDF%20Download%29%20Bizilla,,,,,,,,,,,,,,,,,,,,,,,,,,,,,,,,,,,,,,,,,,,,,,,,,,,,,,,,,,,,,,,,,,,,,,,,,,,,,,,,,,BulkSheetVersion=V2
,CONSIDERATION,Bizilla Organic Inventory,PAUSED,,10.00,,,YES,,,,,,America/New_York,,,,,All Products,,,,,,STANDARD,CBO,PAUSED,,0.10,,,,,,,,,,,,,,,AUTOMATIC,,,,[US],,,,[All],[ALL],,,,[All],,,,,,,,,,,,,https://i.etsystatic.com/37058139/r/il/1767b1/7265675249/il_fullxfull.7265675249_iybi.jpg,"DIY Farmstand Plans: Portable Produce, Flower, Bakery Cart (PDF Download)","Update: I've added another updated free plan to the current plan. You'll get two plans for the price of one.  Handcrafted by You, For Your Dream: Build the Perfect Farmstand Today!   With our digital DIY plans, you can easily create a beautiful wooden stand to showcase your fresh produce, artisan goods, or vibrant flowers. Download the Instant PDF Guide and start your building adventure now!  Every farm-fresh egg, every vibrant bouquet, and every loaf of artisan sourdough has a story. Now, it’s ",https://www.etsy.com/search?q=DIY%20Farmstand%20Plans%3A%20Portable%20Produce%2C%20Flower%2C%20Bakery%20Cart%20%28PDF%20Download%29%20Bizilla,,,PAUSED,,STATIC,"DIY Farmstand Plans: Portable Produce, Flower, Bakery Cart (PDF Download)",https://www.etsy.com/search?q=DIY%20Farmstand%20Plans%3A%20Portable%20Produce%2C%20Flower%2C%20Bakery%20Cart%20%28PDF%20Download%29%20Bizilla,,,,,,,,,,,,,,,,,,,,,,,,,,,,,,,,,,,,,,,,,,,,,,,,,,,,,,,,,,,,,,,,,,,,,,,,,,,,,,,,,,BulkSheetVersion=V2
,CONSIDERATION,Bizilla Organic Inventory,PAUSED,,10.00,,,YES,,,,,,America/New_York,,,,,All Products,,,,,,STANDARD,CBO,PAUSED,,0.10,,,,,,,,,,,,,,,AUTOMATIC,,,,[US],,,,[All],[ALL],,,,[All],,,,,,,,,,,,,https://i.etsystatic.com/37058139/r/il/c82c02/7852960151/il_fullxfull.7852960151_pkvs.jpg,Lean To Carport DIY Plans | Gazebo Plans | Open Pavilion for Backyard & Patio | Attached Patio Roof ,"Build the Perfect Shelter for Your Car or Patio!  Protect your vehicle from the elements or create a stunning covered outdoor living space with this heavy-duty DIY Lean-To Carport Plan. Whether you need an attached carport plan for your driveway or a spacious patio roof plan to upgrade your backyard, this comprehensive blueprint is designed for durability and style.  Instead of spending thousands on pre-fab structures, build your own custom wooden porch shelter! This versatile design is perfect ",https://www.etsy.com/search?q=Lean%20To%20Carport%20DIY%20Plans%20%7C%20Gazebo%20Plans%20%7C%20Open%20Pavilion%20for%20Backyard%20%26%20Patio%20%7C%20Attached%20Patio%20Roof%20Plan%20PDF%20%7C%20Custom%20Carports%20Woodworking%20Bizilla,,,PAUSED,,STATIC,Lean To Carport DIY Plans | Gazebo Plans | Open Pavilion for Backyard & Patio | Attached Patio Roof Plan PDF | Custom Carports W,https://www.etsy.com/search?q=Lean%20To%20Carport%20DIY%20Plans%20%7C%20Gazebo%20Plans%20%7C%20Open%20Pavilion%20for%20Backyard%20%26%20Patio%20%7C%20Attached%20Patio%20Roof%20Plan%20PDF%20%7C%20Custom%20Carports%20Woodworking%20Bizilla,,,,,,,,,,,,,,,,,,,,,,,,,,,,,,,,,,,,,,,,,,,,,,,,,,,,,,,,,,,,,,,,,,,,,,,,,,,,,,,,,,BulkSheetVersion=V2
,CONSIDERATION,Bizilla Organic Inventory,PAUSED,,10.00,,,YES,,,,,,America/New_York,,,,,All Products,,,,,,STANDARD,CBO,PAUSED,,0.10,,,,,,,,,,,,,,,AUTOMATIC,,,,[US],,,,[All],[ALL],,,,[All],,,,,,,,,,,,,https://i.etsystatic.com/37058139/r/il/af71b6/7766472312/il_fullxfull.7766472312_ttme.jpg,DIY Tiered Plant Stand Plans | A-Frame Wood Ladder Shelf Blueprint (Digital Download),"Display Your Greenery with Style using DIY Tiered Plant Stand Plans!  Looking for the perfect way to organize your favorite flowers and herbs? Build your own beautiful and sturdy outdoor ladder shelf with our comprehensive tiered plant stand plans. This elegant A-frame design is the ideal DIY planter stand design for your porch, patio, or indoor garden nook, offering a professional look that elevates any space.  Whether you need a functional tiered ladder herb garden for your kitchen or a decora",https://www.etsy.com/search?q=DIY%20Tiered%20Plant%20Stand%20Plans%20%7C%20A-Frame%20Wood%20Ladder%20Shelf%20Blueprint%20%28Digital%20Download%29%20Bizilla,,,PAUSED,,STATIC,DIY Tiered Plant Stand Plans | A-Frame Wood Ladder Shelf Blueprint (Digital Download),https://www.etsy.com/search?q=DIY%20Tiered%20Plant%20Stand%20Plans%20%7C%20A-Frame%20Wood%20Ladder%20Shelf%20Blueprint%20%28Digital%20Download%29%20Bizilla,,,,,,,,,,,,,,,,,,,,,,,,,,,,,,,,,,,,,,,,,,,,,,,,,,,,,,,,,,,,,,,,,,,,,,,,,,,,,,,,,,BulkSheetVersion=V2
,CONSIDERATION,Bizilla Organic Inventory,PAUSED,,10.00,,,YES,,,,,,America/New_York,,,,,All Products,,,,,,STANDARD,CBO,PAUSED,,0.10,,,,,,,,,,,,,,,AUTOMATIC,,,,[US],,,,[All],[ALL],,,,[All],,,,,,,,,,,,,https://i.etsystatic.com/37058139/r/il/2f761d/7165194896/il_fullxfull.7165194896_tumx.jpg,"Farm Stand DIY Plans | Roadside Plant, Flower, Fruit Stand | Portable Egg, Vegetable Cart | Bakery, ","Handcrafted by You, For Your Dream: Build the Perfect Farmstand Today!   With our digital DIY plans, you can easily create a beautiful wooden stand to showcase your fresh produce, artisan goods, or vibrant flowers. Download the Instant PDF Guide and start your building adventure now!  Every farm-fresh egg, every vibrant bouquet, and every loaf of artisan sourdough has a story. Now, it’s time to give that story the beautiful stage it deserves.  These detailed woodworking plans were designed not j",https://www.etsy.com/search?q=Farm%20Stand%20DIY%20Plans%20%7C%20Roadside%20Plant%2C%20Flower%2C%20Fruit%20Stand%20%7C%20Portable%20Egg%2C%20Vegetable%20Cart%20%7C%20Bakery%2C%20Sourdough%20Display%20%7C%20Farmer%27s%20Market%20Bizilla,,,PAUSED,,STATIC,"Farm Stand DIY Plans | Roadside Plant, Flower, Fruit Stand | Portable Egg, Vegetable Cart | Bakery, Sourdough Display | Farmer's",https://www.etsy.com/search?q=Farm%20Stand%20DIY%20Plans%20%7C%20Roadside%20Plant%2C%20Flower%2C%20Fruit%20Stand%20%7C%20Portable%20Egg%2C%20Vegetable%20Cart%20%7C%20Bakery%2C%20Sourdough%20Display%20%7C%20Farmer%27s%20Market%20Bizilla,,,,,,,,,,,,,,,,,,,,,,,,,,,,,,,,,,,,,,,,,,,,,,,,,,,,,,,,,,,,,,,,,,,,,,,,,,,,,,,,,,BulkSheetVersion=V2
,CONSIDERATION,Bizilla Organic Inventory,PAUSED,,10.00,,,YES,,,,,,America/New_York,,,,,All Products,,,,,,STANDARD,CBO,PAUSED,,0.10,,,,,,,,,,,,,,,AUTOMATIC,,,,[US],,,,[All],[ALL],,,,[All],,,,,,,,,,,,,https://i.etsystatic.com/37058139/r/il/41a741/7777430596/il_fullxfull.7777430596_odiz.jpg,DIY Outdoor Storage Cabinet Plans | Tall Outdoor Shed Blueprint | Garden Tool Closet PDF,"Organize Your Backyard with Premium DIY Tall Outdoor Storage Cabinet Plans!  Tired of a cluttered patio or an unorganized garage? Build the ultimate storage solution with our comprehensive outdoor storage cabinet plans. Standing an impressive 10 feet tall, this massive tall outdoor shed features beautiful slatted doors that provide excellent ventilation—perfect for storing damp hoses, patio cushions, soil bags, and gardening tools safely out of the elements.  Whether you are looking for a dedica",https://www.etsy.com/search?q=DIY%20Outdoor%20Storage%20Cabinet%20Plans%20%7C%20Tall%20Outdoor%20Shed%20Blueprint%20%7C%20Garden%20Tool%20Closet%20PDF%20Bizilla,,,PAUSED,,STATIC,DIY Outdoor Storage Cabinet Plans | Tall Outdoor Shed Blueprint | Garden Tool Closet PDF,https://www.etsy.com/search?q=DIY%20Outdoor%20Storage%20Cabinet%20Plans%20%7C%20Tall%20Outdoor%20Shed%20Blueprint%20%7C%20Garden%20Tool%20Closet%20PDF%20Bizilla,,,,,,,,,,,,,,,,,,,,,,,,,,,,,,,,,,,,,,,,,,,,,,,,,,,,,,,,,,,,,,,,,,,,,,,,,,,,,,,,,,BulkSheetVersion=V2
,CONSIDERATION,Bizilla Organic Inventory,PAUSED,,10.00,,,YES,,,,,,America/New_York,,,,,All Products,,,,,,STANDARD,CBO,PAUSED,,0.10,,,,,,,,,,,,,,,AUTOMATIC,,,,[US],,,,[All],[ALL],,,,[All],,,,,,,,,,,,,https://i.etsystatic.com/37058139/r/il/0fb1cf/7213276403/il_fullxfull.7213276403_hci5.jpg,"Egg Stand Plans | Roadside Egg Selling Stand Plans | Farmstand Plans | Roadside Plant, Flower, Fruit","Handcrafted by You, For Your Dream: Build the Perfect Farmstand Today!   With our digital DIY plans, you can easily create a beautiful wooden stand to showcase your fresh produce, artisan goods, or vibrant flowers. Download the Instant PDF Guide and start your building adventure now!  Every farm-fresh egg, every vibrant bouquet, and every loaf of artisan sourdough has a story. Now, it’s time to give that story the beautiful stage it deserves.  These detailed woodworking plans were designed not j",https://www.etsy.com/search?q=Egg%20Stand%20Plans%20%7C%C2%A0Roadside%20Egg%20Selling%20Stand%20Plans%20%7C%20Farmstand%20Plans%20%7C%20Roadside%20Plant%2C%20Flower%2C%20Fruit%20Stand%20%7C%20Portable%20Egg%2C%20Vegetable%20Cart%20Bizilla,,,PAUSED,,STATIC,"Egg Stand Plans | Roadside Egg Selling Stand Plans | Farmstand Plans | Roadside Plant, Flower, Fruit Stand | Portable Egg, Veget",https://www.etsy.com/search?q=Egg%20Stand%20Plans%20%7C%C2%A0Roadside%20Egg%20Selling%20Stand%20Plans%20%7C%20Farmstand%20Plans%20%7C%20Roadside%20Plant%2C%20Flower%2C%20Fruit%20Stand%20%7C%20Portable%20Egg%2C%20Vegetable%20Cart%20Bizilla,,,,,,,,,,,,,,,,,,,,,,,,,,,,,,,,,,,,,,,,,,,,,,,,,,,,,,,,,,,,,,,,,,,,,,,,,,,,,,,,,,BulkSheetVersion=V2
,CONSIDERATION,Bizilla Organic Inventory,PAUSED,,10.00,,,YES,,,,,,America/New_York,,,,,All Products,,,,,,STANDARD,CBO,PAUSED,,0.10,,,,,,,,,,,,,,,AUTOMATIC,,,,[US],,,,[All],[ALL],,,,[All],,,,,,,,,,,,,https://i.etsystatic.com/37058139/r/il/105e95/7976592572/il_fullxfull.7976592572_yzpm.jpg,DIY Duck House Plan PDF | Wooden Duck Coop Blue Prints | Modern Duck Shed Build | Small Chicken Coup,"Build a Beautiful, Safe, and Cozy Home for Your Flock!  100% Satisfaction & Money-Back Guarantee! We are so confident that you will love building this project that we offer a 100% money-back guarantee. If you are not completely satisfied with these plans for any reason, we will refund your purchase—no questions asked!  Ongoing Support via Etsy Messages We are here for you! If you have any questions, need technical advice, or require help during your build process, simply send us a message throug",https://www.etsy.com/search?q=DIY%20Duck%20House%20Plan%20PDF%20%7C%20Wooden%20Duck%20Coop%20Blue%20Prints%20%7C%20Modern%20Duck%20Shed%20Build%20%7C%20Small%20Chicken%20Coup%20Design%20%7C%20Backyard%20Poultry%20Blueprint%20Bizilla,,,PAUSED,,STATIC,DIY Duck House Plan PDF | Wooden Duck Coop Blue Prints | Modern Duck Shed Build | Small Chicken Coup Design | Backyard Poultry B,https://www.etsy.com/search?q=DIY%20Duck%20House%20Plan%20PDF%20%7C%20Wooden%20Duck%20Coop%20Blue%20Prints%20%7C%20Modern%20Duck%20Shed%20Build%20%7C%20Small%20Chicken%20Coup%20Design%20%7C%20Backyard%20Poultry%20Blueprint%20Bizilla,,,,,,,,,,,,,,,,,,,,,,,,,,,,,,,,,,,,,,,,,,,,,,,,,,,,,,,,,,,,,,,,,,,,,,,,,,,,,,,,,,BulkSheetVersion=V2
,CONSIDERATION,Bizilla Organic Inventory,PAUSED,,10.00,,,YES,,,,,,America/New_York,,,,,All Products,,,,,,STANDARD,CBO,PAUSED,,0.10,,,,,,,,,,,,,,,AUTOMATIC,,,,[US],,,,[All],[ALL],,,,[All],,,,,,,,,,,,,https://i.etsystatic.com/37058139/r/il/9c1139/7805177406/il_fullxfull.7805177406_nh5r.jpg,DIY Kids Playhouse Plans | Outdoor Lofted Playhouse PDF | 2 Story Wooden Clubhouse Build | Treehouse,"Build the Ultimate Two-Story Backyard Playhouse!  Give your kids the backyard of their dreams with these comprehensive DIY Kids Playhouse Plans! This impressive, large-scale wooden clubhouse features a raised, lofted design, a full wrap-around front porch, sturdy stairs, and an enclosed upper cabin. It is the perfect foundation for the ultimate kids outdoor play structure.  Skip the flimsy pre-made kits and use this playhouse plans blueprint to build a durable, heavy-duty play fort that will las",https://www.etsy.com/search?q=DIY%20Kids%20Playhouse%20Plans%20%7C%20Outdoor%20Lofted%20Playhouse%20PDF%20%7C%202%20Story%20Wooden%20Clubhouse%20Build%20%7C%20Treehouse%20Blueprint%20%7C%20Playground%20Fort%20Plans%20Bizilla,,,PAUSED,,STATIC,DIY Kids Playhouse Plans | Outdoor Lofted Playhouse PDF | 2 Story Wooden Clubhouse Build | Treehouse Blueprint | Playground Fort,https://www.etsy.com/search?q=DIY%20Kids%20Playhouse%20Plans%20%7C%20Outdoor%20Lofted%20Playhouse%20PDF%20%7C%202%20Story%20Wooden%20Clubhouse%20Build%20%7C%20Treehouse%20Blueprint%20%7C%20Playground%20Fort%20Plans%20Bizilla,,,,,,,,,,,,,,,,,,,,,,,,,,,,,,,,,,,,,,,,,,,,,,,,,,,,,,,,,,,,,,,,,,,,,,,,,,,,,,,,,,BulkSheetVersion=V2
,CONSIDERATION,Bizilla Organic Inventory,PAUSED,,10.00,,,YES,,,,,,America/New_York,,,,,All Products,,,,,,STANDARD,CBO,PAUSED,,0.10,,,,,,,,,,,,,,,AUTOMATIC,,,,[US],,,,[All],[ALL],,,,[All],,,,,,,,,,,,,https://i.etsystatic.com/37058139/r/il/890bdc/7941835552/il_fullxfull.7941835552_m0u9.jpg,DIY Mobile Table & Miter Saw Station Plans PDF | Rolling Tool Cart Blueprint | Woodworking Shop Work,"Build the Ultimate Mobile Workstation for Your Workshop!  100% Satisfaction & Money-Back Guarantee!  We are so confident that you will love building this project that we offer a 100% money-back guarantee. If you are not completely satisfied with these plans for any reason, we will refund your purchase—no questions asked! Plus, if you need any help or have questions during the build, we are always here to provide full support and guidance via Etsy messages.  About This Build  Take your workshop o",https://www.etsy.com/search?q=DIY%20Mobile%20Table%20%26%20Miter%20Saw%20Station%20Plans%20PDF%20%7C%20Rolling%20Tool%20Cart%20Blueprint%20%7C%20Woodworking%20Shop%20Workbench%20%7C%20Portable%20Power%20Tool%20Stand%20Bizilla,,,PAUSED,,STATIC,DIY Mobile Table & Miter Saw Station Plans PDF | Rolling Tool Cart Blueprint | Woodworking Shop Workbench | Portable Power Tool ,https://www.etsy.com/search?q=DIY%20Mobile%20Table%20%26%20Miter%20Saw%20Station%20Plans%20PDF%20%7C%20Rolling%20Tool%20Cart%20Blueprint%20%7C%20Woodworking%20Shop%20Workbench%20%7C%20Portable%20Power%20Tool%20Stand%20Bizilla,,,,,,,,,,,,,,,,,,,,,,,,,,,,,,,,,,,,,,,,,,,,,,,,,,,,,,,,,,,,,,,,,,,,,,,,,,,,,,,,,,BulkSheetVersion=V2
,CONSIDERATION,Bizilla Organic Inventory,PAUSED,,10.00,,,YES,,,,,,America/New_York,,,,,All Products,,,,,,STANDARD,CBO,PAUSED,,0.10,,,,,,,,,,,,,,,AUTOMATIC,,,,[US],,,,[All],[ALL],,,,[All],,,,,,,,,,,,,https://i.etsystatic.com/37058139/r/il/e7be7e/7825443415/il_fullxfull.7825443415_qho5.jpg,DIY Outdoor Bar Plans | Slatted Wood Mobile Bar Blueprint (PDF Download),"Entertain in Style with Premium DIY Mobile Outdoor Bar Plans!  Ready to become the ultimate backyard host? Build your own stunning and highly functional mobile bar with our comprehensive woodworking plans. This premium outdoor bar features a beautiful slatted wood design, a spacious serving top, and heavy-duty caster wheels, making it the perfect build bar on wheels project for your patio, deck, or poolside.  Whether you are looking for stylish backyard bar plans for summer BBQs or elegant weddi",https://www.etsy.com/search?q=DIY%20Outdoor%20Bar%20Plans%20%7C%20Slatted%20Wood%20Mobile%20Bar%20Blueprint%20%28PDF%20Download%29%20Bizilla,,,PAUSED,,STATIC,DIY Outdoor Bar Plans | Slatted Wood Mobile Bar Blueprint (PDF Download),https://www.etsy.com/search?q=DIY%20Outdoor%20Bar%20Plans%20%7C%20Slatted%20Wood%20Mobile%20Bar%20Blueprint%20%28PDF%20Download%29%20Bizilla,,,,,,,,,,,,,,,,,,,,,,,,,,,,,,,,,,,,,,,,,,,,,,,,,,,,,,,,,,,,,,,,,,,,,,,,,,,,,,,,,,BulkSheetVersion=V2
,CONSIDERATION,Bizilla Organic Inventory,PAUSED,,10.00,,,YES,,,,,,America/New_York,,,,,All Products,,,,,,STANDARD,CBO,PAUSED,,0.10,,,,,,,,,,,,,,,AUTOMATIC,,,,[US],,,,[All],[ALL],,,,[All],,,,,,,,,,,,,https://i.etsystatic.com/37058139/r/il/09b5b4/7532073947/il_fullxfull.7532073947_2mne.jpg,DIY Collapsible Coffee Cart Plans | Mobile Espresso Bar Blueprint (PDF),"☕ Build the Perfect Station for Your Coffee Business! Turn your passion into a business with these professional Coffee Cart Blueprint plans. Designed specifically for heavy-duty use, this cart is the ideal foundation for a mobile espresso bar, a pop-up bakery, or a professional Foldable Stall for market vendors. Unlike flimsy tables, this Mobile Coffee Cart Build is engineered to handle the weight of professional espresso machines while maintaining a sleek, modern look. The 36-inch height is erg",https://www.etsy.com/search?q=DIY%20Collapsible%20Coffee%20Cart%20Plans%20%7C%20Mobile%20Espresso%20Bar%20Blueprint%20%28PDF%29%20Bizilla,,,PAUSED,,STATIC,DIY Collapsible Coffee Cart Plans | Mobile Espresso Bar Blueprint (PDF),https://www.etsy.com/search?q=DIY%20Collapsible%20Coffee%20Cart%20Plans%20%7C%20Mobile%20Espresso%20Bar%20Blueprint%20%28PDF%29%20Bizilla,,,,,,,,,,,,,,,,,,,,,,,,,,,,,,,,,,,,,,,,,,,,,,,,,,,,,,,,,,,,,,,,,,,,,,,,,,,,,,,,,,BulkSheetVersion=V2
,CONSIDERATION,Bizilla Organic Inventory,PAUSED,,10.00,,,YES,,,,,,America/New_York,,,,,All Products,,,,,,STANDARD,CBO,PAUSED,,0.10,,,,,,,,,,,,,,,AUTOMATIC,,,,[US],,,,[All],[ALL],,,,[All],,,,,,,,,,,,,https://i.etsystatic.com/37058139/r/il/1c1206/7804884508/il_fullxfull.7804884508_5eb6.jpg,DIY Humidor Build Plans | Glass Top Cigar Box Blueprint | Humidor Pattern PDF | DIY Woodworking Gift,"Craft the Perfect Elegant Keepsake with DIY Humidor Build Plans!  Looking for the ultimate present for a cigar aficionado or searching for sophisticated diy woodworking gifts? Build your own stunning glass-top desktop humidor with our comprehensive step-by-step blueprints! This elegant design features a display glass top, front-mounted hygrometer placement, and a tight seal to keep humidity levels perfectly balanced.  Whether you are looking for wood projects small enough to build in a weekend o",https://www.etsy.com/search?q=DIY%20Humidor%20Build%20Plans%20%7C%20Glass%20Top%20Cigar%20Box%20Blueprint%20%7C%20Humidor%20Pattern%20PDF%20%7C%20DIY%20Woodworking%20Gifts%20Bizilla,,,PAUSED,,STATIC,DIY Humidor Build Plans | Glass Top Cigar Box Blueprint | Humidor Pattern PDF | DIY Woodworking Gifts,https://www.etsy.com/search?q=DIY%20Humidor%20Build%20Plans%20%7C%20Glass%20Top%20Cigar%20Box%20Blueprint%20%7C%20Humidor%20Pattern%20PDF%20%7C%20DIY%20Woodworking%20Gifts%20Bizilla,,,,,,,,,,,,,,,,,,,,,,,,,,,,,,,,,,,,,,,,,,,,,,,,,,,,,,,,,,,,,,,,,,,,,,,,,,,,,,,,,,BulkSheetVersion=V2
,CONSIDERATION,Bizilla Organic Inventory,PAUSED,,10.00,,,YES,,,,,,America/New_York,,,,,All Products,,,,,,STANDARD,CBO,PAUSED,,0.10,,,,,,,,,,,,,,,AUTOMATIC,,,,[US],,,,[All],[ALL],,,,[All],,,,,,,,,,,,,https://i.etsystatic.com/37058139/r/il/9de31d/7825369135/il_fullxfull.7825369135_2zry.jpg,Tall Planter Box Plans | Modern Tapered Wood Outdoor Blueprint (PDF Download),"Elevate Your Greenery with Premium DIY Tall Planter Box Plans!  Looking to add a touch of modern elegance to your front porch, patio, or living room? Build your own stunning, high-end display with our comprehensive tall planter box plans. This beautiful tapered and slatted design is the perfect entryway planter to showcase your favorite tall plants, ferns, or small indoor trees.  Whether you need a durable planter outside large wooden build to withstand the elements or sleek natural wood planter",https://www.etsy.com/search?q=Tall%20Planter%20Box%20Plans%20%7C%20Modern%20Tapered%20Wood%20Outdoor%20Blueprint%20%28PDF%20Download%29%20Bizilla,,,PAUSED,,STATIC,Tall Planter Box Plans | Modern Tapered Wood Outdoor Blueprint (PDF Download),https://www.etsy.com/search?q=Tall%20Planter%20Box%20Plans%20%7C%20Modern%20Tapered%20Wood%20Outdoor%20Blueprint%20%28PDF%20Download%29%20Bizilla,,,,,,,,,,,,,,,,,,,,,,,,,,,,,,,,,,,,,,,,,,,,,,,,,,,,,,,,,,,,,,,,,,,,,,,,,,,,,,,,,,BulkSheetVersion=V2
,CONSIDERATION,Bizilla Organic Inventory,PAUSED,,10.00,,,YES,,,,,,America/New_York,,,,,All Products,,,,,,STANDARD,CBO,PAUSED,,0.10,,,,,,,,,,,,,,,AUTOMATIC,,,,[US],,,,[All],[ALL],,,,[All],,,,,,,,,,,,,https://i.etsystatic.com/37058139/r/il/942760/7825202633/il_fullxfull.7825202633_cde6.jpg,DIY Outdoor Grill Station Plans | BBQ Kitchen Cart Blueprint | Wooden Grill Table Build Guide,"Upgrade Your Living Room with a Premium DIY Lift Top Coffee Table!  Are you looking for the perfect blend of style and functionality? Build your own stunning, multifunctional centerpiece with our comprehensive coffee table blueprint. Featuring a sleek mid-century modern design with a built-in drawer, open display shelves, and a hidden compartment, this project is the ultimate DIY coffee table with storage.  Whether you are working from the couch or enjoying a meal in front of the TV, the elevate",https://www.etsy.com/search?q=DIY%20Outdoor%20Grill%20Station%20Plans%20%7C%20BBQ%20Kitchen%20Cart%20Blueprint%20%7C%20Wooden%20Grill%20Table%20Build%20Guide%20Bizilla,,,PAUSED,,STATIC,DIY Outdoor Grill Station Plans | BBQ Kitchen Cart Blueprint | Wooden Grill Table Build Guide,https://www.etsy.com/search?q=DIY%20Outdoor%20Grill%20Station%20Plans%20%7C%20BBQ%20Kitchen%20Cart%20Blueprint%20%7C%20Wooden%20Grill%20Table%20Build%20Guide%20Bizilla,,,,,,,,,,,,,,,,,,,,,,,,,,,,,,,,,,,,,,,,,,,,,,,,,,,,,,,,,,,,,,,,,,,,,,,,,,,,,,,,,,BulkSheetVersion=V2
,CONSIDERATION,Bizilla Organic Inventory,PAUSED,,10.00,,,YES,,,,,,America/New_York,,,,,All Products,,,,,,STANDARD,CBO,PAUSED,,0.10,,,,,,,,,,,,,,,AUTOMATIC,,,,[US],,,,[All],[ALL],,,,[All],,,,,,,,,,,,,https://i.etsystatic.com/37058139/r/il/9e63c3/6831770614/il_fullxfull.6831770614_r114.jpg,Personalized Mother's Day Newspaper Gift | Printable Card (Canva Template),"Create a Personalized Mother's Day Gift with Our Editable Newspaper Template!   Make this Mother's Day unforgettable with our editable newspaper template—a unique, heartfelt gift that can be easily customized to celebrate the incredible woman in your life! Whether you're expressing gratitude, love, or simply saying ""Happy Mother's Day!"", this template lets you design a keepsake that will be cherished forever.   Why You'll Love This Gift:   Simple & Stress-Free: Easily add your own text, photos, ",https://www.etsy.com/search?q=Personalized%20Mother%27s%20Day%20Newspaper%20Gift%20%7C%20Printable%20Card%20%28Canva%20Template%29%20Bizilla,,,PAUSED,,STATIC,Personalized Mother's Day Newspaper Gift | Printable Card (Canva Template),https://www.etsy.com/search?q=Personalized%20Mother%27s%20Day%20Newspaper%20Gift%20%7C%20Printable%20Card%20%28Canva%20Template%29%20Bizilla,,,,,,,,,,,,,,,,,,,,,,,,,,,,,,,,,,,,,,,,,,,,,,,,,,,,,,,,,,,,,,,,,,,,,,,,,,,,,,,,,,BulkSheetVersion=V2
,CONSIDERATION,Bizilla Organic Inventory,PAUSED,,10.00,,,YES,,,,,,America/New_York,,,,,All Products,,,,,,STANDARD,CBO,PAUSED,,0.10,,,,,,,,,,,,,,,AUTOMATIC,,,,[US],,,,[All],[ALL],,,,[All],,,,,,,,,,,,,https://i.etsystatic.com/37058139/r/il/ce46cd/7766513674/il_fullxfull.7766513674_7zk7.jpg,DIY Wooden Bench with Pergola and Planters | Outdoor Garden Seating & Trellis Woodworking Plan,"Transform Your Backyard with Premium DIY Pergola Swing Chair Plans!  Create the ultimate relaxation spot in your garden or on your patio! Our comprehensive pergola swing chair plans provide everything you need to build a stunning, free standing swing that combines the elegance of a pergola with the comfort of a modern porch swing. This sturdy and stylish outdoor swing bed plans project is designed to be the centerpiece of your outdoor living area.  Whether you are looking for a diy swing frame t",https://www.etsy.com/search?q=DIY%20Wooden%20Bench%20with%20Pergola%20and%20Planters%20%7C%20Outdoor%20Garden%20Seating%20%26%20Trellis%20Woodworking%20Plan%20Bizilla,,,PAUSED,,STATIC,DIY Wooden Bench with Pergola and Planters | Outdoor Garden Seating & Trellis Woodworking Plan,https://www.etsy.com/search?q=DIY%20Wooden%20Bench%20with%20Pergola%20and%20Planters%20%7C%20Outdoor%20Garden%20Seating%20%26%20Trellis%20Woodworking%20Plan%20Bizilla,,,,,,,,,,,,,,,,,,,,,,,,,,,,,,,,,,,,,,,,,,,,,,,,,,,,,,,,,,,,,,,,,,,,,,,,,,,,,,,,,,BulkSheetVersion=V2
,CONSIDERATION,Bizilla Organic Inventory,PAUSED,,10.00,,,YES,,,,,,America/New_York,,,,,All Products,,,,,,STANDARD,CBO,PAUSED,,0.10,,,,,,,,,,,,,,,AUTOMATIC,,,,[US],,,,[All],[ALL],,,,[All],,,,,,,,,,,,,https://i.etsystatic.com/37058139/r/il/a162d0/7246394266/il_fullxfull.7246394266_d9x4.jpg,DIY Drum Carder Plans: Hand Crank Wool Fiber Tool (PDF Guide),"🤩 Build Your Own Petite Drum Carder – Affordable, Compact & Essential! 🐑 Tired of endless hand-carding or looking for a professional-grade solution that doesn't break the bank? With this step-by-step DIY Petite Drum Carder Plan, you can build your very own, fully functional wool carding machine for a fraction of the cost!  Perfect for fiber artists, hand spinners, and felters, this plan provides an affordable, high-quality, and homemade solution for your fiber prep needs. Give your fleece and mi",https://www.etsy.com/search?q=DIY%20Drum%20Carder%20Plans%3A%20Hand%20Crank%20Wool%20Fiber%20Tool%20%28PDF%20Guide%29%20Bizilla,,,PAUSED,,STATIC,DIY Drum Carder Plans: Hand Crank Wool Fiber Tool (PDF Guide),https://www.etsy.com/search?q=DIY%20Drum%20Carder%20Plans%3A%20Hand%20Crank%20Wool%20Fiber%20Tool%20%28PDF%20Guide%29%20Bizilla,,,,,,,,,,,,,,,,,,,,,,,,,,,,,,,,,,,,,,,,,,,,,,,,,,,,,,,,,,,,,,,,,,,,,,,,,,,,,,,,,,BulkSheetVersion=V2
,CONSIDERATION,Bizilla Organic Inventory,PAUSED,,10.00,,,YES,,,,,,America/New_York,,,,,All Products,,,,,,STANDARD,CBO,PAUSED,,0.10,,,,,,,,,,,,,,,AUTOMATIC,,,,[US],,,,[All],[ALL],,,,[All],,,,,,,,,,,,,https://i.etsystatic.com/37058139/r/il/5a427f/7097411385/il_fullxfull.7097411385_5npm.jpg,"Costco Party Pack Bundle | Birthday Decorations, Signs, Invite (Digital Download)","Costco Party Pack | Customizable Price Signs PDF | Costco Birthday Party & Sign | Costco Themed Birthday Decorations | Printable Costco Pack  Get ready to throw the ultimate Costco party with our comprehensive Costco Party Pack! This Costco Party Pack includes everything you need for a memorable Costco themed birthday decorations celebration, from a Costco Birthday Party Invite to an awesome Costco Birthday Cake.  What's Included in Your Costco Party Pack?  This Costco Party Pack is loaded with ",https://www.etsy.com/search?q=Costco%20Party%20Pack%20Bundle%20%7C%20Birthday%20Decorations%2C%20Signs%2C%20Invite%20%28Digital%20Download%29%20Bizilla,,,PAUSED,,STATIC,"Costco Party Pack Bundle | Birthday Decorations, Signs, Invite (Digital Download)",https://www.etsy.com/search?q=Costco%20Party%20Pack%20Bundle%20%7C%20Birthday%20Decorations%2C%20Signs%2C%20Invite%20%28Digital%20Download%29%20Bizilla,,,,,,,,,,,,,,,,,,,,,,,,,,,,,,,,,,,,,,,,,,,,,,,,,,,,,,,,,,,,,,,,,,,,,,,,,,,,,,,,,,BulkSheetVersion=V2
,CONSIDERATION,Bizilla Organic Inventory,PAUSED,,10.00,,,YES,,,,,,America/New_York,,,,,All Products,,,,,,STANDARD,CBO,PAUSED,,0.10,,,,,,,,,,,,,,,AUTOMATIC,,,,[US],,,,[All],[ALL],,,,[All],,,,,,,,,,,,,https://i.etsystatic.com/37058139/r/il/3ce9d3/7532084899/il_fullxfull.7532084899_bdty.jpg,Champagne Cart DIY Plans | Mobile Bar with Storage Cabinets & Sink | Wedding Event Cart | Wooden Pro,"🥂 Build the Ultimate Mobile Event Bar! Take your events to the next level with these premium plans for a Custom Champagne Cart featuring professional storage solutions. This isn't just a display cart; it is a fully functional workstation designed for high-volume service at weddings, parties, and corporate events. Unlike smaller models, this Champagne Cart Custom Build includes spacious lower cabinets with glass doors, a cutout for an ice bucket or sink, and extending side shelves for maximum ser",https://www.etsy.com/search?q=Champagne%20Cart%20DIY%20Plans%20%7C%20Mobile%20Bar%20with%20Storage%20Cabinets%20%26%20Sink%20%7C%20Wedding%20Event%20Cart%20%7C%20Wooden%20Prosecco%20Bar%20Blueprint%20%7C%20Digital%20PDF%20Bizilla,,,PAUSED,,STATIC,Champagne Cart DIY Plans | Mobile Bar with Storage Cabinets & Sink | Wedding Event Cart | Wooden Prosecco Bar Blueprint | Digita,https://www.etsy.com/search?q=Champagne%20Cart%20DIY%20Plans%20%7C%20Mobile%20Bar%20with%20Storage%20Cabinets%20%26%20Sink%20%7C%20Wedding%20Event%20Cart%20%7C%20Wooden%20Prosecco%20Bar%20Blueprint%20%7C%20Digital%20PDF%20Bizilla,,,,,,,,,,,,,,,,,,,,,,,,,,,,,,,,,,,,,,,,,,,,,,,,,,,,,,,,,,,,,,,,,,,,,,,,,,,,,,,,,,BulkSheetVersion=V2
,CONSIDERATION,Bizilla Organic Inventory,PAUSED,,10.00,,,YES,,,,,,America/New_York,,,,,All Products,,,,,,STANDARD,CBO,PAUSED,,0.10,,,,,,,,,,,,,,,AUTOMATIC,,,,[US],,,,[All],[ALL],,,,[All],,,,,,,,,,,,,https://i.etsystatic.com/37058139/r/il/aae6d6/7852749373/il_fullxfull.7852749373_6sgg.jpg,DIY Outdoor Double Chair Plans | Wooden Porch Furniture Blueprint | Double Seat Bench with Table PDF,"Relax in Style with Premium DIY Outdoor Double Chair Plans!  Upgrade your front porch, patio, or backyard with the ultimate seating experience! Build your own stunning outdoor double chair with our comprehensive woodworking plans. This beautiful and sturdy design features two comfortable angled seats separated by a convenient built-in tabletop—perfect for enjoying your morning coffee or evening drinks.  Whether you are looking for stylish wooden porch furniture to elevate your home's curb appeal",https://www.etsy.com/search?q=DIY%20Outdoor%20Double%20Chair%20Plans%20%7C%20Wooden%20Porch%20Furniture%20Blueprint%20%7C%20Double%20Seat%20Bench%20with%20Table%20PDF%20Bizilla,,,PAUSED,,STATIC,DIY Outdoor Double Chair Plans | Wooden Porch Furniture Blueprint | Double Seat Bench with Table PDF,https://www.etsy.com/search?q=DIY%20Outdoor%20Double%20Chair%20Plans%20%7C%20Wooden%20Porch%20Furniture%20Blueprint%20%7C%20Double%20Seat%20Bench%20with%20Table%20PDF%20Bizilla,,,,,,,,,,,,,,,,,,,,,,,,,,,,,,,,,,,,,,,,,,,,,,,,,,,,,,,,,,,,,,,,,,,,,,,,,,,,,,,,,,BulkSheetVersion=V2
,CONSIDERATION,Bizilla Organic Inventory,PAUSED,,10.00,,,YES,,,,,,America/New_York,,,,,All Products,,,,,,STANDARD,CBO,PAUSED,,0.10,,,,,,,,,,,,,,,AUTOMATIC,,,,[US],,,,[All],[ALL],,,,[All],,,,,,,,,,,,,https://i.etsystatic.com/37058139/r/il/a8d086/7941815626/il_fullxfull.7941815626_ii2s.jpg,DIY Standing Wall Shelf Plans PDF | Wooden Shoe Rack & Storage Organizer | Multi-Purpose Slatted Woo,"Build a Stylish and Practical Wooden Shelf to Organize Your Home!  100% Satisfaction & Money-Back Guarantee!  We are so confident that you will love building this project that we offer a 100% money-back guarantee. If you are not completely satisfied with these plans for any reason, we will refund your purchase—no questions asked! Plus, if you need any help or have questions during the build, we are always here to provide full support and guidance via Etsy messages.  About This Build  Maximize yo",https://www.etsy.com/search?q=DIY%20Standing%20Wall%20Shelf%20Plans%20PDF%20%7C%20Wooden%20Shoe%20Rack%20%26%20Storage%20Organizer%20%7C%20Multi-Purpose%20Slatted%20Wood%20Console%20Bizilla,,,PAUSED,,STATIC,DIY Standing Wall Shelf Plans PDF | Wooden Shoe Rack & Storage Organizer | Multi-Purpose Slatted Wood Console,https://www.etsy.com/search?q=DIY%20Standing%20Wall%20Shelf%20Plans%20PDF%20%7C%20Wooden%20Shoe%20Rack%20%26%20Storage%20Organizer%20%7C%20Multi-Purpose%20Slatted%20Wood%20Console%20Bizilla,,,,,,,,,,,,,,,,,,,,,,,,,,,,,,,,,,,,,,,,,,,,,,,,,,,,,,,,,,,,,,,,,,,,,,,,,,,,,,,,,,BulkSheetVersion=V2
,CONSIDERATION,Bizilla Organic Inventory,PAUSED,,10.00,,,YES,,,,,,America/New_York,,,,,All Products,,,,,,STANDARD,CBO,PAUSED,,0.10,,,,,,,,,,,,,,,AUTOMATIC,,,,[US],,,,[All],[ALL],,,,[All],,,,,,,,,,,,,https://i.etsystatic.com/37058139/r/il/2c764c/7739910986/il_fullxfull.7739910986_n60u.jpg,Narrow Sideboard DIY Plans | Space-Saving Buffet Cabinet Blueprint (PDF Download),"Maximize Your Kitchen Storage in Style! 🍳✨  Are you struggling with a cluttered kitchen but lack the floor space for massive furniture? If you need a smart, elegant storage solution, these kitchen sideboard DIY plans are exactly what you've been looking for.  Designed with a highly practical 14-inch depth, these narrow sideboard plans easily fit into tight kitchens, dining rooms, or hallways without blocking your walking path. The design is packed with multi-functional storage: a handy side towe",https://www.etsy.com/search?q=Narrow%20Sideboard%20DIY%20Plans%20%7C%20Space-Saving%20Buffet%20Cabinet%20Blueprint%20%28PDF%20Download%29%20Bizilla,,,PAUSED,,STATIC,Narrow Sideboard DIY Plans | Space-Saving Buffet Cabinet Blueprint (PDF Download),https://www.etsy.com/search?q=Narrow%20Sideboard%20DIY%20Plans%20%7C%20Space-Saving%20Buffet%20Cabinet%20Blueprint%20%28PDF%20Download%29%20Bizilla,,,,,,,,,,,,,,,,,,,,,,,,,,,,,,,,,,,,,,,,,,,,,,,,,,,,,,,,,,,,,,,,,,,,,,,,,,,,,,,,,,BulkSheetVersion=V2
,CONSIDERATION,Bizilla Organic Inventory,PAUSED,,10.00,,,YES,,,,,,America/New_York,,,,,All Products,,,,,,STANDARD,CBO,PAUSED,,0.10,,,,,,,,,,,,,,,AUTOMATIC,,,,[US],,,,[All],[ALL],,,,[All],,,,,,,,,,,,,https://i.etsystatic.com/37058139/r/il/511e7e/7028916862/il_fullxfull.7028916862_tbrp.jpg,"Customizable Costco Font SVG Pack, PNG, JPG (Digital Download)","Unleash Your Creativity with Our Customizable Costco Font Digital Pack!  Elevate your DIY projects, personalized gifts, and small business branding with our versatile collection of Costco-inspired font designs. This comprehensive digital pack includes SVG, PNG, and JPG formats, perfect for a wide range of applications from custom apparel to unique party decorations.  What's Included in Your Pack:  Customizable Costco Logos: Featuring the classic Costco Wholesale logo, plus options to personalize",https://www.etsy.com/search?q=Customizable%20Costco%20Font%20SVG%20Pack%2C%20PNG%2C%20JPG%20%28Digital%20Download%29%20Bizilla,,,PAUSED,,STATIC,"Customizable Costco Font SVG Pack, PNG, JPG (Digital Download)",https://www.etsy.com/search?q=Customizable%20Costco%20Font%20SVG%20Pack%2C%20PNG%2C%20JPG%20%28Digital%20Download%29%20Bizilla,,,,,,,,,,,,,,,,,,,,,,,,,,,,,,,,,,,,,,,,,,,,,,,,,,,,,,,,,,,,,,,,,,,,,,,,,,,,,,,,,,BulkSheetVersion=V2
,CONSIDERATION,Bizilla Organic Inventory,PAUSED,,10.00,,,YES,,,,,,America/New_York,,,,,All Products,,,,,,STANDARD,CBO,PAUSED,,0.10,,,,,,,,,,,,,,,AUTOMATIC,,,,[US],,,,[All],[ALL],,,,[All],,,,,,,,,,,,,https://i.etsystatic.com/37058139/r/il/db0e68/7852817741/il_fullxfull.7852817741_mb0z.jpg,DIY Kids Rocking Chair Plans | Toddler Rocking Chair Pattern | Wood Working Plans Kids Rocker PDF,"Craft the Perfect Keepsake with DIY Kids Rocking Chair Plans!  Looking for a meaningful, handcrafted woodworking project for your little one? Build a beautiful, heirloom-quality piece of nursery furniture with our comprehensive kids rocker plan. This adorable and sturdy wooden design is the perfect size for toddlers and young children, making it an ideal toddler rocking chair pattern for parents or grandparents to build as a special gift.  Whether you are searching for a cute bear rocking chair ",https://www.etsy.com/search?q=DIY%20Kids%20Rocking%20Chair%20Plans%20%7C%20Toddler%20Rocking%20Chair%20Pattern%20%7C%20Wood%20Working%20Plans%20Kids%20Rocker%20PDF%20Bizilla,,,PAUSED,,STATIC,DIY Kids Rocking Chair Plans | Toddler Rocking Chair Pattern | Wood Working Plans Kids Rocker PDF,https://www.etsy.com/search?q=DIY%20Kids%20Rocking%20Chair%20Plans%20%7C%20Toddler%20Rocking%20Chair%20Pattern%20%7C%20Wood%20Working%20Plans%20Kids%20Rocker%20PDF%20Bizilla,,,,,,,,,,,,,,,,,,,,,,,,,,,,,,,,,,,,,,,,,,,,,,,,,,,,,,,,,,,,,,,,,,,,,,,,,,,,,,,,,,BulkSheetVersion=V2
,CONSIDERATION,Bizilla Organic Inventory,PAUSED,,10.00,,,YES,,,,,,America/New_York,,,,,All Products,,,,,,STANDARD,CBO,PAUSED,,0.10,,,,,,,,,,,,,,,AUTOMATIC,,,,[US],,,,[All],[ALL],,,,[All],,,,,,,,,,,,,https://i.etsystatic.com/37058139/r/il/45b80c/7825421079/il_fullxfull.7825421079_alx9.jpg,DIY Potting Bench with Storage Plans | Potting Station Blueprint | Garden Workbench PDF,"Transform Your Gardening Experience with the Ultimate DIY Potting Bench Plans!  Get ready to take your gardening to the next level! Build your own stunning and highly functional potting station with our comprehensive woodworking plans. This premium potting bench with storage features a beautiful protective canopy, a slatted backboard for hanging tools, a spacious workspace, and enclosed bottom cabinets with rustic X-pattern doors to hide away soil bags and pots.  Whether you are looking for a co",https://www.etsy.com/search?q=DIY%20Potting%20Bench%20with%20Storage%20Plans%20%7C%20Potting%20Station%20Blueprint%20%7C%20Garden%20Workbench%20PDF%20Bizilla,,,PAUSED,,STATIC,DIY Potting Bench with Storage Plans | Potting Station Blueprint | Garden Workbench PDF,https://www.etsy.com/search?q=DIY%20Potting%20Bench%20with%20Storage%20Plans%20%7C%20Potting%20Station%20Blueprint%20%7C%20Garden%20Workbench%20PDF%20Bizilla,,,,,,,,,,,,,,,,,,,,,,,,,,,,,,,,,,,,,,,,,,,,,,,,,,,,,,,,,,,,,,,,,,,,,,,,,,,,,,,,,,BulkSheetVersion=V2
,CONSIDERATION,Bizilla Organic Inventory,PAUSED,,10.00,,,YES,,,,,,America/New_York,,,,,All Products,,,,,,STANDARD,CBO,PAUSED,,0.10,,,,,,,,,,,,,,,AUTOMATIC,,,,[US],,,,[All],[ALL],,,,[All],,,,,,,,,,,,,https://i.etsystatic.com/37058139/r/il/d2cf4f/7679056257/il_fullxfull.7679056257_8tlr.jpg,8ft Garage Workbench Plans | DIY Woodshop Table with Shelves (PDF Download),"Garage Workbench Plans | 8ft Large Woodshop Table DIY | Heavy Duty Workbench with Shelves & Drawers  Stop working on the floor or shaky plastic tables. It’s time to build the workspace you deserve. These Garage Workbench Plans will guide you in building a massive, rock-solid 8-foot (96"") workstation that serves as the command center for all your future projects.  Designed for serious DIYers and woodworkers, this isn't just a table; it's a complete Garage Organization System. With a perfect balan",https://www.etsy.com/search?q=8ft%20Garage%20Workbench%20Plans%20%7C%20DIY%20Woodshop%20Table%20with%20Shelves%20%28PDF%20Download%29%20Bizilla,,,PAUSED,,STATIC,8ft Garage Workbench Plans | DIY Woodshop Table with Shelves (PDF Download),https://www.etsy.com/search?q=8ft%20Garage%20Workbench%20Plans%20%7C%20DIY%20Woodshop%20Table%20with%20Shelves%20%28PDF%20Download%29%20Bizilla,,,,,,,,,,,,,,,,,,,,,,,,,,,,,,,,,,,,,,,,,,,,,,,,,,,,,,,,,,,,,,,,,,,,,,,,,,,,,,,,,,BulkSheetVersion=V2
,CONSIDERATION,Bizilla Organic Inventory,PAUSED,,10.00,,,YES,,,,,,America/New_York,,,,,All Products,,,,,,STANDARD,CBO,PAUSED,,0.10,,,,,,,,,,,,,,,AUTOMATIC,,,,[US],,,,[All],[ALL],,,,[All],,,,,,,,,,,,,https://i.etsystatic.com/37058139/r/il/d2141c/7209989459/il_fullxfull.7209989459_qo83.jpg,"DIY Floating Bed Frame Plans | Rustic Wood, King Size (PDF Furniture)","Create a Unique and Stylish Sanctuary with Our DIY Bed Frame Plans  Transform your bedroom into a comfortable and stylish retreat with our easy-to-follow woodworking plans. This DIY bed frame project is perfect for woodworkers of all skill levels, allowing you to build a sturdy and beautiful piece of bedroom furniture that will last for years.  Why Build Your Own Bed Frame? Building your own bed frame isn't just a creative endeavor—it’s a way to get the exact style and size you want. Whether you",https://www.etsy.com/search?q=DIY%20Floating%20Bed%20Frame%20Plans%20%7C%20Rustic%20Wood%2C%20King%20Size%20%28PDF%20Furniture%29%20Bizilla,,,PAUSED,,STATIC,"DIY Floating Bed Frame Plans | Rustic Wood, King Size (PDF Furniture)",https://www.etsy.com/search?q=DIY%20Floating%20Bed%20Frame%20Plans%20%7C%20Rustic%20Wood%2C%20King%20Size%20%28PDF%20Furniture%29%20Bizilla,,,,,,,,,,,,,,,,,,,,,,,,,,,,,,,,,,,,,,,,,,,,,,,,,,,,,,,,,,,,,,,,,,,,,,,,,,,,,,,,,,BulkSheetVersion=V2
,CONSIDERATION,Bizilla Organic Inventory,PAUSED,,10.00,,,YES,,,,,,America/New_York,,,,,All Products,,,,,,STANDARD,CBO,PAUSED,,0.10,,,,,,,,,,,,,,,AUTOMATIC,,,,[US],,,,[All],[ALL],,,,[All],,,,,,,,,,,,,https://i.etsystatic.com/37058139/r/il/29368c/7267181987/il_fullxfull.7267181987_scij.jpg,DIY Outdoor Bar Plan: Folding Wooden Patio Bar Blueprint (PDF Digital Download),"Craft Your Perfect Event with Our Portable & Collapsible Wooden Bar!  Looking for a versatile and stylish solution for your next gathering? Our Portable & Collapsible Wooden Bar is the ultimate DIY event bar! Whether you're planning a birthday bar, a sophisticated special event bar, or a charming wooden coffee bar, this design provides the flexibility and elegance you need.  Key Features:  Effortless Portability: Designed as a folding bar and collapsible bar, it's incredibly easy to transport an",https://www.etsy.com/search?q=DIY%20Outdoor%20Bar%20Plan%3A%20Folding%20Wooden%20Patio%20Bar%20Blueprint%20%28PDF%20Digital%20Download%29%20Bizilla,,,PAUSED,,STATIC,DIY Outdoor Bar Plan: Folding Wooden Patio Bar Blueprint (PDF Digital Download),https://www.etsy.com/search?q=DIY%20Outdoor%20Bar%20Plan%3A%20Folding%20Wooden%20Patio%20Bar%20Blueprint%20%28PDF%20Digital%20Download%29%20Bizilla,,,,,,,,,,,,,,,,,,,,,,,,,,,,,,,,,,,,,,,,,,,,,,,,,,,,,,,,,,,,,,,,,,,,,,,,,,,,,,,,,,BulkSheetVersion=V2
,CONSIDERATION,Bizilla Organic Inventory,PAUSED,,10.00,,,YES,,,,,,America/New_York,,,,,All Products,,,,,,STANDARD,CBO,PAUSED,,0.10,,,,,,,,,,,,,,,AUTOMATIC,,,,[US],,,,[All],[ALL],,,,[All],,,,,,,,,,,,,https://i.etsystatic.com/37058139/r/il/c3c89f/7852805169/il_fullxfull.7852805169_cf0b.jpg,DIY Catio Plans | Curved Cat House Enclosure Build Guide | Small Outdoor Cat Cage PDF,"Give Your Indoor Cat the Purr-fect Outdoor Experience with DIY Window Catio Plans!  Does your feline friend love watching birds from the window? Give them a safe, breezy outdoor space with our comprehensive DIY Window Catio Plans. This beautiful, compact, and uniquely curved outdoor cat cage is designed to attach securely outside a window or sit perfectly on a small balcony. It provides all the sights, sounds, and fresh air of the outdoors without any of the risks!  Whether you are looking for a",https://www.etsy.com/search?q=DIY%20Catio%20Plans%20%7C%20Curved%20Cat%20House%20Enclosure%20Build%20Guide%20%7C%20Small%20Outdoor%20Cat%20Cage%20PDF%20Bizilla,,,PAUSED,,STATIC,DIY Catio Plans | Curved Cat House Enclosure Build Guide | Small Outdoor Cat Cage PDF,https://www.etsy.com/search?q=DIY%20Catio%20Plans%20%7C%20Curved%20Cat%20House%20Enclosure%20Build%20Guide%20%7C%20Small%20Outdoor%20Cat%20Cage%20PDF%20Bizilla,,,,,,,,,,,,,,,,,,,,,,,,,,,,,,,,,,,,,,,,,,,,,,,,,,,,,,,,,,,,,,,,,,,,,,,,,,,,,,,,,,BulkSheetVersion=V2
,CONSIDERATION,Bizilla Organic Inventory,PAUSED,,10.00,,,YES,,,,,,America/New_York,,,,,All Products,,,,,,STANDARD,CBO,PAUSED,,0.10,,,,,,,,,,,,,,,AUTOMATIC,,,,[US],,,,[All],[ALL],,,,[All],,,,,,,,,,,,,https://i.etsystatic.com/37058139/r/il/c15863/7920897770/il_fullxfull.7920897770_bqz0.jpg,8x16 Firewood Shed DIY Plans PDF | 2 Cord Wood Storage Rack Blueprint | Extra Large Dry Wood Shelter,"DIY 8x16 Firewood Shed Plans PDF | 2 Cord Wood Storage Rack Blueprint  Stop letting your valuable firewood rot under cheap plastic tarps! This comprehensive digital woodworking blueprint provides the exact, step-by-step instructions to build a massive, heavy-duty 8x16 Firewood Shed. Designed with an extra-deep profile to hold 2 full cords of wood, this structure is the ultimate high-capacity storage solution for homesteaders, cabin owners, and anyone who relies heavily on a wood stove to heat th",https://www.etsy.com/search?q=8x16%20Firewood%20Shed%20DIY%20Plans%20PDF%20%7C%202%20Cord%20Wood%20Storage%20Rack%20Blueprint%20%7C%20Extra%20Large%20Dry%20Wood%20Shelter%20Bizilla,,,PAUSED,,STATIC,8x16 Firewood Shed DIY Plans PDF | 2 Cord Wood Storage Rack Blueprint | Extra Large Dry Wood Shelter,https://www.etsy.com/search?q=8x16%20Firewood%20Shed%20DIY%20Plans%20PDF%20%7C%202%20Cord%20Wood%20Storage%20Rack%20Blueprint%20%7C%20Extra%20Large%20Dry%20Wood%20Shelter%20Bizilla,,,,,,,,,,,,,,,,,,,,,,,,,,,,,,,,,,,,,,,,,,,,,,,,,,,,,,,,,,,,,,,,,,,,,,,,,,,,,,,,,,BulkSheetVersion=V2
,CONSIDERATION,Bizilla Organic Inventory,PAUSED,,10.00,,,YES,,,,,,America/New_York,,,,,All Products,,,,,,STANDARD,CBO,PAUSED,,0.10,,,,,,,,,,,,,,,AUTOMATIC,,,,[US],,,,[All],[ALL],,,,[All],,,,,,,,,,,,,https://i.etsystatic.com/37058139/r/il/b1efa9/7158984260/il_fullxfull.7158984260_9rbz.jpg,DIY Extra-Long Mobile Workbench Plans | Garage Workstation (Digital Download),"Extra-Long Workbench Plans | DIY 96-Inch Mobile Workstation | Heavy-Duty Garage Table  Tired of feeling cramped while working on your projects? It's time to build a workbench that can handle anything you throw at it. Our DIY Extra-Long Workbench Plans provide a complete guide to constructing a professional-grade, heavy-duty workstation that offers an incredible amount of space and versatility for your workshop or garage.  This is more than just a bench; it's a true workhorse. This digital downlo",https://www.etsy.com/search?q=DIY%20Extra-Long%20Mobile%20Workbench%20Plans%20%7C%20Garage%20Workstation%20%28Digital%20Download%29%20Bizilla,,,PAUSED,,STATIC,DIY Extra-Long Mobile Workbench Plans | Garage Workstation (Digital Download),https://www.etsy.com/search?q=DIY%20Extra-Long%20Mobile%20Workbench%20Plans%20%7C%20Garage%20Workstation%20%28Digital%20Download%29%20Bizilla,,,,,,,,,,,,,,,,,,,,,,,,,,,,,,,,,,,,,,,,,,,,,,,,,,,,,,,,,,,,,,,,,,,,,,,,,,,,,,,,,,BulkSheetVersion=V2
,CONSIDERATION,Bizilla Organic Inventory,PAUSED,,10.00,,,YES,,,,,,America/New_York,,,,,All Products,,,,,,STANDARD,CBO,PAUSED,,0.10,,,,,,,,,,,,,,,AUTOMATIC,,,,[US],,,,[All],[ALL],,,,[All],,,,,,,,,,,,,https://i.etsystatic.com/37058139/r/il/a7fcf4/7968816317/il_fullxfull.7968816317_jisq.jpg,4x10 Firewood Shed DIY Plans PDF | Wood Storage Rack Blueprint | Large Dry Wood Shelter,"DIY 4x10 Firewood Shed Plans PDF | 1 Cord Wood Storage Rack Blueprint  Stop letting your valuable firewood rot under cheap plastic tarps! This comprehensive digital woodworking blueprint provides the exact, step-by-step instructions to build a heavy-duty, 4x10 Firewood Shed. Designed with a perfect 1-cord capacity, this structure is the ideal storage solution for homesteaders, cabin owners, and anyone who relies on a wood stove to heat their home through the winter.  Engineered for Perfect Seaso",https://www.etsy.com/search?q=4x10%20Firewood%20Shed%20DIY%20Plans%20PDF%20%7C%20Wood%20Storage%20Rack%20Blueprint%20%7C%20Large%20Dry%20Wood%20Shelter%20Bizilla,,,PAUSED,,STATIC,4x10 Firewood Shed DIY Plans PDF | Wood Storage Rack Blueprint | Large Dry Wood Shelter,https://www.etsy.com/search?q=4x10%20Firewood%20Shed%20DIY%20Plans%20PDF%20%7C%20Wood%20Storage%20Rack%20Blueprint%20%7C%20Large%20Dry%20Wood%20Shelter%20Bizilla,,,,,,,,,,,,,,,,,,,,,,,,,,,,,,,,,,,,,,,,,,,,,,,,,,,,,,,,,,,,,,,,,,,,,,,,,,,,,,,,,,BulkSheetVersion=V2
,CONSIDERATION,Bizilla Organic Inventory,PAUSED,,10.00,,,YES,,,,,,America/New_York,,,,,All Products,,,,,,STANDARD,CBO,PAUSED,,0.10,,,,,,,,,,,,,,,AUTOMATIC,,,,[US],,,,[All],[ALL],,,,[All],,,,,,,,,,,,,https://i.etsystatic.com/37058139/r/il/af2376/7254103060/il_fullxfull.7254103060_mdll.jpg,DIY Toy Chest Bench Plans: Wooden Storage Furniture (Digital Download),"The Ultimate DIY Wooden Toy Chest & Storage Bench Plans  🌟 Transform Clutter into Charm with Our Easy-to-Build Plans! 🌟  Tired of tripping over toys? Ready for a stylish storage solution that actually works? Our DIY Toy Chest Bench Plans are the perfect answer for organizing your home, especially the kids' room or living area!  This is not just a storage box; it’s a robust wooden storage bench that doubles as comfortable seating, making tidying up a breeze and adding functional décor to any spac",https://www.etsy.com/search?q=DIY%20Toy%20Chest%20Bench%20Plans%3A%20Wooden%20Storage%20Furniture%20%28Digital%20Download%29%20Bizilla,,,PAUSED,,STATIC,DIY Toy Chest Bench Plans: Wooden Storage Furniture (Digital Download),https://www.etsy.com/search?q=DIY%20Toy%20Chest%20Bench%20Plans%3A%20Wooden%20Storage%20Furniture%20%28Digital%20Download%29%20Bizilla,,,,,,,,,,,,,,,,,,,,,,,,,,,,,,,,,,,,,,,,,,,,,,,,,,,,,,,,,,,,,,,,,,,,,,,,,,,,,,,,,,BulkSheetVersion=V2
,CONSIDERATION,Bizilla Organic Inventory,PAUSED,,10.00,,,YES,,,,,,America/New_York,,,,,All Products,,,,,,STANDARD,CBO,PAUSED,,0.10,,,,,,,,,,,,,,,AUTOMATIC,,,,[US],,,,[All],[ALL],,,,[All],,,,,,,,,,,,,https://i.etsystatic.com/37058139/r/il/0a81ae/7825309451/il_fullxfull.7825309451_9vif.jpg,Tiered Planter Box Plans | Wooden Garden Build Guide (PDF Download),"Grow Your Own Beautiful Garden with DIY Tiered Planter Box Plans!  Maximize your growing space and add a touch of rustic charm to your backyard, patio, or balcony with our comprehensive tiered planter box plans. This sturdy, stepped wooden design features two spacious planting levels, making it the perfect planters for vegetables, fresh herbs, or a vibrant floral display.  Whether you are looking for an easy vertical garden diy project for the weekend or professional garden planters plans to bui",https://www.etsy.com/search?q=Tiered%20Planter%20Box%20Plans%20%7C%20Wooden%20Garden%20Build%20Guide%20%28PDF%20Download%29%20Bizilla,,,PAUSED,,STATIC,Tiered Planter Box Plans | Wooden Garden Build Guide (PDF Download),https://www.etsy.com/search?q=Tiered%20Planter%20Box%20Plans%20%7C%20Wooden%20Garden%20Build%20Guide%20%28PDF%20Download%29%20Bizilla,,,,,,,,,,,,,,,,,,,,,,,,,,,,,,,,,,,,,,,,,,,,,,,,,,,,,,,,,,,,,,,,,,,,,,,,,,,,,,,,,,BulkSheetVersion=V2
,CONSIDERATION,Bizilla Organic Inventory,PAUSED,,10.00,,,YES,,,,,,America/New_York,,,,,All Products,,,,,,STANDARD,CBO,PAUSED,,0.10,,,,,,,,,,,,,,,AUTOMATIC,,,,[US],,,,[All],[ALL],,,,[All],,,,,,,,,,,,,https://i.etsystatic.com/37058139/r/il/052a77/7202274449/il_fullxfull.7202274449_xo4x.jpg,Rotating Bookshelf | Revolving Bookcase | Furniture Plans for Woodworkers | DIY Bookcase Plans PDF |,"Unlock Your Inner Craftsman with These Ultimate Woodworking Plans!  Are you searching for your next inspiring woodworking project? Look no further! This comprehensive DIY plan is your all-in-one guide to building a stunning and highly functional rotating bookshelf. Designed for woodworkers of all skill levels, our detailed blueprints turn a complex-looking project into a rewarding and achievable experience. This isn't just a book shelf; it’s a centerpiece of conversation, a space-saving solution",https://www.etsy.com/search?q=Rotating%20Bookshelf%20%7C%20Revolving%20Bookcase%20%7C%20Furniture%20Plans%20for%20Woodworkers%20%7C%20DIY%20Bookcase%20Plans%20PDF%20%7C%20Easy-to-Build%20Wooden%20Bookshelf%20Bizilla,,,PAUSED,,STATIC,Rotating Bookshelf | Revolving Bookcase | Furniture Plans for Woodworkers | DIY Bookcase Plans PDF | Easy-to-Build Wooden Booksh,https://www.etsy.com/search?q=Rotating%20Bookshelf%20%7C%20Revolving%20Bookcase%20%7C%20Furniture%20Plans%20for%20Woodworkers%20%7C%20DIY%20Bookcase%20Plans%20PDF%20%7C%20Easy-to-Build%20Wooden%20Bookshelf%20Bizilla,,,,,,,,,,,,,,,,,,,,,,,,,,,,,,,,,,,,,,,,,,,,,,,,,,,,,,,,,,,,,,,,,,,,,,,,,,,,,,,,,,BulkSheetVersion=V2
,CONSIDERATION,Bizilla Organic Inventory,PAUSED,,10.00,,,YES,,,,,,America/New_York,,,,,All Products,,,,,,STANDARD,CBO,PAUSED,,0.10,,,,,,,,,,,,,,,AUTOMATIC,,,,[US],,,,[All],[ALL],,,,[All],,,,,,,,,,,,,https://i.etsystatic.com/37058139/r/il/67c4d1/7776991188/il_fullxfull.7776991188_lzd5.jpg,DIY Wardrobe Plan | Closet Storage Cabinet Blueprint | Wooden Tall Dresser Plans PDF,"Maximize Your Bedroom Storage with Premium DIY Wardrobe Plans!  Running out of space for your clothes? Build your own beautiful and spacious closet storage cabinet with our comprehensive wardrobe plan. This classic double-door design features a generous hanging area and two large bottom drawers, making it the perfect diy closet build for bedrooms, entryways, or guest rooms.  Whether you are looking for built-in wardrobe plans to customize your space or detailed cabinet plans to improve your wood",https://www.etsy.com/search?q=DIY%20Wardrobe%20Plan%20%7C%20Closet%20Storage%20Cabinet%20Blueprint%20%7C%20Wooden%20Tall%20Dresser%20Plans%20PDF%20Bizilla,,,PAUSED,,STATIC,DIY Wardrobe Plan | Closet Storage Cabinet Blueprint | Wooden Tall Dresser Plans PDF,https://www.etsy.com/search?q=DIY%20Wardrobe%20Plan%20%7C%20Closet%20Storage%20Cabinet%20Blueprint%20%7C%20Wooden%20Tall%20Dresser%20Plans%20PDF%20Bizilla,,,,,,,,,,,,,,,,,,,,,,,,,,,,,,,,,,,,,,,,,,,,,,,,,,,,,,,,,,,,,,,,,,,,,,,,,,,,,,,,,,BulkSheetVersion=V2
,CONSIDERATION,Bizilla Organic Inventory,PAUSED,,10.00,,,YES,,,,,,America/New_York,,,,,All Products,,,,,,STANDARD,CBO,PAUSED,,0.10,,,,,,,,,,,,,,,AUTOMATIC,,,,[US],,,,[All],[ALL],,,,[All],,,,,,,,,,,,,https://i.etsystatic.com/37058139/r/il/569fff/7805317200/il_fullxfull.7805317200_53gn.jpg,DIY Workbench Plans | Garage Workbench with Pegboard PDF | Wood Workbench Shelf | Easy DIY Garage Wo,"Build the Ultimate Classic Garage Workbench!  Every great project starts with a solid foundation. Transform your garage or shop with these comprehensive DIY Workbench Plans 72 Inch! This heavy-duty, traditional design features a massive 6-foot solid wood work surface, a sturdy lower wood workbench shelf for heavy equipment, and a full-size integrated pegboard backer to keep all your essential tools organized and within arm's reach.  Whether you need a reliable station for workbench home & hobby ",https://www.etsy.com/search?q=DIY%20Workbench%20Plans%20%7C%20Garage%20Workbench%20with%20Pegboard%20PDF%20%7C%20Wood%20Workbench%20Shelf%20%7C%20Easy%20DIY%20Garage%20Workshop%20Workbench%20Bizilla,,,PAUSED,,STATIC,DIY Workbench Plans | Garage Workbench with Pegboard PDF | Wood Workbench Shelf | Easy DIY Garage Workshop Workbench,https://www.etsy.com/search?q=DIY%20Workbench%20Plans%20%7C%20Garage%20Workbench%20with%20Pegboard%20PDF%20%7C%20Wood%20Workbench%20Shelf%20%7C%20Easy%20DIY%20Garage%20Workshop%20Workbench%20Bizilla,,,,,,,,,,,,,,,,,,,,,,,,,,,,,,,,,,,,,,,,,,,,,,,,,,,,,,,,,,,,,,,,,,,,,,,,,,,,,,,,,,BulkSheetVersion=V2
,CONSIDERATION,Bizilla Organic Inventory,PAUSED,,10.00,,,YES,,,,,,America/New_York,,,,,All Products,,,,,,STANDARD,CBO,PAUSED,,0.10,,,,,,,,,,,,,,,AUTOMATIC,,,,[US],,,,[All],[ALL],,,,[All],,,,,,,,,,,,,https://i.etsystatic.com/37058139/r/il/831173/7805158064/il_fullxfull.7805158064_k6ew.jpg,DIY Pyramid Strawberry Planter Plans | Wooden Strawberry Tower PDF | 4 Tier Planter Box Blueprint | ,"Build the Ultimate Pyramid Strawberry Tower!  Maximize your garden space and grow a massive harvest with this comprehensive DIY Pyramid Strawberry Planter Plan! This beautiful, space-saving 4-tier design is perfect for growing strawberries, herbs, or cascading flowers. Whether you are looking for a stunning wooden strawberry tower for your backyard or highly efficient tiered planter plans for a patio, this blueprint has you covered.  Forget buying expensive, flimsy plastic towers. Use these pyra",https://www.etsy.com/search?q=DIY%20Pyramid%20Strawberry%20Planter%20Plans%20%7C%20Wooden%20Strawberry%20Tower%20PDF%20%7C%204%20Tier%20Planter%20Box%20Blueprint%20%7C%20Stacked%20Garden%20Bed%20Bizilla,,,PAUSED,,STATIC,DIY Pyramid Strawberry Planter Plans | Wooden Strawberry Tower PDF | 4 Tier Planter Box Blueprint | Stacked Garden Bed,https://www.etsy.com/search?q=DIY%20Pyramid%20Strawberry%20Planter%20Plans%20%7C%20Wooden%20Strawberry%20Tower%20PDF%20%7C%204%20Tier%20Planter%20Box%20Blueprint%20%7C%20Stacked%20Garden%20Bed%20Bizilla,,,,,,,,,,,,,,,,,,,,,,,,,,,,,,,,,,,,,,,,,,,,,,,,,,,,,,,,,,,,,,,,,,,,,,,,,,,,,,,,,,BulkSheetVersion=V2
,CONSIDERATION,Bizilla Organic Inventory,PAUSED,,10.00,,,YES,,,,,,America/New_York,,,,,All Products,,,,,,STANDARD,CBO,PAUSED,,0.10,,,,,,,,,,,,,,,AUTOMATIC,,,,[US],,,,[All],[ALL],,,,[All],,,,,,,,,,,,,https://i.etsystatic.com/37058139/r/il/65ffb7/7159214358/il_fullxfull.7159214358_3ak0.jpg,Wood Pet Bed | DIY Dog Bed With Legs Plan | DIY Raised Dog Bed Furniture | Build a Custom Wooden Pet,"Create a Comfy and Stylish Haven for Your Best Friend with Our DIY Dog Bed Plans  Elevate your pet’s comfort and your home's style with our easy-to-follow woodworking plans. This DIY dog bed project is perfect for woodworkers of all skill levels, allowing you to build a sturdy and beautiful piece of dog furniture that will last for years.  Why an Elevated Dog Bed?  A raised dog bed isn't just a design choice—it's a health-conscious one. By lifting your pet off the floor, this bed provides better",https://www.etsy.com/search?q=Wood%20Pet%20Bed%20%7C%20DIY%20Dog%20Bed%20With%20Legs%20Plan%20%7C%20DIY%20Raised%20Dog%20Bed%20Furniture%20%7C%20Build%20a%20Custom%20Wooden%20Pet%20Bed%20%7C%20Elevated%20Dog%20Bed%20for%20Large%20Dogs%20Bizilla,,,PAUSED,,STATIC,Wood Pet Bed | DIY Dog Bed With Legs Plan | DIY Raised Dog Bed Furniture | Build a Custom Wooden Pet Bed | Elevated Dog Bed for ,https://www.etsy.com/search?q=Wood%20Pet%20Bed%20%7C%20DIY%20Dog%20Bed%20With%20Legs%20Plan%20%7C%20DIY%20Raised%20Dog%20Bed%20Furniture%20%7C%20Build%20a%20Custom%20Wooden%20Pet%20Bed%20%7C%20Elevated%20Dog%20Bed%20for%20Large%20Dogs%20Bizilla,,,,,,,,,,,,,,,,,,,,,,,,,,,,,,,,,,,,,,,,,,,,,,,,,,,,,,,,,,,,,,,,,,,,,,,,,,,,,,,,,,BulkSheetVersion=V2
,CONSIDERATION,Bizilla Organic Inventory,PAUSED,,10.00,,,YES,,,,,,America/New_York,,,,,All Products,,,,,,STANDARD,CBO,PAUSED,,0.10,,,,,,,,,,,,,,,AUTOMATIC,,,,[US],,,,[All],[ALL],,,,[All],,,,,,,,,,,,,https://i.etsystatic.com/37058139/r/il/02d160/8024575087/il_fullxfull.8024575087_3fe9.jpg,DIY Chicken and Duck Coop Plans PDF | 8x4 Modern Duck House | Lightweight Chicken Coop Build | Quail,"Build a Safe, Spacious, and Easy-to-Clean Home for Your Multi-Species Flock!  100% Satisfaction & Money-Back Guarantee! We are so confident that you will love building this project that we offer a 100% money-back guarantee. If you are not completely satisfied with these plans for any reason, we will refund your purchase—no questions asked!  Ongoing Support via Etsy Messages We are here for you! If you have any questions, need technical advice, or require help during your build process, simply se",https://www.etsy.com/search?q=DIY%20Chicken%20and%20Duck%20Coop%20Plans%20PDF%20%7C%208x4%20Modern%20Duck%20House%20%7C%20Lightweight%20Chicken%20Coop%20Build%20%7C%20Quail%20Cottage%20Blueprint%20%7C%20Kippenhok%20DIY%20Bizilla,,,PAUSED,,STATIC,DIY Chicken and Duck Coop Plans PDF | 8x4 Modern Duck House | Lightweight Chicken Coop Build | Quail Cottage Blueprint | Kippenh,https://www.etsy.com/search?q=DIY%20Chicken%20and%20Duck%20Coop%20Plans%20PDF%20%7C%208x4%20Modern%20Duck%20House%20%7C%20Lightweight%20Chicken%20Coop%20Build%20%7C%20Quail%20Cottage%20Blueprint%20%7C%20Kippenhok%20DIY%20Bizilla,,,,,,,,,,,,,,,,,,,,,,,,,,,,,,,,,,,,,,,,,,,,,,,,,,,,,,,,,,,,,,,,,,,,,,,,,,,,,,,,,,BulkSheetVersion=V2
,CONSIDERATION,Bizilla Organic Inventory,PAUSED,,10.00,,,YES,,,,,,America/New_York,,,,,All Products,,,,,,STANDARD,CBO,PAUSED,,0.10,,,,,,,,,,,,,,,AUTOMATIC,,,,[US],,,,[All],[ALL],,,,[All],,,,,,,,,,,,,https://i.etsystatic.com/37058139/r/il/62e289/7976607272/il_fullxfull.7976607272_lit8.jpg,DIY Small Chicken Coop Plans with Run PDF | Woodworking Plans for Modern Chicken Coops | Backyard Po,"Build a Safe, Simple, and Beautiful Home for Your Small Flock!  100% Satisfaction & Money-Back Guarantee! We are so confident that you will love building this project that we offer a 100% money-back guarantee. If you are not completely satisfied with these plans for any reason, we will refund your purchase—no questions asked!  Ongoing Support via Etsy Messages We are here for you! If you have any questions, need technical advice, or require help during your build process, simply send us a messag",https://www.etsy.com/search?q=DIY%20Small%20Chicken%20Coop%20Plans%20with%20Run%20PDF%20%7C%20Woodworking%20Plans%20for%20Modern%20Chicken%20Coops%20%7C%20Backyard%20Poultry%20Breeding%20Pen%20%7C%20Quail%20Cottage%20Build%20Bizilla,,,PAUSED,,STATIC,DIY Small Chicken Coop Plans with Run PDF | Woodworking Plans for Modern Chicken Coops | Backyard Poultry Breeding Pen | Quail C,https://www.etsy.com/search?q=DIY%20Small%20Chicken%20Coop%20Plans%20with%20Run%20PDF%20%7C%20Woodworking%20Plans%20for%20Modern%20Chicken%20Coops%20%7C%20Backyard%20Poultry%20Breeding%20Pen%20%7C%20Quail%20Cottage%20Build%20Bizilla,,,,,,,,,,,,,,,,,,,,,,,,,,,,,,,,,,,,,,,,,,,,,,,,,,,,,,,,,,,,,,,,,,,,,,,,,,,,,,,,,,BulkSheetVersion=V2
,CONSIDERATION,Bizilla Organic Inventory,PAUSED,,10.00,,,YES,,,,,,America/New_York,,,,,All Products,,,,,,STANDARD,CBO,PAUSED,,0.10,,,,,,,,,,,,,,,AUTOMATIC,,,,[US],,,,[All],[ALL],,,,[All],,,,,,,,,,,,,https://i.etsystatic.com/37058139/r/il/0c20c4/7976568270/il_fullxfull.7976568270_2bwp.jpg,DIY Chicken Coop Plans With Run PDF | Large Chicken Coop Plan | Walk in Chicken Coop Plan | Garden C,"Build the Ultimate Predator-Proof Paradise for Your Flock!  100% Satisfaction & Money-Back Guarantee!  We are so confident that you will love building this project that we offer a 100% money-back guarantee. If you are not completely satisfied with these plans for any reason, we will refund your purchase—no questions asked!  Ongoing Support via Etsy Messages  Building a backyard farm is an exciting journey, and we are here to help! If you have any questions or need advice during your build, simpl",https://www.etsy.com/search?q=DIY%20Chicken%20Coop%20Plans%20With%20Run%20PDF%20%7C%20Large%20Chicken%20Coop%20Plan%20%7C%20Walk%20in%20Chicken%20Coop%20Plan%20%7C%20Garden%20Chicken%20Coop%20and%20Run%20%7C%20Duck%20Coop%20Plans%20Bizilla,,,PAUSED,,STATIC,DIY Chicken Coop Plans With Run PDF | Large Chicken Coop Plan | Walk in Chicken Coop Plan | Garden Chicken Coop and Run | Duck C,https://www.etsy.com/search?q=DIY%20Chicken%20Coop%20Plans%20With%20Run%20PDF%20%7C%20Large%20Chicken%20Coop%20Plan%20%7C%20Walk%20in%20Chicken%20Coop%20Plan%20%7C%20Garden%20Chicken%20Coop%20and%20Run%20%7C%20Duck%20Coop%20Plans%20Bizilla,,,,,,,,,,,,,,,,,,,,,,,,,,,,,,,,,,,,,,,,,,,,,,,,,,,,,,,,,,,,,,,,,,,,,,,,,,,,,,,,,,BulkSheetVersion=V2
,CONSIDERATION,Bizilla Organic Inventory,PAUSED,,10.00,,,YES,,,,,,America/New_York,,,,,All Products,,,,,,STANDARD,CBO,PAUSED,,0.10,,,,,,,,,,,,,,,AUTOMATIC,,,,[US],,,,[All],[ALL],,,,[All],,,,,,,,,,,,,https://i.etsystatic.com/37058139/r/il/ec6288/7305929223/il_fullxfull.7305929223_bvf3.jpg,6x12 Firewood Shed Plans: DIY Sloped Roof Woodshed (PDF Download),"🔥 Stop Burning Wet Wood! Build Your Dream Woodshed Today! 🔥 Tired of struggling with soggy, smoking logs? Our 6x12 Firewood Shed Plans are the perfect solution to keep your wood dry, seasoned, and ready for the fire pit or stove. This isn't just a shed; it's the ultimate DIY project to enhance your backyard and ensure perfectly seasoned fuel all winter long!  🏡 About These 6x12 Wood Shed Plans 🏡 These are complete DIY plans to build a sturdy, attractive 6' x 12' Firewood Storage Shed (or Woodshe",https://www.etsy.com/search?q=6x12%20Firewood%20Shed%20Plans%3A%20DIY%20Sloped%20Roof%20Woodshed%20%28PDF%20Download%29%20Bizilla,,,PAUSED,,STATIC,6x12 Firewood Shed Plans: DIY Sloped Roof Woodshed (PDF Download),https://www.etsy.com/search?q=6x12%20Firewood%20Shed%20Plans%3A%20DIY%20Sloped%20Roof%20Woodshed%20%28PDF%20Download%29%20Bizilla,,,,,,,,,,,,,,,,,,,,,,,,,,,,,,,,,,,,,,,,,,,,,,,,,,,,,,,,,,,,,,,,,,,,,,,,,,,,,,,,,,BulkSheetVersion=V2
,CONSIDERATION,Bizilla Organic Inventory,PAUSED,,10.00,,,YES,,,,,,America/New_York,,,,,All Products,,,,,,STANDARD,CBO,PAUSED,,0.10,,,,,,,,,,,,,,,AUTOMATIC,,,,[US],,,,[All],[ALL],,,,[All],,,,,,,,,,,,,https://i.etsystatic.com/37058139/r/il/894972/7824953345/il_fullxfull.7824953345_o6zw.jpg,DIY Outdoor Corner Bench Plans | L Shaped Planter Bench Blueprint | Wooden Garden Seating PDF,"Create the Ultimate Backyard Oasis with DIY L-Shaped Corner Bench Plans!  Upgrade your patio, garden, or fire pit area with our stunning outdoor corner bench plans. This unique L-shaped design features a beautiful built-in planter box at the center, allowing you to seamlessly blend comfortable seating with your favorite flowers, herbs, or ambient lighting. It is the perfect diy garden seating project to elevate your outdoor living space.  Whether you are looking for an L shaped bench for enterta",https://www.etsy.com/search?q=DIY%20Outdoor%20Corner%20Bench%20Plans%20%7C%20L%20Shaped%20Planter%20Bench%20Blueprint%20%7C%20Wooden%20Garden%20Seating%20PDF%20Bizilla,,,PAUSED,,STATIC,DIY Outdoor Corner Bench Plans | L Shaped Planter Bench Blueprint | Wooden Garden Seating PDF,https://www.etsy.com/search?q=DIY%20Outdoor%20Corner%20Bench%20Plans%20%7C%20L%20Shaped%20Planter%20Bench%20Blueprint%20%7C%20Wooden%20Garden%20Seating%20PDF%20Bizilla,,,,,,,,,,,,,,,,,,,,,,,,,,,,,,,,,,,,,,,,,,,,,,,,,,,,,,,,,,,,,,,,,,,,,,,,,,,,,,,,,,BulkSheetVersion=V2
,CONSIDERATION,Bizilla Organic Inventory,PAUSED,,10.00,,,YES,,,,,,America/New_York,,,,,All Products,,,,,,STANDARD,CBO,PAUSED,,0.10,,,,,,,,,,,,,,,AUTOMATIC,,,,[US],,,,[All],[ALL],,,,[All],,,,,,,,,,,,,https://i.etsystatic.com/37058139/r/il/38577a/7805298226/il_fullxfull.7805298226_cz8d.jpg,DIY Rolling Tool Station Plans | Mobile Tool Storage Cabinet PDF | Wood Tool Cabinet on Wheels | Hob,"Build the Ultimate Mobile Tool & Storage Station!  Maximize your workshop or craft room efficiency with this incredibly versatile DIY Rolling Tool Station Plan. Designed with mobility and maximum storage in mind, this tall organizer cart features multiple shallow shelves perfect for storing hand tools, hardware, sandpaper, or acting as a high-capacity hobby organizer for your craft supplies and paints.  Whether you need a functional tool storage cabinet that rolls right up to your workbench, or ",https://www.etsy.com/search?q=DIY%20Rolling%20Tool%20Station%20Plans%20%7C%20Mobile%20Tool%20Storage%20Cabinet%20PDF%20%7C%20Wood%20Tool%20Cabinet%20on%20Wheels%20%7C%20Hobby%20Organizer%20Cart%20%7C%20Garage%20Storage%20Bizilla,,,PAUSED,,STATIC,DIY Rolling Tool Station Plans | Mobile Tool Storage Cabinet PDF | Wood Tool Cabinet on Wheels | Hobby Organizer Cart | Garage S,https://www.etsy.com/search?q=DIY%20Rolling%20Tool%20Station%20Plans%20%7C%20Mobile%20Tool%20Storage%20Cabinet%20PDF%20%7C%20Wood%20Tool%20Cabinet%20on%20Wheels%20%7C%20Hobby%20Organizer%20Cart%20%7C%20Garage%20Storage%20Bizilla,,,,,,,,,,,,,,,,,,,,,,,,,,,,,,,,,,,,,,,,,,,,,,,,,,,,,,,,,,,,,,,,,,,,,,,,,,,,,,,,,,BulkSheetVersion=V2
,CONSIDERATION,Bizilla Organic Inventory,PAUSED,,10.00,,,YES,,,,,,America/New_York,,,,,All Products,,,,,,STANDARD,CBO,PAUSED,,0.10,,,,,,,,,,,,,,,AUTOMATIC,,,,[US],,,,[All],[ALL],,,,[All],,,,,,,,,,,,,https://i.etsystatic.com/37058139/r/il/598b00/7484112044/il_fullxfull.7484112044_cg0l.jpg,"Champagne Cart Blueprint | DIY Mobile Bar, Wedding Event Cart (Custom Build)","🥂 Build Your Own Elegant Champagne & Event Cart! Create the ultimate focal point for your next event with these comprehensive Champagne Cart Custom Build plans. Whether you are a DIY enthusiast looking to build a beautiful piece for your home, or a rental business owner wanting to add a high-ROI item to your inventory, this design is perfect for you. This isn't just a cart; it’s a statement piece. Designed to be sturdy yet elegant, this Personalized Mobile Bar Cart features a timeless design wit",https://www.etsy.com/search?q=Champagne%20Cart%20Blueprint%20%7C%20DIY%20Mobile%20Bar%2C%20Wedding%20Event%20Cart%20%28Custom%20Build%29%20Bizilla,,,PAUSED,,STATIC,"Champagne Cart Blueprint | DIY Mobile Bar, Wedding Event Cart (Custom Build)",https://www.etsy.com/search?q=Champagne%20Cart%20Blueprint%20%7C%20DIY%20Mobile%20Bar%2C%20Wedding%20Event%20Cart%20%28Custom%20Build%29%20Bizilla,,,,,,,,,,,,,,,,,,,,,,,,,,,,,,,,,,,,,,,,,,,,,,,,,,,,,,,,,,,,,,,,,,,,,,,,,,,,,,,,,,BulkSheetVersion=V2
,CONSIDERATION,Bizilla Organic Inventory,PAUSED,,10.00,,,YES,,,,,,America/New_York,,,,,All Products,,,,,,STANDARD,CBO,PAUSED,,0.10,,,,,,,,,,,,,,,AUTOMATIC,,,,[US],,,,[All],[ALL],,,,[All],,,,,,,,,,,,,https://i.etsystatic.com/37058139/r/il/e032dd/7766243460/il_fullxfull.7766243460_cl8y.jpg,DIY Kitchen Pantry Cabinet Plans | Kitchen Organizer Build Blueprint | Standing Storage Guide,"Transform Your Backyard with Premium 6x8 ft DIY Outdoor Sauna Plans!  Ready to build your own relaxing retreat? Our comprehensive DIY outdoor sauna plans are designed for both beginners and experienced DIYers. This modern, wooden backyard sauna comfortably fits 4 to 6 people, making it the perfect addition to your outdoor space for a dry sauna or traditional steam experience.  These step-by-step sauna building blueprints remove the guesswork from your DIY project, saving you time and money.  📐 S",https://www.etsy.com/search?q=DIY%20Kitchen%20Pantry%20Cabinet%20Plans%20%7C%20Kitchen%20Organizer%20Build%20Blueprint%20%7C%20Standing%20Storage%20Guide%20Bizilla,,,PAUSED,,STATIC,DIY Kitchen Pantry Cabinet Plans | Kitchen Organizer Build Blueprint | Standing Storage Guide,https://www.etsy.com/search?q=DIY%20Kitchen%20Pantry%20Cabinet%20Plans%20%7C%20Kitchen%20Organizer%20Build%20Blueprint%20%7C%20Standing%20Storage%20Guide%20Bizilla,,,,,,,,,,,,,,,,,,,,,,,,,,,,,,,,,,,,,,,,,,,,,,,,,,,,,,,,,,,,,,,,,,,,,,,,,,,,,,,,,,BulkSheetVersion=V2
,CONSIDERATION,Bizilla Organic Inventory,PAUSED,,10.00,,,YES,,,,,,America/New_York,,,,,All Products,,,,,,STANDARD,CBO,PAUSED,,0.10,,,,,,,,,,,,,,,AUTOMATIC,,,,[US],,,,[All],[ALL],,,,[All],,,,,,,,,,,,,https://i.etsystatic.com/37058139/r/il/68c973/7920893222/il_fullxfull.7920893222_ica8.jpg,8x20 Firewood Shed DIY Plans PDF | 3 Cord Wood Storage Rack Blueprint | Extra Large Dry Wood Shelter,"DIY 8x20 Firewood Shed Plans PDF | 3 Cord Wood Storage Rack Blueprint  Stop letting your valuable firewood rot under cheap plastic tarps! This comprehensive digital woodworking blueprint provides the exact, step-by-step instructions to build a massive, heavy-duty 8x20 Firewood Shed. Designed with an ultra-deep profile to hold a full 3 cords of wood, this structure is the ultimate high-capacity storage solution for homesteaders, large cabin owners, and anyone who relies heavily on a wood stove to",https://www.etsy.com/search?q=8x20%20Firewood%20Shed%20DIY%20Plans%20PDF%20%7C%203%20Cord%20Wood%20Storage%20Rack%20Blueprint%20%7C%20Extra%20Large%20Dry%20Wood%20Shelter%20Bizilla,,,PAUSED,,STATIC,8x20 Firewood Shed DIY Plans PDF | 3 Cord Wood Storage Rack Blueprint | Extra Large Dry Wood Shelter,https://www.etsy.com/search?q=8x20%20Firewood%20Shed%20DIY%20Plans%20PDF%20%7C%203%20Cord%20Wood%20Storage%20Rack%20Blueprint%20%7C%20Extra%20Large%20Dry%20Wood%20Shelter%20Bizilla,,,,,,,,,,,,,,,,,,,,,,,,,,,,,,,,,,,,,,,,,,,,,,,,,,,,,,,,,,,,,,,,,,,,,,,,,,,,,,,,,,BulkSheetVersion=V2
,CONSIDERATION,Bizilla Organic Inventory,PAUSED,,10.00,,,YES,,,,,,America/New_York,,,,,All Products,,,,,,STANDARD,CBO,PAUSED,,0.10,,,,,,,,,,,,,,,AUTOMATIC,,,,[US],,,,[All],[ALL],,,,[All],,,,,,,,,,,,,https://i.etsystatic.com/37058139/r/il/c203c2/7805208504/il_fullxfull.7805208504_igyu.jpg,DIY Outdoor Sauna Plans | Modern Sauna Blueprints PDF | Sauna With Window | Sauna With Shower Plans ,"Build Your Own Backyard Oasis!  Transform your backyard into a luxury retreat with these comprehensive DIY Outdoor Sauna Plans. This stunning modern outdoor sauna design features a spacious hot room with a large scenic window, plus an attached covered porch perfectly designed for cooling down, storing firewood, or installing an outdoor shower—making it the ultimate match for anyone looking for sauna with shower plans.  Skip the expensive pre-fab kits. Whether you are looking to build a tradition",https://www.etsy.com/search?q=DIY%20Outdoor%20Sauna%20Plans%20%7C%20Modern%20Sauna%20Blueprints%20PDF%20%7C%20Sauna%20With%20Window%20%7C%20Sauna%20With%20Shower%20Plans%20%7C%20Backyard%20Sauna%20Building%20Design%20Bizilla,,,PAUSED,,STATIC,DIY Outdoor Sauna Plans | Modern Sauna Blueprints PDF | Sauna With Window | Sauna With Shower Plans | Backyard Sauna Building De,https://www.etsy.com/search?q=DIY%20Outdoor%20Sauna%20Plans%20%7C%20Modern%20Sauna%20Blueprints%20PDF%20%7C%20Sauna%20With%20Window%20%7C%20Sauna%20With%20Shower%20Plans%20%7C%20Backyard%20Sauna%20Building%20Design%20Bizilla,,,,,,,,,,,,,,,,,,,,,,,,,,,,,,,,,,,,,,,,,,,,,,,,,,,,,,,,,,,,,,,,,,,,,,,,,,,,,,,,,,BulkSheetVersion=V2
,CONSIDERATION,Bizilla Organic Inventory,PAUSED,,10.00,,,YES,,,,,,America/New_York,,,,,All Products,,,,,,STANDARD,CBO,PAUSED,,0.10,,,,,,,,,,,,,,,AUTOMATIC,,,,[US],,,,[All],[ALL],,,,[All],,,,,,,,,,,,,https://i.etsystatic.com/37058139/r/il/fa06c7/7777254082/il_fullxfull.7777254082_1lpn.jpg,DIY Geometric Bookshelf Plans | Large Asymmetrical Bookcase Blueprint | Abstract Wall Book Shelves P,"Upgrade Your Living Room with a Premium DIY Lift Top Coffee Table!  Are you looking for the perfect blend of style and functionality? Build your own stunning, multifunctional centerpiece with our comprehensive coffee table blueprint. Featuring a sleek mid-century modern design with a built-in drawer, open display shelves, and a hidden compartment, this project is the ultimate DIY coffee table with storage.  Whether you are working from the couch or enjoying a meal in front of the TV, the elevate",https://www.etsy.com/search?q=DIY%20Geometric%20Bookshelf%20Plans%20%7C%20Large%20Asymmetrical%20Bookcase%20Blueprint%20%7C%20Abstract%20Wall%20Book%20Shelves%20PDF%20Bizilla,,,PAUSED,,STATIC,DIY Geometric Bookshelf Plans | Large Asymmetrical Bookcase Blueprint | Abstract Wall Book Shelves PDF,https://www.etsy.com/search?q=DIY%20Geometric%20Bookshelf%20Plans%20%7C%20Large%20Asymmetrical%20Bookcase%20Blueprint%20%7C%20Abstract%20Wall%20Book%20Shelves%20PDF%20Bizilla,,,,,,,,,,,,,,,,,,,,,,,,,,,,,,,,,,,,,,,,,,,,,,,,,,,,,,,,,,,,,,,,,,,,,,,,,,,,,,,,,,BulkSheetVersion=V2
,CONSIDERATION,Bizilla Organic Inventory,PAUSED,,10.00,,,YES,,,,,,America/New_York,,,,,All Products,,,,,,STANDARD,CBO,PAUSED,,0.10,,,,,,,,,,,,,,,AUTOMATIC,,,,[US],,,,[All],[ALL],,,,[All],,,,,,,,,,,,,https://i.etsystatic.com/37058139/r/il/855ea9/7989604791/il_fullxfull.7989604791_tdta.jpg,DIY Outdoor Kitchen Plans PDF | Backyard Bar Blueprint | Pergola with Bar Underneath | Back Yard BBQ,"[The Hook & Support Promise]  Transform your backyard into the ultimate entertainment space with our comprehensive DIY Outdoor Kitchen & Backyard Bar Plans! Whether you are a weekend warrior or an experienced builder, we are here to ensure your project is a success. Need help or have questions during the build? Don't worry! We provide full, ongoing support via Etsy messages to guide you every step of the way.  [About This Build]   Get ready for summer BBQs and outdoor parties! This contemporary ",https://www.etsy.com/search?q=DIY%20Outdoor%20Kitchen%20Plans%20PDF%20%7C%20Backyard%20Bar%20Blueprint%20%7C%20Pergola%20with%20Bar%20Underneath%20%7C%20Back%20Yard%20BBQ%20Shack%20Build%20%7C%20Outside%20Bar%20Woodworking%20Bizilla,,,PAUSED,,STATIC,DIY Outdoor Kitchen Plans PDF | Backyard Bar Blueprint | Pergola with Bar Underneath | Back Yard BBQ Shack Build | Outside Bar W,https://www.etsy.com/search?q=DIY%20Outdoor%20Kitchen%20Plans%20PDF%20%7C%20Backyard%20Bar%20Blueprint%20%7C%20Pergola%20with%20Bar%20Underneath%20%7C%20Back%20Yard%20BBQ%20Shack%20Build%20%7C%20Outside%20Bar%20Woodworking%20Bizilla,,,,,,,,,,,,,,,,,,,,,,,,,,,,,,,,,,,,,,,,,,,,,,,,,,,,,,,,,,,,,,,,,,,,,,,,,,,,,,,,,,BulkSheetVersion=V2
,CONSIDERATION,Bizilla Organic Inventory,PAUSED,,10.00,,,YES,,,,,,America/New_York,,,,,All Products,,,,,,STANDARD,CBO,PAUSED,,0.10,,,,,,,,,,,,,,,AUTOMATIC,,,,[US],,,,[All],[ALL],,,,[All],,,,,,,,,,,,,https://i.etsystatic.com/37058139/r/il/c70fe0/7941873404/il_fullxfull.7941873404_n8fz.jpg,DIY Giant Connect 4 Outdoor Game Plans PDF | Backyard Yard Game Blueprint | Life Size Wooden 4-in-a-,"Bring Giant-Sized Fun to Your Next Backyard Party with This DIY Connect 4 Game!  100% Satisfaction & Money-Back Guarantee!  We are so confident that you will love building this project that we offer a 100% money-back guarantee. If you are not completely satisfied with these plans for any reason, we will refund your purchase—no questions asked! Plus, if you need any help or have questions during the build, we are always here to provide full support and guidance via Etsy messages.  About This Buil",https://www.etsy.com/search?q=DIY%20Giant%20Connect%204%20Outdoor%20Game%20Plans%20PDF%20%7C%20Backyard%20Yard%20Game%20Blueprint%20%7C%20Life%20Size%20Wooden%204-in-a-Row%20Strategy%20Game%20Bizilla,,,PAUSED,,STATIC,DIY Giant Connect 4 Outdoor Game Plans PDF | Backyard Yard Game Blueprint | Life Size Wooden 4-in-a-Row Strategy Game,https://www.etsy.com/search?q=DIY%20Giant%20Connect%204%20Outdoor%20Game%20Plans%20PDF%20%7C%20Backyard%20Yard%20Game%20Blueprint%20%7C%20Life%20Size%20Wooden%204-in-a-Row%20Strategy%20Game%20Bizilla,,,,,,,,,,,,,,,,,,,,,,,,,,,,,,,,,,,,,,,,,,,,,,,,,,,,,,,,,,,,,,,,,,,,,,,,,,,,,,,,,,BulkSheetVersion=V2
,CONSIDERATION,Bizilla Organic Inventory,PAUSED,,10.00,,,YES,,,,,,America/New_York,,,,,All Products,,,,,,STANDARD,CBO,PAUSED,,0.10,,,,,,,,,,,,,,,AUTOMATIC,,,,[US],,,,[All],[ALL],,,,[All],,,,,,,,,,,,,https://i.etsystatic.com/37058139/r/il/fe88dd/7112557894/il_fullxfull.7112557894_ans3.jpg,"DIY Mobile Serving Cart Plan – Charcuterie Bar, Coffee Station (PDF)","Build Your Dream Event: The Ultimate DIY Mobile Serving Cart Plan  Craft the centerpiece of your next event with our comprehensive, step-by-step project plan!  Imagine effortlessly serving your guests from a stunning, custom-built cart that perfectly complements your unique style. This isn't just a project; it's your ticket to creating the ultimate custom food cart or a show-stopping mobile bar. Our meticulously designed PDF guide gives you all the tools and knowledge to bring this elegant, mode",https://www.etsy.com/search?q=DIY%20Mobile%20Serving%20Cart%20Plan%20%E2%80%93%20Charcuterie%20Bar%2C%20Coffee%20Station%20%28PDF%29%20Bizilla,,,PAUSED,,STATIC,"DIY Mobile Serving Cart Plan – Charcuterie Bar, Coffee Station (PDF)",https://www.etsy.com/search?q=DIY%20Mobile%20Serving%20Cart%20Plan%20%E2%80%93%20Charcuterie%20Bar%2C%20Coffee%20Station%20%28PDF%29%20Bizilla,,,,,,,,,,,,,,,,,,,,,,,,,,,,,,,,,,,,,,,,,,,,,,,,,,,,,,,,,,,,,,,,,,,,,,,,,,,,,,,,,,BulkSheetVersion=V2
,CONSIDERATION,Bizilla Organic Inventory,PAUSED,,10.00,,,YES,,,,,,America/New_York,,,,,All Products,,,,,,STANDARD,CBO,PAUSED,,0.10,,,,,,,,,,,,,,,AUTOMATIC,,,,[US],,,,[All],[ALL],,,,[All],,,,,,,,,,,,,https://i.etsystatic.com/37058139/r/il/c89932/7941909444/il_fullxfull.7941909444_gzto.jpg,DIY Mobile Workbench with Tote Storage Plans PDF | Rolling Shop Cart & Organizer Blueprint | 3-Drawe,"The Ultimate Workshop Hybrid: A Heavy-Duty Workbench That Organizes Itself!  100% Satisfaction & Money-Back Guarantee!  We are so confident that you will love building this project that we offer a 100% money-back guarantee. If you are not completely satisfied with these plans for any reason, we will refund your purchase—no questions asked! Ongoing Support via Etsy Messages  We’ve got your back! If you run into any questions during your build or need a bit of technical advice, just shoot us a mes",https://www.etsy.com/search?q=DIY%20Mobile%20Workbench%20with%20Tote%20Storage%20Plans%20PDF%20%7C%20Rolling%20Shop%20Cart%20%26%20Organizer%20Blueprint%20%7C%203-Drawer%20Garage%20Utility%20Table%20%7C%20Woodworking%20Bizilla,,,PAUSED,,STATIC,DIY Mobile Workbench with Tote Storage Plans PDF | Rolling Shop Cart & Organizer Blueprint | 3-Drawer Garage Utility Table | Woo,https://www.etsy.com/search?q=DIY%20Mobile%20Workbench%20with%20Tote%20Storage%20Plans%20PDF%20%7C%20Rolling%20Shop%20Cart%20%26%20Organizer%20Blueprint%20%7C%203-Drawer%20Garage%20Utility%20Table%20%7C%20Woodworking%20Bizilla,,,,,,,,,,,,,,,,,,,,,,,,,,,,,,,,,,,,,,,,,,,,,,,,,,,,,,,,,,,,,,,,,,,,,,,,,,,,,,,,,,BulkSheetVersion=V2
,CONSIDERATION,Bizilla Organic Inventory,PAUSED,,10.00,,,YES,,,,,,America/New_York,,,,,All Products,,,,,,STANDARD,CBO,PAUSED,,0.10,,,,,,,,,,,,,,,AUTOMATIC,,,,[US],,,,[All],[ALL],,,,[All],,,,,,,,,,,,,https://i.etsystatic.com/37058139/r/il/3c1453/7777079770/il_fullxfull.7777079770_suoc.jpg,DIY Rotating Shoe Rack Plans | Spinning Woodworking Blueprint (Digital Download),"Maximize Your Closet Space with Premium DIY Rotating Shoe Rack Plans!  Tired of messy closets and piles of shoes? Build the ultimate storage solution with our comprehensive rotating shoe rack plans. This impressive, multi-tier spinning shoe display allows you to easily store and access dozens of pairs of shoes with a simple spin. Perfect for walk-in closets, bedrooms, or entryways, this diy shoe carousel plans project will completely transform your organization.  Whether you are looking for a st",https://www.etsy.com/search?q=DIY%20Rotating%20Shoe%20Rack%20Plans%20%7C%20Spinning%20Woodworking%20Blueprint%20%28Digital%20Download%29%20Bizilla,,,PAUSED,,STATIC,DIY Rotating Shoe Rack Plans | Spinning Woodworking Blueprint (Digital Download),https://www.etsy.com/search?q=DIY%20Rotating%20Shoe%20Rack%20Plans%20%7C%20Spinning%20Woodworking%20Blueprint%20%28Digital%20Download%29%20Bizilla,,,,,,,,,,,,,,,,,,,,,,,,,,,,,,,,,,,,,,,,,,,,,,,,,,,,,,,,,,,,,,,,,,,,,,,,,,,,,,,,,,BulkSheetVersion=V2
,CONSIDERATION,Bizilla Organic Inventory,PAUSED,,10.00,,,YES,,,,,,America/New_York,,,,,All Products,,,,,,STANDARD,CBO,PAUSED,,0.10,,,,,,,,,,,,,,,AUTOMATIC,,,,[US],,,,[All],[ALL],,,,[All],,,,,,,,,,,,,https://i.etsystatic.com/37058139/r/il/593432/7766488926/il_fullxfull.7766488926_73ws.jpg,DIY Swingset With Playhouse Plans | Wooden Playset Plan PDF | Backyard Playground Plans,"Build the Ultimate Backyard Adventure with DIY Swingset & Playhouse Plans!  Give your kids the outdoor space of their dreams! Our comprehensive wooden playset plan provides everything you need to build a professional-grade, sturdy, and fun-filled playground. This all-in-one design features a classic swingset with playhouse tower, a secure ladder, and a shaded platform, making it the perfect diy playhouse kids outdoor project for your family.  Whether you are looking for backyard playground plans",https://www.etsy.com/search?q=DIY%20Swingset%20With%20Playhouse%20Plans%20%7C%20Wooden%20Playset%20Plan%20PDF%20%7C%20Backyard%20Playground%20Plans%20Bizilla,,,PAUSED,,STATIC,DIY Swingset With Playhouse Plans | Wooden Playset Plan PDF | Backyard Playground Plans,https://www.etsy.com/search?q=DIY%20Swingset%20With%20Playhouse%20Plans%20%7C%20Wooden%20Playset%20Plan%20PDF%20%7C%20Backyard%20Playground%20Plans%20Bizilla,,,,,,,,,,,,,,,,,,,,,,,,,,,,,,,,,,,,,,,,,,,,,,,,,,,,,,,,,,,,,,,,,,,,,,,,,,,,,,,,,,BulkSheetVersion=V2
,CONSIDERATION,Bizilla Organic Inventory,PAUSED,,10.00,,,YES,,,,,,America/New_York,,,,,All Products,,,,,,STANDARD,CBO,PAUSED,,0.10,,,,,,,,,,,,,,,AUTOMATIC,,,,[US],,,,[All],[ALL],,,,[All],,,,,,,,,,,,,https://i.etsystatic.com/37058139/r/il/234271/7989710245/il_fullxfull.7989710245_jp9q.jpg,DIY Wooden Pet Bed Plans PDF | Moon Shaped Cat & Dog Bed Blueprint | Baby Cradle Wood Plan | Custom ,"Build a Cozy and Unique Dream Bed for Your Beloved Pet or Little One!  100% Satisfaction & Money-Back Guarantee!  We are so confident that you will love building this project that we offer a 100% money-back guarantee. If you are not completely satisfied with these plans for any reason, we will refund your purchase—no questions asked! Plus, if you need any help or have questions during the build, we are always here to provide full support and guidance via Etsy messages.  About This Build  Create ",https://www.etsy.com/search?q=DIY%20Wooden%20Pet%20Bed%20Plans%20PDF%20%7C%20Moon%20Shaped%20Cat%20%26%20Dog%20Bed%20Blueprint%20%7C%20Baby%20Cradle%20Wood%20Plan%20%7C%20Custom%20Wooden%20Pet%20Furniture%20Bizilla,,,PAUSED,,STATIC,DIY Wooden Pet Bed Plans PDF | Moon Shaped Cat & Dog Bed Blueprint | Baby Cradle Wood Plan | Custom Wooden Pet Furniture,https://www.etsy.com/search?q=DIY%20Wooden%20Pet%20Bed%20Plans%20PDF%20%7C%20Moon%20Shaped%20Cat%20%26%20Dog%20Bed%20Blueprint%20%7C%20Baby%20Cradle%20Wood%20Plan%20%7C%20Custom%20Wooden%20Pet%20Furniture%20Bizilla,,,,,,,,,,,,,,,,,,,,,,,,,,,,,,,,,,,,,,,,,,,,,,,,,,,,,,,,,,,,,,,,,,,,,,,,,,,,,,,,,,BulkSheetVersion=V2
,CONSIDERATION,Bizilla Organic Inventory,PAUSED,,10.00,,,YES,,,,,,America/New_York,,,,,All Products,,,,,,STANDARD,CBO,PAUSED,,0.10,,,,,,,,,,,,,,,AUTOMATIC,,,,[US],,,,[All],[ALL],,,,[All],,,,,,,,,,,,,https://i.etsystatic.com/37058139/r/il/891f47/7853132891/il_fullxfull.7853132891_pahj.jpg,DIY Workbench Plans with Drawers | Modular Work Table for Garage | Garage Work Bench Blueprints | Wo,"Build the Ultimate Modular Workbench & Storage System!  Transform your garage, workshop, or craft room with these highly versatile DIY Workbench Plans. This brilliant modular design allows you to build a single heavy-duty unit with a spacious drawer and lower shelf, or build multiple units and place them side-by-side to create a massive, custom-length woodworking table with shelves!  Whether you need a compact DIY craft workbench, a dedicated tool station, or a full-wall garage work bench, this ",https://www.etsy.com/search?q=DIY%20Workbench%20Plans%20with%20Drawers%20%7C%20Modular%20Work%20Table%20for%20Garage%20%7C%20Garage%20Work%20Bench%20Blueprints%20%7C%20Woodworking%20Table%20with%20Shelves%20Bizilla,,,PAUSED,,STATIC,DIY Workbench Plans with Drawers | Modular Work Table for Garage | Garage Work Bench Blueprints | Woodworking Table with Shelves,https://www.etsy.com/search?q=DIY%20Workbench%20Plans%20with%20Drawers%20%7C%20Modular%20Work%20Table%20for%20Garage%20%7C%20Garage%20Work%20Bench%20Blueprints%20%7C%20Woodworking%20Table%20with%20Shelves%20Bizilla,,,,,,,,,,,,,,,,,,,,,,,,,,,,,,,,,,,,,,,,,,,,,,,,,,,,,,,,,,,,,,,,,,,,,,,,,,,,,,,,,,BulkSheetVersion=V2
,CONSIDERATION,Bizilla Organic Inventory,PAUSED,,10.00,,,YES,,,,,,America/New_York,,,,,All Products,,,,,,STANDARD,CBO,PAUSED,,0.10,,,,,,,,,,,,,,,AUTOMATIC,,,,[US],,,,[All],[ALL],,,,[All],,,,,,,,,,,,,https://i.etsystatic.com/37058139/r/il/06a2ad/7989694797/il_fullxfull.7989694797_b1n5.jpg,DIY Log Cabin Birdhouse Plans PDF | Large Bird Box Woodworking Blueprint | Fancy Birdhouse Plans to ,"Build Your Own Rustic Garden Retreat: DIY Log Cabin Birdhouse Plans!  100% Satisfaction & Money-Back Guarantee!  We are so confident that you will love building this project that we offer a 100% money-back guarantee. If you are not completely satisfied with these plans for any reason, we will refund your purchase—no questions asked! Plus, if you need any help or have questions during the build, we are always here to provide full support and guidance via Etsy messages.  About This Build  Invite b",https://www.etsy.com/search?q=DIY%20Log%20Cabin%20Birdhouse%20Plans%20PDF%20%7C%20Large%20Bird%20Box%20Woodworking%20Blueprint%20%7C%20Fancy%20Birdhouse%20Plans%20to%20Build%20Bizilla,,,PAUSED,,STATIC,DIY Log Cabin Birdhouse Plans PDF | Large Bird Box Woodworking Blueprint | Fancy Birdhouse Plans to Build,https://www.etsy.com/search?q=DIY%20Log%20Cabin%20Birdhouse%20Plans%20PDF%20%7C%20Large%20Bird%20Box%20Woodworking%20Blueprint%20%7C%20Fancy%20Birdhouse%20Plans%20to%20Build%20Bizilla,,,,,,,,,,,,,,,,,,,,,,,,,,,,,,,,,,,,,,,,,,,,,,,,,,,,,,,,,,,,,,,,,,,,,,,,,,,,,,,,,,BulkSheetVersion=V2
,CONSIDERATION,Bizilla Organic Inventory,PAUSED,,10.00,,,YES,,,,,,America/New_York,,,,,All Products,,,,,,STANDARD,CBO,PAUSED,,0.10,,,,,,,,,,,,,,,AUTOMATIC,,,,[US],,,,[All],[ALL],,,,[All],,,,,,,,,,,,,https://i.etsystatic.com/37058139/r/il/f63239/7989741369/il_fullxfull.7989741369_6dbr.jpg,DIY Compost Bin Plans PDF | Dual Chamber Wooden Composter Blueprint | 2-Bay Garden Compost Box | Yar,"Build the Ultimate Dual-Chamber Compost Bin for Your Garden!  100% Satisfaction & Money-Back Guarantee!  We are so confident that you will love building this project that we offer a 100% money-back guarantee. If you are not completely satisfied with these plans for any reason, we will refund your purchase—no questions asked! Plus, if you need any help or have questions during the build, we are always here to provide full support and guidance via Etsy messages.  About This Build  Take your garden",https://www.etsy.com/search?q=DIY%20Compost%20Bin%20Plans%20PDF%20%7C%20Dual%20Chamber%20Wooden%20Composter%20Blueprint%20%7C%202-Bay%20Garden%20Compost%20Box%20%7C%20Yard%20Waste%20Bin%20Woodworking%20Project%20Bizilla,,,PAUSED,,STATIC,DIY Compost Bin Plans PDF | Dual Chamber Wooden Composter Blueprint | 2-Bay Garden Compost Box | Yard Waste Bin Woodworking Proj,https://www.etsy.com/search?q=DIY%20Compost%20Bin%20Plans%20PDF%20%7C%20Dual%20Chamber%20Wooden%20Composter%20Blueprint%20%7C%202-Bay%20Garden%20Compost%20Box%20%7C%20Yard%20Waste%20Bin%20Woodworking%20Project%20Bizilla,,,,,,,,,,,,,,,,,,,,,,,,,,,,,,,,,,,,,,,,,,,,,,,,,,,,,,,,,,,,,,,,,,,,,,,,,,,,,,,,,,BulkSheetVersion=V2
,CONSIDERATION,Bizilla Organic Inventory,PAUSED,,10.00,,,YES,,,,,,America/New_York,,,,,All Products,,,,,,STANDARD,CBO,PAUSED,,0.10,,,,,,,,,,,,,,,AUTOMATIC,,,,[US],,,,[All],[ALL],,,,[All],,,,,,,,,,,,,https://i.etsystatic.com/37058139/r/il/9da9cf/7853162515/il_fullxfull.7853162515_h0en.jpg,DIY Shoe Rack Plans PDF | Building Plans Shoe Cabinet | Wooden Shoe Storage Blueprint | Modular Shoe,"Build the Ultimate Entryway Organizer & Shoe Cabinet!  Tired of entryway clutter? Transform your home organization with these comprehensive DIY Shoe Rack Plans. This isn't just a simple rack; it is a premium piece of furniture featuring elegant curved open shelving for your everyday footwear, plus a built-in side cabinet and drawers to hide away boots, accessories, or out-of-season shoes.  Whether you are looking for highly detailed shoe rack wood working plans to upgrade your mudroom or a styli",https://www.etsy.com/search?q=DIY%20Shoe%20Rack%20Plans%20PDF%20%7C%20Building%20Plans%20Shoe%20Cabinet%20%7C%20Wooden%20Shoe%20Storage%20Blueprint%20%7C%20Modular%20Shoe%20Rack%20%7C%20Plywood%20Shoe%20Shelf%20Plan%20Bizilla,,,PAUSED,,STATIC,DIY Shoe Rack Plans PDF | Building Plans Shoe Cabinet | Wooden Shoe Storage Blueprint | Modular Shoe Rack | Plywood Shoe Shelf P,https://www.etsy.com/search?q=DIY%20Shoe%20Rack%20Plans%20PDF%20%7C%20Building%20Plans%20Shoe%20Cabinet%20%7C%20Wooden%20Shoe%20Storage%20Blueprint%20%7C%20Modular%20Shoe%20Rack%20%7C%20Plywood%20Shoe%20Shelf%20Plan%20Bizilla,,,,,,,,,,,,,,,,,,,,,,,,,,,,,,,,,,,,,,,,,,,,,,,,,,,,,,,,,,,,,,,,,,,,,,,,,,,,,,,,,,BulkSheetVersion=V2
,CONSIDERATION,Bizilla Organic Inventory,PAUSED,,10.00,,,YES,,,,,,America/New_York,,,,,All Products,,,,,,STANDARD,CBO,PAUSED,,0.10,,,,,,,,,,,,,,,AUTOMATIC,,,,[US],,,,[All],[ALL],,,,[All],,,,,,,,,,,,,https://i.etsystatic.com/37058139/r/il/288c29/7853089971/il_fullxfull.7853089971_58y4.jpg,DIY Outdoor Table Plans | Large Farmhouse Table | Tall Table Plans PDF | 9ft Dining Table Blueprints,"Build a Stunning Large-Scale Outdoor Farmhouse Table!  Host the ultimate backyard barbecues and outdoor dinners with this massive DIY Outdoor Table Plan! Designed to impress, this sturdy, slat-top table features a classic trestle base and a slightly elevated profile, making it a perfect fit for those searching for tall table plans or bar height farmhouse designs.  At nearly 9 feet long, this blueprint rivals expensive 10ft table plans and provides plenty of seating for large families or entertai",https://www.etsy.com/search?q=DIY%20Outdoor%20Table%20Plans%20%7C%20Large%20Farmhouse%20Table%20%7C%20Tall%20Table%20Plans%20PDF%20%7C%209ft%20Dining%20Table%20Blueprints%20%7C%20Barn%20Table%20Plans%20Woodworking%20Bizilla,,,PAUSED,,STATIC,DIY Outdoor Table Plans | Large Farmhouse Table | Tall Table Plans PDF | 9ft Dining Table Blueprints | Barn Table Plans Woodwork,https://www.etsy.com/search?q=DIY%20Outdoor%20Table%20Plans%20%7C%20Large%20Farmhouse%20Table%20%7C%20Tall%20Table%20Plans%20PDF%20%7C%209ft%20Dining%20Table%20Blueprints%20%7C%20Barn%20Table%20Plans%20Woodworking%20Bizilla,,,,,,,,,,,,,,,,,,,,,,,,,,,,,,,,,,,,,,,,,,,,,,,,,,,,,,,,,,,,,,,,,,,,,,,,,,,,,,,,,,BulkSheetVersion=V2
,CONSIDERATION,Bizilla Organic Inventory,PAUSED,,10.00,,,YES,,,,,,America/New_York,,,,,All Products,,,,,,STANDARD,CBO,PAUSED,,0.10,,,,,,,,,,,,,,,AUTOMATIC,,,,[US],,,,[All],[ALL],,,,[All],,,,,,,,,,,,,https://i.etsystatic.com/37058139/r/il/b60fc0/7777546754/il_fullxfull.7777546754_3eni.jpg,DIY 2-Story Playhouse Plans | Kids Elevated Backyard Fort Blueprint (PDF Download),"Build the Ultimate Backyard Adventure with DIY 2-Story Playhouse Plans!  Create a magical outdoor space where your kids' imaginations can run wild! Build your own stunning and sturdy outdoor play house with our comprehensive woodworking plans. This impressive two-story design features an enclosed upper clubhouse, a spacious viewing balcony, a fun slide exit, and a shaded lower deck. It is the perfect elevated playhouse project to transform your backyard into a private playground.  Whether you ar",https://www.etsy.com/search?q=DIY%202-Story%20Playhouse%20Plans%20%7C%20Kids%20Elevated%20Backyard%20Fort%20Blueprint%20%28PDF%20Download%29%20Bizilla,,,PAUSED,,STATIC,DIY 2-Story Playhouse Plans | Kids Elevated Backyard Fort Blueprint (PDF Download),https://www.etsy.com/search?q=DIY%202-Story%20Playhouse%20Plans%20%7C%20Kids%20Elevated%20Backyard%20Fort%20Blueprint%20%28PDF%20Download%29%20Bizilla,,,,,,,,,,,,,,,,,,,,,,,,,,,,,,,,,,,,,,,,,,,,,,,,,,,,,,,,,,,,,,,,,,,,,,,,,,,,,,,,,,BulkSheetVersion=V2
,CONSIDERATION,Bizilla Organic Inventory,PAUSED,,10.00,,,YES,,,,,,America/New_York,,,,,All Products,,,,,,STANDARD,CBO,PAUSED,,0.10,,,,,,,,,,,,,,,AUTOMATIC,,,,[US],,,,[All],[ALL],,,,[All],,,,,,,,,,,,,https://i.etsystatic.com/37058139/r/il/e55b78/7989225573/il_fullxfull.7989225573_boui.jpg,DIY Carpenter Bee Trap Plans PDF | Flat Roof Wood Bee | Mason Jar Insect Trap | Wooden Bumble Bee Tr,"[The Hook & Support Promise]  Protect your outdoor spaces from destructive wood-boring bees with our simple and highly effective DIY Carpenter Bee Trap Plans! This compact, flat-roof design is a fantastic, beginner-friendly woodworking project. Need assistance while building? We are always here to help! We provide full, ongoing support via Etsy messages to answer any questions and guide you through the process.  [About This Build]  Say goodbye to chemical sprays and hello to a natural, long-last",https://www.etsy.com/search?q=DIY%20Carpenter%20Bee%20Trap%20Plans%20PDF%20%7C%20Flat%20Roof%20Wood%20Bee%20%7C%20Mason%20Jar%20Insect%20Trap%20%7C%20Wooden%20Bumble%20Bee%20Trap%20for%20Outside%20Bizilla,,,PAUSED,,STATIC,DIY Carpenter Bee Trap Plans PDF | Flat Roof Wood Bee | Mason Jar Insect Trap | Wooden Bumble Bee Trap for Outside,https://www.etsy.com/search?q=DIY%20Carpenter%20Bee%20Trap%20Plans%20PDF%20%7C%20Flat%20Roof%20Wood%20Bee%20%7C%20Mason%20Jar%20Insect%20Trap%20%7C%20Wooden%20Bumble%20Bee%20Trap%20for%20Outside%20Bizilla,,,,,,,,,,,,,,,,,,,,,,,,,,,,,,,,,,,,,,,,,,,,,,,,,,,,,,,,,,,,,,,,,,,,,,,,,,,,,,,,,,BulkSheetVersion=V2
,CONSIDERATION,Bizilla Organic Inventory,PAUSED,,10.00,,,YES,,,,,,America/New_York,,,,,All Products,,,,,,STANDARD,CBO,PAUSED,,0.10,,,,,,,,,,,,,,,AUTOMATIC,,,,[US],,,,[All],[ALL],,,,[All],,,,,,,,,,,,,https://i.etsystatic.com/37058139/r/il/93cdab/7284412563/il_fullxfull.7284412563_8ogt.jpg,DIY Foldable Checkout Stand Plans: Portable Plywood Design (PDF Pattern),"🛒 Mobile Wooden Portable Sales Stand | Modern Plywood Design  Introduction: Engineered for the Perfect Brand Experience  Are you looking for a flexible trade show booth, a distinctive pop-up shop, or a high-impact product display area? Instantly capture your customers' attention with our impressive, functional, and modern Mobile Portable Sales Stand!  Constructed from high-quality natural-tone plywood, this stand is designed to tell your brand's story while providing you with maximum efficiency ",https://www.etsy.com/search?q=DIY%20Foldable%20Checkout%20Stand%20Plans%3A%20Portable%20Plywood%20Design%20%28PDF%20Pattern%29%20Bizilla,,,PAUSED,,STATIC,DIY Foldable Checkout Stand Plans: Portable Plywood Design (PDF Pattern),https://www.etsy.com/search?q=DIY%20Foldable%20Checkout%20Stand%20Plans%3A%20Portable%20Plywood%20Design%20%28PDF%20Pattern%29%20Bizilla,,,,,,,,,,,,,,,,,,,,,,,,,,,,,,,,,,,,,,,,,,,,,,,,,,,,,,,,,,,,,,,,,,,,,,,,,,,,,,,,,,BulkSheetVersion=V2
,CONSIDERATION,Bizilla Organic Inventory,PAUSED,,10.00,,,YES,,,,,,America/New_York,,,,,All Products,,,,,,STANDARD,CBO,PAUSED,,0.10,,,,,,,,,,,,,,,AUTOMATIC,,,,[US],,,,[All],[ALL],,,,[All],,,,,,,,,,,,,https://i.etsystatic.com/37058139/r/il/3bf8b5/7825494443/il_fullxfull.7825494443_7yt4.jpg,Raised Chicken Coop Plans for 6-8 Chickens | Cabin Style Hen House Blueprint (PDF),"Build a Safe and Beautiful Home for Your Flock with DIY Chicken Coop Plans!  Ready to start your backyard homesteading journey? Build the ultimate safe haven for your flock with our comprehensive DIY chicken coop plans. This beautiful, cabin-style raised coop is designed to comfortably house 6 to 8 chickens. It features easy-access nesting boxes for gathering eggs, large double front doors for effortless cleaning, and an elevated design that provides a shaded run area underneath while keeping yo",https://www.etsy.com/search?q=Raised%20Chicken%20Coop%20Plans%20for%206-8%20Chickens%20%7C%20Cabin%20Style%20Hen%20House%20Blueprint%20%28PDF%29%20Bizilla,,,PAUSED,,STATIC,Raised Chicken Coop Plans for 6-8 Chickens | Cabin Style Hen House Blueprint (PDF),https://www.etsy.com/search?q=Raised%20Chicken%20Coop%20Plans%20for%206-8%20Chickens%20%7C%20Cabin%20Style%20Hen%20House%20Blueprint%20%28PDF%29%20Bizilla,,,,,,,,,,,,,,,,,,,,,,,,,,,,,,,,,,,,,,,,,,,,,,,,,,,,,,,,,,,,,,,,,,,,,,,,,,,,,,,,,,BulkSheetVersion=V2
,CONSIDERATION,Bizilla Organic Inventory,PAUSED,,10.00,,,YES,,,,,,America/New_York,,,,,All Products,,,,,,STANDARD,CBO,PAUSED,,0.10,,,,,,,,,,,,,,,AUTOMATIC,,,,[US],,,,[All],[ALL],,,,[All],,,,,,,,,,,,,https://i.etsystatic.com/37058139/r/il/49b4a4/7071469565/il_fullxfull.7071469565_7y2x.jpg,"Costco Food Court Sign | Printable Menu, Price Tag (Digital Download)","Bring the Costco Food Court Vibe Home! Craving that classic Costco experience? Now you can bring the fun and deliciousness of the Costco Food Court right to your own space with our collection of digital download and printable signs! Perfect for parties, home decor, or just a bit of everyday fun, these items are designed to capture that iconic Costco charm.  What's Included: Costco Food Court Sign 18x24: Get the full Costco Food Court experience with this large, eye-catching sign! Perfect for set",https://www.etsy.com/search?q=Costco%20Food%20Court%20Sign%20%7C%20Printable%20Menu%2C%20Price%20Tag%20%28Digital%20Download%29%20Bizilla,,,PAUSED,,STATIC,"Costco Food Court Sign | Printable Menu, Price Tag (Digital Download)",https://www.etsy.com/search?q=Costco%20Food%20Court%20Sign%20%7C%20Printable%20Menu%2C%20Price%20Tag%20%28Digital%20Download%29%20Bizilla,,,,,,,,,,,,,,,,,,,,,,,,,,,,,,,,,,,,,,,,,,,,,,,,,,,,,,,,,,,,,,,,,,,,,,,,,,,,,,,,,,BulkSheetVersion=V2
,CONSIDERATION,Bizilla Organic Inventory,PAUSED,,10.00,,,YES,,,,,,America/New_York,,,,,All Products,,,,,,STANDARD,CBO,PAUSED,,0.10,,,,,,,,,,,,,,,AUTOMATIC,,,,[US],,,,[All],[ALL],,,,[All],,,,,,,,,,,,,https://i.etsystatic.com/37058139/r/il/b0af91/7825290819/il_fullxfull.7825290819_46i2.jpg,Mid-Century Modern Bookshelf Plans | Geometric Wood Bookcase Blueprint (Digital Download),"Add Mid-Century Modern Charm to Your Home with DIY Geometric Bookshelf Plans!  Looking for a unique way to display your books, plants, and decor? Build your own stunning piece of furniture with our comprehensive bookshelf plans woodworking guide. This modern, asymmetrical design features open cubical spaces and stylish angled legs, making it the perfect standing bookcase for your living room, home office, or bedroom.  Whether you are searching for a pattern for bookshelf to challenge your DIY sk",https://www.etsy.com/search?q=Mid-Century%20Modern%20Bookshelf%20Plans%20%7C%20Geometric%20Wood%20Bookcase%20Blueprint%20%28Digital%20Download%29%20Bizilla,,,PAUSED,,STATIC,Mid-Century Modern Bookshelf Plans | Geometric Wood Bookcase Blueprint (Digital Download),https://www.etsy.com/search?q=Mid-Century%20Modern%20Bookshelf%20Plans%20%7C%20Geometric%20Wood%20Bookcase%20Blueprint%20%28Digital%20Download%29%20Bizilla,,,,,,,,,,,,,,,,,,,,,,,,,,,,,,,,,,,,,,,,,,,,,,,,,,,,,,,,,,,,,,,,,,,,,,,,,,,,,,,,,,BulkSheetVersion=V2
,CONSIDERATION,Bizilla Organic Inventory,PAUSED,,10.00,,,YES,,,,,,America/New_York,,,,,All Products,,,,,,STANDARD,CBO,PAUSED,,0.10,,,,,,,,,,,,,,,AUTOMATIC,,,,[US],,,,[All],[ALL],,,,[All],,,,,,,,,,,,,https://i.etsystatic.com/37058139/r/il/ee7bd9/7193098367/il_fullxfull.7193098367_eyey.jpg,Candy Cart DIY Plan PDF | İce Cream Cart | Dessert Cart | Wedding Sweet Table Cart | Collapsible Woo,"Rustic Charm for Your Special Day: The Collapsible Wedding & Event Cart  Bring a touch of timeless elegance to your next celebration with our handcrafted wooden sweet cart. Perfect for weddings, parties, birthdays, and corporate events, this versatile cart isn't just a piece of decor—it's a focal point that will charm your guests and create unforgettable memories.  Designed for Convenience and Style Our Collapsible Wooden Sweet Bar for Sale is the perfect blend of classic charm and modern functi",https://www.etsy.com/search?q=Candy%20Cart%20DIY%20Plan%20PDF%20%7C%20%C4%B0ce%20Cream%20Cart%20%7C%20Dessert%20Cart%20%7C%20Wedding%20Sweet%20Table%20Cart%20%7C%20Collapsible%20Wooden%20Sweet%20Bar%20for%20Sale%2C%20Party%20Treat%20Cart%20Bizilla,,,PAUSED,,STATIC,"Candy Cart DIY Plan PDF | İce Cream Cart | Dessert Cart | Wedding Sweet Table Cart | Collapsible Wooden Sweet Bar for Sale, Part",https://www.etsy.com/search?q=Candy%20Cart%20DIY%20Plan%20PDF%20%7C%20%C4%B0ce%20Cream%20Cart%20%7C%20Dessert%20Cart%20%7C%20Wedding%20Sweet%20Table%20Cart%20%7C%20Collapsible%20Wooden%20Sweet%20Bar%20for%20Sale%2C%20Party%20Treat%20Cart%20Bizilla,,,,,,,,,,,,,,,,,,,,,,,,,,,,,,,,,,,,,,,,,,,,,,,,,,,,,,,,,,,,,,,,,,,,,,,,,,,,,,,,,,BulkSheetVersion=V2
,CONSIDERATION,Bizilla Organic Inventory,PAUSED,,10.00,,,YES,,,,,,America/New_York,,,,,All Products,,,,,,STANDARD,CBO,PAUSED,,0.10,,,,,,,,,,,,,,,AUTOMATIC,,,,[US],,,,[All],[ALL],,,,[All],,,,,,,,,,,,,https://i.etsystatic.com/37058139/r/il/29bdd6/7210204963/il_fullxfull.7210204963_nex5.jpg,DIY Mobile Bar Cart | Coffee Cart | Custom Food Cart Plan PDF | Wedding Cart | Collapsible Beverage ,"DIY Mobile Bar Cart Plans: The Ultimate Collapsible Vendor Cart Blueprint  Ready to create the perfect centerpiece for your next event? This is not just a plan; it's your ticket to building a beautiful, professional-grade mobile bar or vendor cart. Our meticulously designed, step-by-step PDF guide gives you everything you need to bring this elegant and modern design to life. Imagine effortlessly serving guests from a stunning, custom-built cart that perfectly fits your unique style.  Unmatched C",https://www.etsy.com/search?q=DIY%20Mobile%20Bar%20Cart%20%7C%20Coffee%20Cart%20%7C%20Custom%20Food%20Cart%20Plan%20PDF%20%7C%20Wedding%20Cart%20%7C%20Collapsible%20Beverage%20Cart%20%7C%20Vendor%20Cart%20%7C%20Foldable%20Bar%20Cart%20Bizilla,,,PAUSED,,STATIC,DIY Mobile Bar Cart | Coffee Cart | Custom Food Cart Plan PDF | Wedding Cart | Collapsible Beverage Cart | Vendor Cart | Foldabl,https://www.etsy.com/search?q=DIY%20Mobile%20Bar%20Cart%20%7C%20Coffee%20Cart%20%7C%20Custom%20Food%20Cart%20Plan%20PDF%20%7C%20Wedding%20Cart%20%7C%20Collapsible%20Beverage%20Cart%20%7C%20Vendor%20Cart%20%7C%20Foldable%20Bar%20Cart%20Bizilla,,,,,,,,,,,,,,,,,,,,,,,,,,,,,,,,,,,,,,,,,,,,,,,,,,,,,,,,,,,,,,,,,,,,,,,,,,,,,,,,,,BulkSheetVersion=V2
,CONSIDERATION,Bizilla Organic Inventory,PAUSED,,10.00,,,YES,,,,,,America/New_York,,,,,All Products,,,,,,STANDARD,CBO,PAUSED,,0.10,,,,,,,,,,,,,,,AUTOMATIC,,,,[US],,,,[All],[ALL],,,,[All],,,,,,,,,,,,,https://i.etsystatic.com/37058139/r/il/4bfa3f/7739894696/il_fullxfull.7739894696_bzzg.jpg,Mid Century Modern TV Console Plans | Slatted Doors Woodworking PDF,"Why settle for flimsy, store-bought particleboard when you can build a stunning custom centerpiece? If you love the warm, retro aesthetic, these TV console stand DIY plans are exactly what you need. This comprehensive modern TV stand PDF guides you through creating a beautiful, high-quality piece of mid century furniture that looks like it came straight out of a high-end designer showroom. Featuring iconic angled legs and gorgeous slatted sliding doors, this 70s inspired entertainment stand effo",https://www.etsy.com/search?q=Mid%20Century%20Modern%20TV%20Console%20Plans%20%7C%20Slatted%20Doors%20Woodworking%20PDF%20Bizilla,,,PAUSED,,STATIC,Mid Century Modern TV Console Plans | Slatted Doors Woodworking PDF,https://www.etsy.com/search?q=Mid%20Century%20Modern%20TV%20Console%20Plans%20%7C%20Slatted%20Doors%20Woodworking%20PDF%20Bizilla,,,,,,,,,,,,,,,,,,,,,,,,,,,,,,,,,,,,,,,,,,,,,,,,,,,,,,,,,,,,,,,,,,,,,,,,,,,,,,,,,,BulkSheetVersion=V2
,CONSIDERATION,Bizilla Organic Inventory,PAUSED,,10.00,,,YES,,,,,,America/New_York,,,,,All Products,,,,,,STANDARD,CBO,PAUSED,,0.10,,,,,,,,,,,,,,,AUTOMATIC,,,,[US],,,,[All],[ALL],,,,[All],,,,,,,,,,,,,https://i.etsystatic.com/37058139/r/il/b35185/7154191940/il_fullxfull.7154191940_58x5.jpg,"DIY Bookcase Plans PDF | Easy-to-Build Wooden Bookshelf, Wall Shelf Project | Minimalist Mid-Century","Unlock your inner craftsman and build a stunning piece of furniture for your home. This comprehensive PDF plan provides everything you need to construct a beautiful, modern bookcase yourself, saving you money and giving you the satisfaction of a handmade project. Our easy-to-follow guide takes the guesswork out of building, making it a perfect project for DIYers of all skill levels.  What's Included in Your Digital Download? This detailed PDF is packed with all the information you'll need to tur",https://www.etsy.com/search?q=DIY%20Bookcase%20Plans%20PDF%20%7C%20Easy-to-Build%20Wooden%20Bookshelf%2C%20Wall%20Shelf%20Project%20%7C%20Minimalist%20Mid-Century%20Furniture%20Bizilla,,,PAUSED,,STATIC,"DIY Bookcase Plans PDF | Easy-to-Build Wooden Bookshelf, Wall Shelf Project | Minimalist Mid-Century Furniture",https://www.etsy.com/search?q=DIY%20Bookcase%20Plans%20PDF%20%7C%20Easy-to-Build%20Wooden%20Bookshelf%2C%20Wall%20Shelf%20Project%20%7C%20Minimalist%20Mid-Century%20Furniture%20Bizilla,,,,,,,,,,,,,,,,,,,,,,,,,,,,,,,,,,,,,,,,,,,,,,,,,,,,,,,,,,,,,,,,,,,,,,,,,,,,,,,,,,BulkSheetVersion=V2
,CONSIDERATION,Bizilla Organic Inventory,PAUSED,,10.00,,,YES,,,,,,America/New_York,,,,,All Products,,,,,,STANDARD,CBO,PAUSED,,0.10,,,,,,,,,,,,,,,AUTOMATIC,,,,[US],,,,[All],[ALL],,,,[All],,,,,,,,,,,,,https://i.etsystatic.com/37058139/r/il/944f37/7852894247/il_fullxfull.7852894247_lgbg.jpg,DIY Flag Retirement Box Plans | American Flag Drop Box Woodworking PDF | Veteran Memorial Collection,"Build a Respectful & Sturdy Flag Retirement Drop Box!  Looking for a meaningful woodworking project? This comprehensive DIY Flag Retirement Box Plan provides everything you need to build a dedicated, weather-resistant outdoor collection box for the respectful disposal of worn American flags. Perfect for Eagle Scout projects, local VFW posts, fire stations, or community centers.  While many search for an American Flag Storage Box or Flag Display Boxes for indoors, this large-scale structure is de",https://www.etsy.com/search?q=DIY%20Flag%20Retirement%20Box%20Plans%20%7C%20American%20Flag%20Drop%20Box%20Woodworking%20PDF%20%7C%20Veteran%20Memorial%20Collection%20Blueprint%20%7C%20Patriotic%20Wood%20Box%20Template%20Bizilla,,,PAUSED,,STATIC,DIY Flag Retirement Box Plans | American Flag Drop Box Woodworking PDF | Veteran Memorial Collection Blueprint | Patriotic Wood ,https://www.etsy.com/search?q=DIY%20Flag%20Retirement%20Box%20Plans%20%7C%20American%20Flag%20Drop%20Box%20Woodworking%20PDF%20%7C%20Veteran%20Memorial%20Collection%20Blueprint%20%7C%20Patriotic%20Wood%20Box%20Template%20Bizilla,,,,,,,,,,,,,,,,,,,,,,,,,,,,,,,,,,,,,,,,,,,,,,,,,,,,,,,,,,,,,,,,,,,,,,,,,,,,,,,,,,BulkSheetVersion=V2
,CONSIDERATION,Bizilla Organic Inventory,PAUSED,,10.00,,,YES,,,,,,America/New_York,,,,,All Products,,,,,,STANDARD,CBO,PAUSED,,0.10,,,,,,,,,,,,,,,AUTOMATIC,,,,[US],,,,[All],[ALL],,,,[All],,,,,,,,,,,,,https://i.etsystatic.com/37058139/r/il/31aa69/7241756456/il_fullxfull.7241756456_fhqp.jpg,Mobile Lumber Storage Cart DIY Plan: Scrapwood Organizer (PDF),"✨ The Ultimate Workshop Upgrade: Mobile Lumber Storage Cart DIY Plan  Tired of the Lumber Chaos? Reclaim your workspace and revolutionize your organization with this expertly designed DIY Mobile Lumber Cart Plan! This isn't just a blueprint; it's your ticket to a cleaner, more efficient, and professional-looking wood workshop. Stop tripping over scraps and start building!  🌟 Why This Plan is a Must-Have for Every Woodworker:  Massive Storage, Small Footprint: Our ingenious vertical design allows",https://www.etsy.com/search?q=Mobile%20Lumber%20Storage%20Cart%20DIY%20Plan%3A%20Scrapwood%20Organizer%20%28PDF%29%20Bizilla,,,PAUSED,,STATIC,Mobile Lumber Storage Cart DIY Plan: Scrapwood Organizer (PDF),https://www.etsy.com/search?q=Mobile%20Lumber%20Storage%20Cart%20DIY%20Plan%3A%20Scrapwood%20Organizer%20%28PDF%29%20Bizilla,,,,,,,,,,,,,,,,,,,,,,,,,,,,,,,,,,,,,,,,,,,,,,,,,,,,,,,,,,,,,,,,,,,,,,,,,,,,,,,,,,BulkSheetVersion=V2
,CONSIDERATION,Bizilla Organic Inventory,PAUSED,,10.00,,,YES,,,,,,America/New_York,,,,,All Products,,,,,,STANDARD,CBO,PAUSED,,0.10,,,,,,,,,,,,,,,AUTOMATIC,,,,[US],,,,[All],[ALL],,,,[All],,,,,,,,,,,,,https://i.etsystatic.com/37058139/r/il/4dda19/7147756308/il_fullxfull.7147756308_hokk.jpg,"Coffee Cart Plans | Portable Espresso Bar Blueprint | DIY Collapsible Mobile Coffee, Drink Vendor Ca","DIY Mobile Bar Cart Plans: The Ultimate Collapsible Vendor Cart Blueprint  Ready to create the perfect centerpiece for your next event? This is not just a plan; it's your ticket to building a beautiful, professional-grade mobile bar or vendor cart. Our meticulously designed, step-by-step PDF guide gives you everything you need to bring this elegant and modern design to life. Imagine effortlessly serving guests from a stunning, custom-built cart that perfectly fits your unique style.  Unmatched C",https://www.etsy.com/search?q=Coffee%20Cart%20Plans%20%7C%20Portable%20Espresso%20Bar%20Blueprint%20%7C%20DIY%20Collapsible%20Mobile%20Coffee%2C%20Drink%20Vendor%20Cart%20Design%20Bizilla,,,PAUSED,,STATIC,"Coffee Cart Plans | Portable Espresso Bar Blueprint | DIY Collapsible Mobile Coffee, Drink Vendor Cart Design",https://www.etsy.com/search?q=Coffee%20Cart%20Plans%20%7C%20Portable%20Espresso%20Bar%20Blueprint%20%7C%20DIY%20Collapsible%20Mobile%20Coffee%2C%20Drink%20Vendor%20Cart%20Design%20Bizilla,,,,,,,,,,,,,,,,,,,,,,,,,,,,,,,,,,,,,,,,,,,,,,,,,,,,,,,,,,,,,,,,,,,,,,,,,,,,,,,,,,BulkSheetVersion=V2
,CONSIDERATION,Bizilla Organic Inventory,PAUSED,,10.00,,,YES,,,,,,America/New_York,,,,,All Products,,,,,,STANDARD,CBO,PAUSED,,0.10,,,,,,,,,,,,,,,AUTOMATIC,,,,[US],,,,[All],[ALL],,,,[All],,,,,,,,,,,,,https://i.etsystatic.com/37058139/r/il/069f1f/7289733619/il_fullxfull.7289733619_2l96.jpg,Work Bench With Storage DIY Plan | Garage Workbench and Woodworking Table with Shelves - Custom Stat,"Build Your Ultimate Workshop: Heavy-Duty Workbench DIY Plan Stop looking at messy spaces and start building! These professional, easy-to-follow plans are your blueprint to constructing the Ultimate Work Bench with Storage—the centerpiece every serious workshop deserves. Say goodbye to clutter and hello to efficient, organized crafting.  Workbench Features That Set You Up For Success This isn't just a table; it's a custom stationary workstation designed for durability, storage, and comfort.  Mass",https://www.etsy.com/search?q=Work%20Bench%20With%20Storage%20DIY%20Plan%20%7C%20Garage%20Workbench%20and%20Woodworking%20Table%20with%20Shelves%20-%20Custom%20Stationary%20Desk%20Plan%20Bizilla,,,PAUSED,,STATIC,Work Bench With Storage DIY Plan | Garage Workbench and Woodworking Table with Shelves - Custom Stationary Desk Plan,https://www.etsy.com/search?q=Work%20Bench%20With%20Storage%20DIY%20Plan%20%7C%20Garage%20Workbench%20and%20Woodworking%20Table%20with%20Shelves%20-%20Custom%20Stationary%20Desk%20Plan%20Bizilla,,,,,,,,,,,,,,,,,,,,,,,,,,,,,,,,,,,,,,,,,,,,,,,,,,,,,,,,,,,,,,,,,,,,,,,,,,,,,,,,,,BulkSheetVersion=V2
,CONSIDERATION,Bizilla Organic Inventory,PAUSED,,10.00,,,YES,,,,,,America/New_York,,,,,All Products,,,,,,STANDARD,CBO,PAUSED,,0.10,,,,,,,,,,,,,,,AUTOMATIC,,,,[US],,,,[All],[ALL],,,,[All],,,,,,,,,,,,,https://i.etsystatic.com/37058139/r/il/f16d50/7825382765/il_fullxfull.7825382765_ea8t.jpg,Modern Slatted Planter Bench Plans | Outdoor Seating Blueprint (PDF Download),"Upgrade Your Outdoor Space with a Modern DIY Planter Bench!  Transform your garden, patio, or front porch with our comprehensive planter bench plans. This unique, modern slatted design seamlessly combines a comfortable seating area with an integrated planter box, creating the ultimate planter bench combo diy project. It is the perfect front porch bench and planter to showcase your favorite flowers, ornamental grasses, or herbs while providing a relaxing spot to sit.  Whether you are looking for ",https://www.etsy.com/search?q=Modern%20Slatted%20Planter%20Bench%20Plans%20%7C%20Outdoor%20Seating%20Blueprint%20%28PDF%20Download%29%20Bizilla,,,PAUSED,,STATIC,Modern Slatted Planter Bench Plans | Outdoor Seating Blueprint (PDF Download),https://www.etsy.com/search?q=Modern%20Slatted%20Planter%20Bench%20Plans%20%7C%20Outdoor%20Seating%20Blueprint%20%28PDF%20Download%29%20Bizilla,,,,,,,,,,,,,,,,,,,,,,,,,,,,,,,,,,,,,,,,,,,,,,,,,,,,,,,,,,,,,,,,,,,,,,,,,,,,,,,,,,BulkSheetVersion=V2
,CONSIDERATION,Bizilla Organic Inventory,PAUSED,,10.00,,,YES,,,,,,America/New_York,,,,,All Products,,,,,,STANDARD,CBO,PAUSED,,0.10,,,,,,,,,,,,,,,AUTOMATIC,,,,[US],,,,[All],[ALL],,,,[All],,,,,,,,,,,,,https://i.etsystatic.com/37058139/r/il/cec310/7814618837/il_fullxfull.7814618837_qgfv.jpg,DIY Murphy Desk Plans | Wall Mounted Fold Down Table Blueprint (Digital Download),"Maximize Your Space with Premium DIY Wall Mounted Murphy Desk Plans!  Tired of bulky desks taking up your valuable floor space? Build your own stylish and functional workspace with our comprehensive murphy desk plans. This innovative design features a spacious wall mounted fold down table that easily tucks away when not in use, revealing built-in shelving for your books, decor, or office supplies. It is the ultimate small space solutions project for home offices, bedrooms, or studio apartments. ",https://www.etsy.com/search?q=DIY%20Murphy%20Desk%20Plans%20%7C%20Wall%20Mounted%20Fold%20Down%20Table%20Blueprint%20%28Digital%20Download%29%20Bizilla,,,PAUSED,,STATIC,DIY Murphy Desk Plans | Wall Mounted Fold Down Table Blueprint (Digital Download),https://www.etsy.com/search?q=DIY%20Murphy%20Desk%20Plans%20%7C%20Wall%20Mounted%20Fold%20Down%20Table%20Blueprint%20%28Digital%20Download%29%20Bizilla,,,,,,,,,,,,,,,,,,,,,,,,,,,,,,,,,,,,,,,,,,,,,,,,,,,,,,,,,,,,,,,,,,,,,,,,,,,,,,,,,,BulkSheetVersion=V2
,CONSIDERATION,Bizilla Organic Inventory,PAUSED,,10.00,,,YES,,,,,,America/New_York,,,,,All Products,,,,,,STANDARD,CBO,PAUSED,,0.10,,,,,,,,,,,,,,,AUTOMATIC,,,,[US],,,,[All],[ALL],,,,[All],,,,,,,,,,,,,https://i.etsystatic.com/37058139/r/il/812aa0/7941703038/il_fullxfull.7941703038_n7bg.jpg,DIY Outdoor Hidden Storage Coffee Table Plans PDF | Wooden Deck Box Blueprint | Patio Furniture Wood,"100% Satisfaction & Money-Back Guarantee!  We are so confident that you will love building this project that we offer a 100% money-back guarantee. If you are not completely satisfied with these plans for any reason, we will refund your purchase—no questions asked! Plus, if you need any help or have questions during the build, we are always here to provide full support and guidance via Etsy messages.  About This Build  Upgrade your patio or backyard with this stunning DIY Outdoor Hidden Storage C",https://www.etsy.com/search?q=DIY%20Outdoor%20Hidden%20Storage%20Coffee%20Table%20Plans%20PDF%20%7C%20Wooden%20Deck%20Box%20Blueprint%20%7C%20Patio%20Furniture%20Woodworking%20Build%20Bizilla,,,PAUSED,,STATIC,DIY Outdoor Hidden Storage Coffee Table Plans PDF | Wooden Deck Box Blueprint | Patio Furniture Woodworking Build,https://www.etsy.com/search?q=DIY%20Outdoor%20Hidden%20Storage%20Coffee%20Table%20Plans%20PDF%20%7C%20Wooden%20Deck%20Box%20Blueprint%20%7C%20Patio%20Furniture%20Woodworking%20Build%20Bizilla,,,,,,,,,,,,,,,,,,,,,,,,,,,,,,,,,,,,,,,,,,,,,,,,,,,,,,,,,,,,,,,,,,,,,,,,,,,,,,,,,,BulkSheetVersion=V2
,CONSIDERATION,Bizilla Organic Inventory,PAUSED,,10.00,,,YES,,,,,,America/New_York,,,,,All Products,,,,,,STANDARD,CBO,PAUSED,,0.10,,,,,,,,,,,,,,,AUTOMATIC,,,,[US],,,,[All],[ALL],,,,[All],,,,,,,,,,,,,https://i.etsystatic.com/37058139/r/il/a43b08/7484167462/il_fullxfull.7484167462_buq1.jpg,"DIY Champagne Cart Plans: Mobile Bar, Event Cart Blueprints (Digital Download)","🥂 Build Your Own Elegant Champagne & Event Cart! Create the ultimate focal point for your next event with these comprehensive Champagne Cart Custom Build plans. Whether you are a DIY enthusiast looking to build a beautiful piece for your home, or a rental business owner wanting to add a high-ROI item to your inventory, this design is perfect for you. This isn't just a cart; it’s a statement piece. Designed to be sturdy yet elegant, this Personalized Mobile Bar Cart features a timeless design wit",https://www.etsy.com/search?q=DIY%20Champagne%20Cart%20Plans%3A%20Mobile%20Bar%2C%20Event%20Cart%20Blueprints%20%28Digital%20Download%29%20Bizilla,,,PAUSED,,STATIC,"DIY Champagne Cart Plans: Mobile Bar, Event Cart Blueprints (Digital Download)",https://www.etsy.com/search?q=DIY%20Champagne%20Cart%20Plans%3A%20Mobile%20Bar%2C%20Event%20Cart%20Blueprints%20%28Digital%20Download%29%20Bizilla,,,,,,,,,,,,,,,,,,,,,,,,,,,,,,,,,,,,,,,,,,,,,,,,,,,,,,,,,,,,,,,,,,,,,,,,,,,,,,,,,,BulkSheetVersion=V2
,CONSIDERATION,Bizilla Organic Inventory,PAUSED,,10.00,,,YES,,,,,,America/New_York,,,,,All Products,,,,,,STANDARD,CBO,PAUSED,,0.10,,,,,,,,,,,,,,,AUTOMATIC,,,,[US],,,,[All],[ALL],,,,[All],,,,,,,,,,,,,https://i.etsystatic.com/37058139/r/il/ddbb8a/7484142852/il_fullxfull.7484142852_75az.jpg,Mobile Coffee Cart DIY Plans | Collapsible Barista Station (PDF Download),"☕ Start Your Mobile Coffee Business in Style!  Are you dreaming of launching your own pop-up coffee shop or upgrading your event setup? These Mobile Coffee Cart Build plans are your first step toward success. Designed with a modern, trendy slatted aesthetic, this cart isn't just a workspace; it's a customer magnet. We designed this Coffee Cart Blueprint specifically for entrepreneurs who need flexibility. Whether you are serving espresso at weddings, selling jewelry at craft fairs, or running a ",https://www.etsy.com/search?q=Mobile%20Coffee%20Cart%20DIY%20Plans%20%7C%20Collapsible%20Barista%20Station%20%28PDF%20Download%29%20Bizilla,,,PAUSED,,STATIC,Mobile Coffee Cart DIY Plans | Collapsible Barista Station (PDF Download),https://www.etsy.com/search?q=Mobile%20Coffee%20Cart%20DIY%20Plans%20%7C%20Collapsible%20Barista%20Station%20%28PDF%20Download%29%20Bizilla,,,,,,,,,,,,,,,,,,,,,,,,,,,,,,,,,,,,,,,,,,,,,,,,,,,,,,,,,,,,,,,,,,,,,,,,,,,,,,,,,,BulkSheetVersion=V2
,CONSIDERATION,Bizilla Organic Inventory,PAUSED,,10.00,,,YES,,,,,,America/New_York,,,,,All Products,,,,,,STANDARD,CBO,PAUSED,,0.10,,,,,,,,,,,,,,,AUTOMATIC,,,,[US],,,,[All],[ALL],,,,[All],,,,,,,,,,,,,https://i.etsystatic.com/37058139/r/il/12cbdb/7777045354/il_fullxfull.7777045354_tiqg.jpg,"DIY Outdoor Dining Set Plans | Wooden Patio Table, Chairs Blueprint (Digital Download)","Transform Your Backyard with Premium DIY Outdoor Dining Set Plans!  Get ready to host unforgettable summer barbecues and family dinners! Upgrade your patio, deck, or garden with our comprehensive outdoor dining set plans. This professional blueprint includes step-by-step instructions to build both a stunning, heavy-duty slatted outdoor dining table and perfectly matching, comfortable armchairs.  Whether you are looking for stylish wooden patio table and chairs to complete your outdoor oasis or a",https://www.etsy.com/search?q=DIY%20Outdoor%20Dining%20Set%20Plans%20%7C%20Wooden%20Patio%20Table%2C%20Chairs%20Blueprint%20%28Digital%20Download%29%20Bizilla,,,PAUSED,,STATIC,"DIY Outdoor Dining Set Plans | Wooden Patio Table, Chairs Blueprint (Digital Download)",https://www.etsy.com/search?q=DIY%20Outdoor%20Dining%20Set%20Plans%20%7C%20Wooden%20Patio%20Table%2C%20Chairs%20Blueprint%20%28Digital%20Download%29%20Bizilla,,,,,,,,,,,,,,,,,,,,,,,,,,,,,,,,,,,,,,,,,,,,,,,,,,,,,,,,,,,,,,,,,,,,,,,,,,,,,,,,,,BulkSheetVersion=V2
,CONSIDERATION,Bizilla Organic Inventory,PAUSED,,10.00,,,YES,,,,,,America/New_York,,,,,All Products,,,,,,STANDARD,CBO,PAUSED,,0.10,,,,,,,,,,,,,,,AUTOMATIC,,,,[US],,,,[All],[ALL],,,,[All],,,,,,,,,,,,,https://i.etsystatic.com/37058139/r/il/958265/7097697948/il_fullxfull.7097697948_l7x7.jpg,Floral 90th Birthday Invitation | Photo Keepsake (Digital),"Honor a Milestone: Personalized 90th Birthday Invitation with Photo  Planning a 90th birthday party is a special way to celebrate a life well-lived. Our 90th birthday invitation template is the perfect start to this momentous occasion, whether you're looking for a 90th Birthday Invitation for Men or a special 90th Birthday Invitations for Women. This isn't just a simple invite; it's a keepsake that marks nine decades of life. Our template makes it easy to create a personalized 90th Birthday Invi",https://www.etsy.com/search?q=Floral%2090th%20Birthday%20Invitation%20%7C%20Photo%20Keepsake%20%28Digital%29%20Bizilla,,,PAUSED,,STATIC,Floral 90th Birthday Invitation | Photo Keepsake (Digital),https://www.etsy.com/search?q=Floral%2090th%20Birthday%20Invitation%20%7C%20Photo%20Keepsake%20%28Digital%29%20Bizilla,,,,,,,,,,,,,,,,,,,,,,,,,,,,,,,,,,,,,,,,,,,,,,,,,,,,,,,,,,,,,,,,,,,,,,,,,,,,,,,,,,BulkSheetVersion=V2
,CONSIDERATION,Bizilla Organic Inventory,PAUSED,,10.00,,,YES,,,,,,America/New_York,,,,,All Products,,,,,,STANDARD,CBO,PAUSED,,0.10,,,,,,,,,,,,,,,AUTOMATIC,,,,[US],,,,[All],[ALL],,,,[All],,,,,,,,,,,,,https://i.etsystatic.com/37058139/r/il/6cf08e/7814395781/il_fullxfull.7814395781_9qru.jpg,"Wooden Mini Greenhouse Build Plans, Balcony Garden Cold Frame (Digital Download)","Extend Your Growing Season with Premium DIY Mini Greenhouse Plans!  Ready to protect your plants and grow your own food year-round? Build your own beautiful and functional plant shelter with our comprehensive mini greenhouse build plans. Whether you are looking for a stylish wooden greenhouse for balcony spaces, an indoor greenhouse design, or practical greenhouse plans for porch and patio areas, this versatile lean-to structure is the perfect solution.  Designed to easily attach to an existing ",https://www.etsy.com/search?q=Wooden%20Mini%20Greenhouse%20Build%20Plans%2C%20Balcony%20Garden%20Cold%20Frame%20%28Digital%20Download%29%20Bizilla,,,PAUSED,,STATIC,"Wooden Mini Greenhouse Build Plans, Balcony Garden Cold Frame (Digital Download)",https://www.etsy.com/search?q=Wooden%20Mini%20Greenhouse%20Build%20Plans%2C%20Balcony%20Garden%20Cold%20Frame%20%28Digital%20Download%29%20Bizilla,,,,,,,,,,,,,,,,,,,,,,,,,,,,,,,,,,,,,,,,,,,,,,,,,,,,,,,,,,,,,,,,,,,,,,,,,,,,,,,,,,BulkSheetVersion=V2
,CONSIDERATION,Bizilla Organic Inventory,PAUSED,,10.00,,,YES,,,,,,America/New_York,,,,,All Products,,,,,,STANDARD,CBO,PAUSED,,0.10,,,,,,,,,,,,,,,AUTOMATIC,,,,[US],,,,[All],[ALL],,,,[All],,,,,,,,,,,,,https://i.etsystatic.com/37058139/r/il/c73635/7989788097/il_fullxfull.7989788097_jv8d.jpg,DIY Meditation Table Plans PDF | Wooden Zen Platform Blueprint | Ergonomic Yoga Bench | Slanted Floo,"Build Your Own Tranquil Space with This Ergonomic Zen Meditation Platform!  100% Satisfaction & Money-Back Guarantee!  We are so confident that you will love building this project that we offer a 100% money-back guarantee. If you are not completely satisfied with these plans for any reason, we will refund your purchase—no questions asked! Plus, if you need any help or have questions during the build, we are always here to provide full support and guidance via Etsy messages.  About This Build  Cr",https://www.etsy.com/search?q=DIY%20Meditation%20Table%20Plans%20PDF%20%7C%20Wooden%20Zen%20Platform%20Blueprint%20%7C%20Ergonomic%20Yoga%20Bench%20%7C%20Slanted%20Floor%20Seating%20Stool%20Bizilla,,,PAUSED,,STATIC,DIY Meditation Table Plans PDF | Wooden Zen Platform Blueprint | Ergonomic Yoga Bench | Slanted Floor Seating Stool,https://www.etsy.com/search?q=DIY%20Meditation%20Table%20Plans%20PDF%20%7C%20Wooden%20Zen%20Platform%20Blueprint%20%7C%20Ergonomic%20Yoga%20Bench%20%7C%20Slanted%20Floor%20Seating%20Stool%20Bizilla,,,,,,,,,,,,,,,,,,,,,,,,,,,,,,,,,,,,,,,,,,,,,,,,,,,,,,,,,,,,,,,,,,,,,,,,,,,,,,,,,,BulkSheetVersion=V2
,CONSIDERATION,Bizilla Organic Inventory,PAUSED,,10.00,,,YES,,,,,,America/New_York,,,,,All Products,,,,,,STANDARD,CBO,PAUSED,,0.10,,,,,,,,,,,,,,,AUTOMATIC,,,,[US],,,,[All],[ALL],,,,[All],,,,,,,,,,,,,https://i.etsystatic.com/37058139/r/il/723f59/7941822954/il_fullxfull.7941822954_1zmr.jpg,DIY Mobile Jigsaw Station Plans PDF | Rolling Workbench Tool Cart Blueprint | Woodworking Shop Cart ,"Build the Perfect Mobile Workstation for Your Tools!  100% Satisfaction & Money-Back Guarantee!  We are so confident that you will love building this project that we offer a 100% money-back guarantee. If you are not completely satisfied with these plans for any reason, we will refund your purchase—no questions asked! Plus, if you need any help or have questions during the build, we are always here to provide full support and guidance via Etsy messages.  About This Build  Take your workshop organ",https://www.etsy.com/search?q=DIY%20Mobile%20Jigsaw%20Station%20Plans%20PDF%20%7C%20Rolling%20Workbench%20Tool%20Cart%20Blueprint%20%7C%20Woodworking%20Shop%20Cart%20%7C%20Portable%20Power%20Tool%20Stand%20Bizilla,,,PAUSED,,STATIC,DIY Mobile Jigsaw Station Plans PDF | Rolling Workbench Tool Cart Blueprint | Woodworking Shop Cart | Portable Power Tool Stand,https://www.etsy.com/search?q=DIY%20Mobile%20Jigsaw%20Station%20Plans%20PDF%20%7C%20Rolling%20Workbench%20Tool%20Cart%20Blueprint%20%7C%20Woodworking%20Shop%20Cart%20%7C%20Portable%20Power%20Tool%20Stand%20Bizilla,,,,,,,,,,,,,,,,,,,,,,,,,,,,,,,,,,,,,,,,,,,,,,,,,,,,,,,,,,,,,,,,,,,,,,,,,,,,,,,,,,BulkSheetVersion=V2
,CONSIDERATION,Bizilla Organic Inventory,PAUSED,,10.00,,,YES,,,,,,America/New_York,,,,,All Products,,,,,,STANDARD,CBO,PAUSED,,0.10,,,,,,,,,,,,,,,AUTOMATIC,,,,[US],,,,[All],[ALL],,,,[All],,,,,,,,,,,,,https://i.etsystatic.com/37058139/r/il/509e94/7941805460/il_fullxfull.7941805460_bj4t.jpg,DIY Work Table Plans PDF | Modern Computer Desk with Drawers Blueprint | Home Office Study Table | P,"Build Your Ultimate Focused Workspace with This Modern DIY Work Table!  100% Satisfaction & Money-Back Guarantee!  We are so confident that you will love building this project that we offer a 100% money-back guarantee. If you are not completely satisfied with these plans for any reason, we will refund your purchase—no questions asked! Plus, if you need any help or have questions during the build, we are always here to provide full support and guidance via Etsy messages.  About This Build  Upgrad",https://www.etsy.com/search?q=DIY%20Work%20Table%20Plans%20PDF%20%7C%20Modern%20Computer%20Desk%20with%20Drawers%20Blueprint%20%7C%20Home%20Office%20Study%20Table%20%7C%20Plywood%20Woodworking%20Desk%20Plan%20Bizilla,,,PAUSED,,STATIC,DIY Work Table Plans PDF | Modern Computer Desk with Drawers Blueprint | Home Office Study Table | Plywood Woodworking Desk Plan,https://www.etsy.com/search?q=DIY%20Work%20Table%20Plans%20PDF%20%7C%20Modern%20Computer%20Desk%20with%20Drawers%20Blueprint%20%7C%20Home%20Office%20Study%20Table%20%7C%20Plywood%20Woodworking%20Desk%20Plan%20Bizilla,,,,,,,,,,,,,,,,,,,,,,,,,,,,,,,,,,,,,,,,,,,,,,,,,,,,,,,,,,,,,,,,,,,,,,,,,,,,,,,,,,BulkSheetVersion=V2
,CONSIDERATION,Bizilla Organic Inventory,PAUSED,,10.00,,,YES,,,,,,America/New_York,,,,,All Products,,,,,,STANDARD,CBO,PAUSED,,0.10,,,,,,,,,,,,,,,AUTOMATIC,,,,[US],,,,[All],[ALL],,,,[All],,,,,,,,,,,,,https://i.etsystatic.com/37058139/r/il/035083/7913220996/il_fullxfull.7913220996_elx7.jpg,DIY Hoop Coop Chicken Tractor Plans PDF | Portable Poultry House on Wheels | Cattle Panel Mobile Coo,"Raise Healthier Flocks: The Ultimate Walk-In Mobile Chicken Tractor  Upgrade your backyard homesteading with a heavy-duty, mobile poultry house designed for fresh pasture and ultimate flock security. This comprehensive digital woodworking blueprint provides the exact instructions to build a massive, walk-in Hoop Coop Chicken Tractor. Utilizing a cost-effective and incredibly strong cattle panel arch design, this portable coop allows you to easily move your flock to fresh grass daily while keepin",https://www.etsy.com/search?q=DIY%20Hoop%20Coop%20Chicken%20Tractor%20Plans%20PDF%20%7C%20Portable%20Poultry%20House%20on%20Wheels%20%7C%20Cattle%20Panel%20Mobile%20Coop%20Blueprint%20%7C%20Chicken%20Run%20Build%20Guide%20Bizilla,,,PAUSED,,STATIC,DIY Hoop Coop Chicken Tractor Plans PDF | Portable Poultry House on Wheels | Cattle Panel Mobile Coop Blueprint | Chicken Run Bu,https://www.etsy.com/search?q=DIY%20Hoop%20Coop%20Chicken%20Tractor%20Plans%20PDF%20%7C%20Portable%20Poultry%20House%20on%20Wheels%20%7C%20Cattle%20Panel%20Mobile%20Coop%20Blueprint%20%7C%20Chicken%20Run%20Build%20Guide%20Bizilla,,,,,,,,,,,,,,,,,,,,,,,,,,,,,,,,,,,,,,,,,,,,,,,,,,,,,,,,,,,,,,,,,,,,,,,,,,,,,,,,,,BulkSheetVersion=V2
,CONSIDERATION,Bizilla Organic Inventory,PAUSED,,10.00,,,YES,,,,,,America/New_York,,,,,All Products,,,,,,STANDARD,CBO,PAUSED,,0.10,,,,,,,,,,,,,,,AUTOMATIC,,,,[US],,,,[All],[ALL],,,,[All],,,,,,,,,,,,,https://i.etsystatic.com/37058139/r/il/feb0d2/7951131277/il_fullxfull.7951131277_83im.jpg,DIY Large Welcome Sign Planter Plans PDF | 70-Inch Tall Porch Plant Stand Blueprint,"Transform your home’s curb appeal with a true statement piece. This comprehensive digital woodworking blueprint provides the exact instructions to build a massive, towering Welcome Sign Planter Box. Standing at an impressive 70 inches tall, this design commands attention from the street, creating a warm, highly visible, and inviting entrance to your front porch, driveway, or garden pathway.  Why settle for small, easily overlooked porch decor when you can build a heavy-duty, custom wooden landma",https://www.etsy.com/search?q=DIY%20Large%20Welcome%20Sign%20Planter%20Plans%20PDF%20%7C%2070-Inch%20Tall%20Porch%20Plant%20Stand%20Blueprint%20Bizilla,,,PAUSED,,STATIC,DIY Large Welcome Sign Planter Plans PDF | 70-Inch Tall Porch Plant Stand Blueprint,https://www.etsy.com/search?q=DIY%20Large%20Welcome%20Sign%20Planter%20Plans%20PDF%20%7C%2070-Inch%20Tall%20Porch%20Plant%20Stand%20Blueprint%20Bizilla,,,,,,,,,,,,,,,,,,,,,,,,,,,,,,,,,,,,,,,,,,,,,,,,,,,,,,,,,,,,,,,,,,,,,,,,,,,,,,,,,,BulkSheetVersion=V2
,CONSIDERATION,Bizilla Organic Inventory,PAUSED,,10.00,,,YES,,,,,,America/New_York,,,,,All Products,,,,,,STANDARD,CBO,PAUSED,,0.10,,,,,,,,,,,,,,,AUTOMATIC,,,,[US],,,,[All],[ALL],,,,[All],,,,,,,,,,,,,https://i.etsystatic.com/37058139/r/il/dc76a0/7913160814/il_fullxfull.7913160814_oxof.jpg,DIY Square Wedding Arch Plans PDF | Wooden Rustic Arbor Blueprint | Bridal Shower Photo Backdrop | O,"Frame Your Perfect Moment: The Classic Square Wedding Arch Blueprint  Create a timeless, breathtaking focal point for your ceremony. This digital woodworking blueprint provides the exact, step-by-step instructions to build a heavy-duty, classic Square Wooden Wedding Arch. Whether you are framing a scenic outdoor altar, creating a lush photo backdrop for a bridal shower, or building a reliable prop for your event rental business, this structure delivers a perfect blend of rustic charm and structu",https://www.etsy.com/search?q=DIY%20Square%20Wedding%20Arch%20Plans%20PDF%20%7C%20Wooden%20Rustic%20Arbor%20Blueprint%20%7C%20Bridal%20Shower%20Photo%20Backdrop%20%7C%20Outdoor%20Ceremony%20Woodworking%20Guide%20Bizilla,,,PAUSED,,STATIC,DIY Square Wedding Arch Plans PDF | Wooden Rustic Arbor Blueprint | Bridal Shower Photo Backdrop | Outdoor Ceremony Woodworking ,https://www.etsy.com/search?q=DIY%20Square%20Wedding%20Arch%20Plans%20PDF%20%7C%20Wooden%20Rustic%20Arbor%20Blueprint%20%7C%20Bridal%20Shower%20Photo%20Backdrop%20%7C%20Outdoor%20Ceremony%20Woodworking%20Guide%20Bizilla,,,,,,,,,,,,,,,,,,,,,,,,,,,,,,,,,,,,,,,,,,,,,,,,,,,,,,,,,,,,,,,,,,,,,,,,,,,,,,,,,,BulkSheetVersion=V2
,CONSIDERATION,Bizilla Organic Inventory,PAUSED,,10.00,,,YES,,,,,,America/New_York,,,,,All Products,,,,,,STANDARD,CBO,PAUSED,,0.10,,,,,,,,,,,,,,,AUTOMATIC,,,,[US],,,,[All],[ALL],,,,[All],,,,,,,,,,,,,https://i.etsystatic.com/37058139/r/il/680a47/7804783148/il_fullxfull.7804783148_8u2z.jpg,DIY Acrylic Cube Box Plans: Wooden Frame Display Case Blueprint | Clear Collectible Box PDF,"Showcase Your Treasures with a Beautiful DIY Acrylic Cube Box!  Looking for an elegant way to protect and display your favorite collectibles, memorabilia, or small plants? Build your own stunning acrylic cube box with our comprehensive woodworking plans. This minimalist design features a sturdy wooden frame and clear acrylic (or glass) panels, creating the perfect tabletop display case that blends seamlessly with any home decor.  Whether you need a custom collectible box to keep dust away from y",https://www.etsy.com/search?q=DIY%20Acrylic%20Cube%20Box%20Plans%3A%20Wooden%20Frame%20Display%20Case%20Blueprint%20%7C%20Clear%20Collectible%20Box%20PDF%20Bizilla,,,PAUSED,,STATIC,DIY Acrylic Cube Box Plans: Wooden Frame Display Case Blueprint | Clear Collectible Box PDF,https://www.etsy.com/search?q=DIY%20Acrylic%20Cube%20Box%20Plans%3A%20Wooden%20Frame%20Display%20Case%20Blueprint%20%7C%20Clear%20Collectible%20Box%20PDF%20Bizilla,,,,,,,,,,,,,,,,,,,,,,,,,,,,,,,,,,,,,,,,,,,,,,,,,,,,,,,,,,,,,,,,,,,,,,,,,,,,,,,,,,BulkSheetVersion=V2
,CONSIDERATION,Bizilla Organic Inventory,PAUSED,,10.00,,,YES,,,,,,America/New_York,,,,,All Products,,,,,,STANDARD,CBO,PAUSED,,0.10,,,,,,,,,,,,,,,AUTOMATIC,,,,[US],,,,[All],[ALL],,,,[All],,,,,,,,,,,,,https://i.etsystatic.com/37058139/r/il/23c50b/7989838749/il_fullxfull.7989838749_1cw5.jpg,DIY Mobile Miter Saw Stand Plans PDF | Rolling Shop Cart Blueprint | Chop Saw Workbench | Tool Stora,"Build the Ultimate Mobile Base for Your Miter Saw!  100% Satisfaction & Money-Back Guarantee!  We are so confident that you will love building this project that we offer a 100% money-back guarantee. If you are not completely satisfied with these plans for any reason, we will refund your purchase—no questions asked! Plus, if you need any help or have questions during the build, we are always here to provide full support and guidance via Etsy messages.  About This Build  Take the hassle out of hea",https://www.etsy.com/search?q=DIY%20Mobile%20Miter%20Saw%20Stand%20Plans%20PDF%20%7C%20Rolling%20Shop%20Cart%20Blueprint%20%7C%20Chop%20Saw%20Workbench%20%7C%20Tool%20Storage%20Stand%20Woodworking%20Bizilla,,,PAUSED,,STATIC,DIY Mobile Miter Saw Stand Plans PDF | Rolling Shop Cart Blueprint | Chop Saw Workbench | Tool Storage Stand Woodworking,https://www.etsy.com/search?q=DIY%20Mobile%20Miter%20Saw%20Stand%20Plans%20PDF%20%7C%20Rolling%20Shop%20Cart%20Blueprint%20%7C%20Chop%20Saw%20Workbench%20%7C%20Tool%20Storage%20Stand%20Woodworking%20Bizilla,,,,,,,,,,,,,,,,,,,,,,,,,,,,,,,,,,,,,,,,,,,,,,,,,,,,,,,,,,,,,,,,,,,,,,,,,,,,,,,,,,BulkSheetVersion=V2
,CONSIDERATION,Bizilla Organic Inventory,PAUSED,,10.00,,,YES,,,,,,America/New_York,,,,,All Products,,,,,,STANDARD,CBO,PAUSED,,0.10,,,,,,,,,,,,,,,AUTOMATIC,,,,[US],,,,[All],[ALL],,,,[All],,,,,,,,,,,,,https://i.etsystatic.com/37058139/r/il/ec21a1/7941866640/il_fullxfull.7941866640_mexy.jpg,DIY Engraved Prayer Board Plans PDF | Wooden Intercession Plaque Blueprint | Religious Wall Art Buil,"Craft a Beautiful, Meaningful Wooden Prayer Board for Your Home!  100% Satisfaction & Money-Back Guarantee!  We are so confident that you will love building this project that we offer a 100% money-back guarantee. If you are not completely satisfied with these plans for any reason, we will refund your purchase—no questions asked! Plus, if you need any help or have questions during the build, we are always here to provide full support and guidance via Etsy messages.  About This Build  Create a stu",https://www.etsy.com/search?q=DIY%20Engraved%20Prayer%20Board%20Plans%20PDF%20%7C%20Wooden%20Intercession%20Plaque%20Blueprint%20%7C%20Religious%20Wall%20Art%20Build%20%7C%20Custom%20Prayer%20Platform%20Woodworking%20Bizilla,,,PAUSED,,STATIC,DIY Engraved Prayer Board Plans PDF | Wooden Intercession Plaque Blueprint | Religious Wall Art Build | Custom Prayer Platform W,https://www.etsy.com/search?q=DIY%20Engraved%20Prayer%20Board%20Plans%20PDF%20%7C%20Wooden%20Intercession%20Plaque%20Blueprint%20%7C%20Religious%20Wall%20Art%20Build%20%7C%20Custom%20Prayer%20Platform%20Woodworking%20Bizilla,,,,,,,,,,,,,,,,,,,,,,,,,,,,,,,,,,,,,,,,,,,,,,,,,,,,,,,,,,,,,,,,,,,,,,,,,,,,,,,,,,BulkSheetVersion=V2
,CONSIDERATION,Bizilla Organic Inventory,PAUSED,,10.00,,,YES,,,,,,America/New_York,,,,,All Products,,,,,,STANDARD,CBO,PAUSED,,0.10,,,,,,,,,,,,,,,AUTOMATIC,,,,[US],,,,[All],[ALL],,,,[All],,,,,,,,,,,,,https://i.etsystatic.com/37058139/r/il/a952ba/7989809559/il_fullxfull.7989809559_q1s7.jpg,DIY Raised Planter Bed Plans PDF | Wooden Elevated Garden Box Blueprint | Rustic Barn Door Planter |,"Build a Beautiful, Rustic Raised Planter Bed for Your Garden!  100% Satisfaction & Money-Back Guarantee!  We are so confident that you will love building this project that we offer a 100% money-back guarantee. If you are not completely satisfied with these plans for any reason, we will refund your purchase—no questions asked! Plus, if you need any help or have questions during the build, we are always here to provide full support and guidance via Etsy messages.  About This Build  Transform your ",https://www.etsy.com/search?q=DIY%20Raised%20Planter%20Bed%20Plans%20PDF%20%7C%20Wooden%20Elevated%20Garden%20Box%20Blueprint%20%7C%20Rustic%20Barn%20Door%20Planter%20%7C%20Vegetable%20Garden%20Bed%20Woodworking%20Bizilla,,,PAUSED,,STATIC,DIY Raised Planter Bed Plans PDF | Wooden Elevated Garden Box Blueprint | Rustic Barn Door Planter | Vegetable Garden Bed Woodwo,https://www.etsy.com/search?q=DIY%20Raised%20Planter%20Bed%20Plans%20PDF%20%7C%20Wooden%20Elevated%20Garden%20Box%20Blueprint%20%7C%20Rustic%20Barn%20Door%20Planter%20%7C%20Vegetable%20Garden%20Bed%20Woodworking%20Bizilla,,,,,,,,,,,,,,,,,,,,,,,,,,,,,,,,,,,,,,,,,,,,,,,,,,,,,,,,,,,,,,,,,,,,,,,,,,,,,,,,,,BulkSheetVersion=V2
,CONSIDERATION,Bizilla Organic Inventory,PAUSED,,10.00,,,YES,,,,,,America/New_York,,,,,All Products,,,,,,STANDARD,CBO,PAUSED,,0.10,,,,,,,,,,,,,,,AUTOMATIC,,,,[US],,,,[All],[ALL],,,,[All],,,,,,,,,,,,,https://i.etsystatic.com/37058139/r/il/1e5dd3/7989801329/il_fullxfull.7989801329_tgna.jpg,DIY Dog House with Porch Plans PDF | Large Wooden Pet Cabin Blueprint | Outdoor Dog Kennel Build | C,"Build the Ultimate Dream Home for Your Furry Best Friend!  100% Satisfaction & Money-Back Guarantee!  We are so confident that you will love building this project that we offer a 100% money-back guarantee. If you are not completely satisfied with these plans for any reason, we will refund your purchase—no questions asked! Plus, if you need any help or have questions during the build, we are always here to provide full support and guidance via Etsy messages.  About This Build  Treat your loyal co",https://www.etsy.com/search?q=DIY%20Dog%20House%20with%20Porch%20Plans%20PDF%20%7C%20Large%20Wooden%20Pet%20Cabin%20Blueprint%20%7C%20Outdoor%20Dog%20Kennel%20Build%20%7C%20Covered%20Deck%20Pet%20Shelter%20Bizilla,,,PAUSED,,STATIC,DIY Dog House with Porch Plans PDF | Large Wooden Pet Cabin Blueprint | Outdoor Dog Kennel Build | Covered Deck Pet Shelter,https://www.etsy.com/search?q=DIY%20Dog%20House%20with%20Porch%20Plans%20PDF%20%7C%20Large%20Wooden%20Pet%20Cabin%20Blueprint%20%7C%20Outdoor%20Dog%20Kennel%20Build%20%7C%20Covered%20Deck%20Pet%20Shelter%20Bizilla,,,,,,,,,,,,,,,,,,,,,,,,,,,,,,,,,,,,,,,,,,,,,,,,,,,,,,,,,,,,,,,,,,,,,,,,,,,,,,,,,,BulkSheetVersion=V2
,CONSIDERATION,Bizilla Organic Inventory,PAUSED,,10.00,,,YES,,,,,,America/New_York,,,,,All Products,,,,,,STANDARD,CBO,PAUSED,,0.10,,,,,,,,,,,,,,,AUTOMATIC,,,,[US],,,,[All],[ALL],,,,[All],,,,,,,,,,,,,https://i.etsystatic.com/37058139/r/il/b1f5f3/7046549846/il_fullxfull.7046549846_4r8v.jpg,DIY Tiered Display Stand Plan: Craft Fair & Wedding (PDF Download),"Unleash Your Crafting Potential: Build Your Own Wooden Tiered Display Stand!  Looking to showcase your products or party treats in a stylish and effective way? This comprehensive DIY Wooden Display Stand PDF plan provides all the detailed blueprints and patterns you need to construct your own sturdy, portable, and aesthetically pleasing multi-level stand – perfect for any occasion!  What You Get with Your Purchase:  This listing is for INSTANT DOWNLOAD DIGITAL PLANS ONLY. You will receive a comp",https://www.etsy.com/search?q=DIY%20Tiered%20Display%20Stand%20Plan%3A%20Craft%20Fair%20%26%20Wedding%20%28PDF%20Download%29%20Bizilla,,,PAUSED,,STATIC,DIY Tiered Display Stand Plan: Craft Fair & Wedding (PDF Download),https://www.etsy.com/search?q=DIY%20Tiered%20Display%20Stand%20Plan%3A%20Craft%20Fair%20%26%20Wedding%20%28PDF%20Download%29%20Bizilla,,,,,,,,,,,,,,,,,,,,,,,,,,,,,,,,,,,,,,,,,,,,,,,,,,,,,,,,,,,,,,,,,,,,,,,,,,,,,,,,,,BulkSheetVersion=V2
,CONSIDERATION,Bizilla Organic Inventory,PAUSED,,10.00,,,YES,,,,,,America/New_York,,,,,All Products,,,,,,STANDARD,CBO,PAUSED,,0.10,,,,,,,,,,,,,,,AUTOMATIC,,,,[US],,,,[All],[ALL],,,,[All],,,,,,,,,,,,,https://i.etsystatic.com/37058139/r/il/52a2e1/7852787737/il_fullxfull.7852787737_4o81.jpg,DIY Built In Cabinets Plans | Large Mudroom Hall Tree Blueprint | Wall Unit Storage Cabinet PDF,"Transform Your Entryway with Premium DIY Built-In Cabinets Plans!  Tired of entryway clutter? Upgrade your home with a stunning, high-end storage solution using our comprehensive built in cabinets plans. This massive, custom-style mudroom hall tree features a comfortable seating bench, spacious lower drawers and cubbies for shoes, an elegant beadboard coat-hanging area, and illuminated upper storage sections. It is the ultimate storage cabinet plans project to keep your family organized in style",https://www.etsy.com/search?q=DIY%20Built%20In%20Cabinets%20Plans%20%7C%20Large%20Mudroom%20Hall%20Tree%20Blueprint%20%7C%20Wall%20Unit%20Storage%20Cabinet%20PDF%20Bizilla,,,PAUSED,,STATIC,DIY Built In Cabinets Plans | Large Mudroom Hall Tree Blueprint | Wall Unit Storage Cabinet PDF,https://www.etsy.com/search?q=DIY%20Built%20In%20Cabinets%20Plans%20%7C%20Large%20Mudroom%20Hall%20Tree%20Blueprint%20%7C%20Wall%20Unit%20Storage%20Cabinet%20PDF%20Bizilla,,,,,,,,,,,,,,,,,,,,,,,,,,,,,,,,,,,,,,,,,,,,,,,,,,,,,,,,,,,,,,,,,,,,,,,,,,,,,,,,,,BulkSheetVersion=V2
,CONSIDERATION,Bizilla Organic Inventory,PAUSED,,10.00,,,YES,,,,,,America/New_York,,,,,All Products,,,,,,STANDARD,CBO,PAUSED,,0.10,,,,,,,,,,,,,,,AUTOMATIC,,,,[US],,,,[All],[ALL],,,,[All],,,,,,,,,,,,,https://i.etsystatic.com/37058139/r/il/3fd8f4/7167454946/il_fullxfull.7167454946_ikw9.jpg,DIY Earring Holder | Easy DIY Jewelry Organizer for Earrings | Wood Earring Display with Holes | Ear,"ThIs Is not a physIcal product.   If you purchase It, you wIll not receIve a physIcal product.    ThIs Is just a DIY plan!  Rescue your jewelry from tangled drawers and display it like a work of art! With this elegant Jewelry Tree Stand DIY plan, you can create a solution that is both highly functional and beautifully decorative for organizing your necklaces, earrings, and bracelets.  Inspired by nature, this tree design offers numerous branches, providing a massive storage capacity for all your",https://www.etsy.com/search?q=DIY%20Earring%20Holder%20%7C%C2%A0Easy%20DIY%20Jewelry%20Organizer%20for%20Earrings%20%7C%20Wood%20Earring%20Display%20with%20Holes%20%7C%20Earring%20Holder%20Stand%20Bizilla,,,PAUSED,,STATIC,DIY Earring Holder | Easy DIY Jewelry Organizer for Earrings | Wood Earring Display with Holes | Earring Holder Stand,https://www.etsy.com/search?q=DIY%20Earring%20Holder%20%7C%C2%A0Easy%20DIY%20Jewelry%20Organizer%20for%20Earrings%20%7C%20Wood%20Earring%20Display%20with%20Holes%20%7C%20Earring%20Holder%20Stand%20Bizilla,,,,,,,,,,,,,,,,,,,,,,,,,,,,,,,,,,,,,,,,,,,,,,,,,,,,,,,,,,,,,,,,,,,,,,,,,,,,,,,,,,BulkSheetVersion=V2
,CONSIDERATION,Bizilla Organic Inventory,PAUSED,,10.00,,,YES,,,,,,America/New_York,,,,,All Products,,,,,,STANDARD,CBO,PAUSED,,0.10,,,,,,,,,,,,,,,AUTOMATIC,,,,[US],,,,[All],[ALL],,,,[All],,,,,,,,,,,,,https://i.etsystatic.com/37058139/r/il/805efc/7941922262/il_fullxfull.7941922262_c7qq.jpg,DIY Small Firewood Shed Plans PDF | Outdoor Log Storage Blueprint | Lean-To Wood Storage Shed | Gard,"Keep Your Firewood Dry and Perfectly Seasoned with This Heavy-Duty DIY Shed!  100% Satisfaction & Money-Back Guarantee!  We are so confident that you will love building this project that we offer a 100% money-back guarantee. If you are not completely satisfied with these plans for any reason, we will refund your purchase—no questions asked! Ongoing Support via Etsy Messages  Building a structure can be a big task, and we are here to support you every step of the way. If you have any questions, n",https://www.etsy.com/search?q=DIY%20Small%20Firewood%20Shed%20Plans%20PDF%20%7C%20Outdoor%20Log%20Storage%20Blueprint%20%7C%20Lean-To%20Wood%20Storage%20Shed%20%7C%20Garden%20Firewood%20Rack%20Woodworking%20Plan%20Bizilla,,,PAUSED,,STATIC,DIY Small Firewood Shed Plans PDF | Outdoor Log Storage Blueprint | Lean-To Wood Storage Shed | Garden Firewood Rack Woodworking,https://www.etsy.com/search?q=DIY%20Small%20Firewood%20Shed%20Plans%20PDF%20%7C%20Outdoor%20Log%20Storage%20Blueprint%20%7C%20Lean-To%20Wood%20Storage%20Shed%20%7C%20Garden%20Firewood%20Rack%20Woodworking%20Plan%20Bizilla,,,,,,,,,,,,,,,,,,,,,,,,,,,,,,,,,,,,,,,,,,,,,,,,,,,,,,,,,,,,,,,,,,,,,,,,,,,,,,,,,,BulkSheetVersion=V2
,CONSIDERATION,Bizilla Organic Inventory,PAUSED,,10.00,,,YES,,,,,,America/New_York,,,,,All Products,,,,,,STANDARD,CBO,PAUSED,,0.10,,,,,,,,,,,,,,,AUTOMATIC,,,,[US],,,,[All],[ALL],,,,[All],,,,,,,,,,,,,https://i.etsystatic.com/37058139/r/il/fa5ca1/7941887828/il_fullxfull.7941887828_klhs.jpg,DIY 27 Gallon Tote Storage Rack Plans PDF | Heavy Duty Garage Organizer for 10 Bins | Tote Storage R,"Take Control of Your Garage Chaos with the Ultimate 10-Tote Storage Rack!  100% Satisfaction & Money-Back Guarantee!  We are so confident that you will love building this project that we offer a 100% money-back guarantee. If you are not completely satisfied with these plans for any reason, we will refund your purchase—no questions asked! Plus, if you need any help or have questions during the build, we are always here to provide full support and guidance via Etsy messages.  About This Build  Sto",https://www.etsy.com/search?q=DIY%2027%20Gallon%20Tote%20Storage%20Rack%20Plans%20PDF%20%7C%20Heavy%20Duty%20Garage%20Organizer%20for%2010%20Bins%20%7C%20Tote%20Storage%20Rack%20Blueprint%20%7C%20Woodworking%20Project%20Bizilla,,,PAUSED,,STATIC,DIY 27 Gallon Tote Storage Rack Plans PDF | Heavy Duty Garage Organizer for 10 Bins | Tote Storage Rack Blueprint | Woodworking ,https://www.etsy.com/search?q=DIY%2027%20Gallon%20Tote%20Storage%20Rack%20Plans%20PDF%20%7C%20Heavy%20Duty%20Garage%20Organizer%20for%2010%20Bins%20%7C%20Tote%20Storage%20Rack%20Blueprint%20%7C%20Woodworking%20Project%20Bizilla,,,,,,,,,,,,,,,,,,,,,,,,,,,,,,,,,,,,,,,,,,,,,,,,,,,,,,,,,,,,,,,,,,,,,,,,,,,,,,,,,,BulkSheetVersion=V2
,CONSIDERATION,Bizilla Organic Inventory,PAUSED,,10.00,,,YES,,,,,,America/New_York,,,,,All Products,,,,,,STANDARD,CBO,PAUSED,,0.10,,,,,,,,,,,,,,,AUTOMATIC,,,,[US],,,,[All],[ALL],,,,[All],,,,,,,,,,,,,https://i.etsystatic.com/37058139/r/il/2123b2/7941915354/il_fullxfull.7941915354_8wob.jpg,DIY Tree Bookshelf Plans PDF | Artistic Branch Wall Library Blueprint | Unique Floating Bookcase | N,"Transform Your Space into an Enchanted Library with This DIY Tree Bookshelf!  100% Satisfaction & Money-Back Guarantee!  We are so confident that you will love building this artistic project that we offer a 100% money-back guarantee. If you are not completely satisfied with these plans for any reason, we will refund your purchase—no questions asked! Ongoing Support via Etsy Messages  We are here to help you grow your project! If you have any questions, need technical advice, or require guidance ",https://www.etsy.com/search?q=DIY%20Tree%20Bookshelf%20Plans%20PDF%20%7C%20Artistic%20Branch%20Wall%20Library%20Blueprint%20%7C%20Unique%20Floating%20Bookcase%20%7C%20Nature%20Inspired%20Woodworking%20Plan%20Bizilla,,,PAUSED,,STATIC,DIY Tree Bookshelf Plans PDF | Artistic Branch Wall Library Blueprint | Unique Floating Bookcase | Nature Inspired Woodworking P,https://www.etsy.com/search?q=DIY%20Tree%20Bookshelf%20Plans%20PDF%20%7C%20Artistic%20Branch%20Wall%20Library%20Blueprint%20%7C%20Unique%20Floating%20Bookcase%20%7C%20Nature%20Inspired%20Woodworking%20Plan%20Bizilla,,,,,,,,,,,,,,,,,,,,,,,,,,,,,,,,,,,,,,,,,,,,,,,,,,,,,,,,,,,,,,,,,,,,,,,,,,,,,,,,,,BulkSheetVersion=V2
,CONSIDERATION,Bizilla Organic Inventory,PAUSED,,10.00,,,YES,,,,,,America/New_York,,,,,All Products,,,,,,STANDARD,CBO,PAUSED,,0.10,,,,,,,,,,,,,,,AUTOMATIC,,,,[US],,,,[All],[ALL],,,,[All],,,,,,,,,,,,,https://i.etsystatic.com/37058139/r/il/e3f186/7941901848/il_fullxfull.7941901848_3i0q.jpg,DIY 27 Gallon Tote Storage Rack Plans PDF | Mega Garage Organizer for 30 Totes | Extra Large Bin Sto,"The Ultimate Storage Solution: Build a Mega 30-Tote Organization System!  100% Satisfaction & Money-Back Guarantee!  We are so confident that you will love building this project that we offer a 100% money-back guarantee. If you are not completely satisfied with these plans for any reason, we will refund your purchase—no questions asked!  Ongoing Support via Etsy Messages  We are committed to your success! If you have any questions, need technical advice, or require help during your build process",https://www.etsy.com/search?q=DIY%2027%20Gallon%20Tote%20Storage%20Rack%20Plans%20PDF%20%7C%20Mega%20Garage%20Organizer%20for%2030%20Totes%20%7C%20Extra%20Large%20Bin%20Storage%20Blueprint%20Bizilla,,,PAUSED,,STATIC,DIY 27 Gallon Tote Storage Rack Plans PDF | Mega Garage Organizer for 30 Totes | Extra Large Bin Storage Blueprint,https://www.etsy.com/search?q=DIY%2027%20Gallon%20Tote%20Storage%20Rack%20Plans%20PDF%20%7C%20Mega%20Garage%20Organizer%20for%2030%20Totes%20%7C%20Extra%20Large%20Bin%20Storage%20Blueprint%20Bizilla,,,,,,,,,,,,,,,,,,,,,,,,,,,,,,,,,,,,,,,,,,,,,,,,,,,,,,,,,,,,,,,,,,,,,,,,,,,,,,,,,,BulkSheetVersion=V2
,CONSIDERATION,Bizilla Organic Inventory,PAUSED,,10.00,,,YES,,,,,,America/New_York,,,,,All Products,,,,,,STANDARD,CBO,PAUSED,,0.10,,,,,,,,,,,,,,,AUTOMATIC,,,,[US],,,,[All],[ALL],,,,[All],,,,,,,,,,,,,https://i.etsystatic.com/37058139/r/il/cb9cae/7941895092/il_fullxfull.7941895092_59l7.jpg,DIY 27 Gallon Tote Storage Rack Plans PDF | Heavy Duty Garage Organizer for 20 Totes | Large Bin Sto,"Maximize Your Storage Potential with the Ultimate 20-Tote Storage Rack!  100% Satisfaction & Money-Back Guarantee!  We are so confident that you will love building this project that we offer a 100% money-back guarantee. If you are not completely satisfied with these plans for any reason, we will refund your purchase—no questions asked!  Ongoing Support via Etsy Messages  We are here for you! If you have any questions, need technical advice, or require help during your build process, simply send ",https://www.etsy.com/search?q=DIY%2027%20Gallon%20Tote%20Storage%20Rack%20Plans%20PDF%20%7C%20Heavy%20Duty%20Garage%20Organizer%20for%2020%20Totes%20%7C%20Large%20Bin%20Storage%20Blueprint%20%7C%20Workshop%20Shelving%20DIY%20Bizilla,,,PAUSED,,STATIC,DIY 27 Gallon Tote Storage Rack Plans PDF | Heavy Duty Garage Organizer for 20 Totes | Large Bin Storage Blueprint | Workshop Sh,https://www.etsy.com/search?q=DIY%2027%20Gallon%20Tote%20Storage%20Rack%20Plans%20PDF%20%7C%20Heavy%20Duty%20Garage%20Organizer%20for%2020%20Totes%20%7C%20Large%20Bin%20Storage%20Blueprint%20%7C%20Workshop%20Shelving%20DIY%20Bizilla,,,,,,,,,,,,,,,,,,,,,,,,,,,,,,,,,,,,,,,,,,,,,,,,,,,,,,,,,,,,,,,,,,,,,,,,,,,,,,,,,,BulkSheetVersion=V2
,CONSIDERATION,Bizilla Organic Inventory,PAUSED,,10.00,,,YES,,,,,,America/New_York,,,,,All Products,,,,,,STANDARD,CBO,PAUSED,,0.10,,,,,,,,,,,,,,,AUTOMATIC,,,,[US],,,,[All],[ALL],,,,[All],,,,,,,,,,,,,https://i.etsystatic.com/37058139/r/il/8546f3/7162088216/il_fullxfull.7162088216_201y.jpg,King Size Floating Bed Frame Plans | DIY Rustic Wood Design (PDF),"Create a Unique and Stylish Sanctuary with Our DIY Bed Frame Plans  Transform your bedroom into a comfortable and stylish retreat with our easy-to-follow woodworking plans. This DIY bed frame project is perfect for woodworkers of all skill levels, allowing you to build a sturdy and beautiful piece of bedroom furniture that will last for years.  Why Build Your Own Bed Frame? Building your own bed frame isn't just a creative endeavor—it’s a way to get the exact style and size you want. Whether you",https://www.etsy.com/search?q=King%20Size%20Floating%20Bed%20Frame%20Plans%20%7C%20DIY%20Rustic%20Wood%20Design%20%28PDF%29%20Bizilla,,,PAUSED,,STATIC,King Size Floating Bed Frame Plans | DIY Rustic Wood Design (PDF),https://www.etsy.com/search?q=King%20Size%20Floating%20Bed%20Frame%20Plans%20%7C%20DIY%20Rustic%20Wood%20Design%20%28PDF%29%20Bizilla,,,,,,,,,,,,,,,,,,,,,,,,,,,,,,,,,,,,,,,,,,,,,,,,,,,,,,,,,,,,,,,,,,,,,,,,,,,,,,,,,,BulkSheetVersion=V2
,CONSIDERATION,Bizilla Organic Inventory,PAUSED,,10.00,,,YES,,,,,,America/New_York,,,,,All Products,,,,,,STANDARD,CBO,PAUSED,,0.10,,,,,,,,,,,,,,,AUTOMATIC,,,,[US],,,,[All],[ALL],,,,[All],,,,,,,,,,,,,https://i.etsystatic.com/37058139/r/il/03fcef/7961102375/il_fullxfull.7961102375_aml9.jpg,DIY Triangle Wedding Arch Plans PDF | Set of 3 Wooden Arbor Backdrop | Collapsible Ceremony Trellis ,"Create a Breathtaking Backdrop: The 3-Piece Triangle Wedding Arch Blueprint  Elevate your outdoor wedding, vow renewal, or event photography with a stunning architectural centerpiece. This digital woodworking blueprint provides the precise instructions to build a modern, nested set of three triangular wooden arches. Highly sought after on Pinterest and by wedding planners, this geometric backdrop perfectly frames the couple and provides a magnificent structure for floral arrangements and drapery",https://www.etsy.com/search?q=DIY%20Triangle%20Wedding%20Arch%20Plans%20PDF%20%7C%20Set%20of%203%20Wooden%20Arbor%20Backdrop%20%7C%20Collapsible%20Ceremony%20Trellis%20%7C%20Rustic%20Outdoor%20Wedding%20Woodworking%20Bizilla,,,PAUSED,,STATIC,DIY Triangle Wedding Arch Plans PDF | Set of 3 Wooden Arbor Backdrop | Collapsible Ceremony Trellis | Rustic Outdoor Wedding Woo,https://www.etsy.com/search?q=DIY%20Triangle%20Wedding%20Arch%20Plans%20PDF%20%7C%20Set%20of%203%20Wooden%20Arbor%20Backdrop%20%7C%20Collapsible%20Ceremony%20Trellis%20%7C%20Rustic%20Outdoor%20Wedding%20Woodworking%20Bizilla,,,,,,,,,,,,,,,,,,,,,,,,,,,,,,,,,,,,,,,,,,,,,,,,,,,,,,,,,,,,,,,,,,,,,,,,,,,,,,,,,,BulkSheetVersion=V2
,CONSIDERATION,Bizilla Organic Inventory,PAUSED,,10.00,,,YES,,,,,,America/New_York,,,,,All Products,,,,,,STANDARD,CBO,PAUSED,,0.10,,,,,,,,,,,,,,,AUTOMATIC,,,,[US],,,,[All],[ALL],,,,[All],,,,,,,,,,,,,https://i.etsystatic.com/37058139/r/il/88d311/7989676415/il_fullxfull.7989676415_sqx4.jpg,DIY Open Wardrobe Plans PDF | Wooden Clothes Rack with Shelves | Bedroom Clothing Rack and Organizer,"Build Your Dream Closet with This Elegant DIY Open Wardrobe System!  100% Satisfaction & Money-Back Guarantee!  We are so confident that you will love building this project that we offer a 100% money-back guarantee. If you are not completely satisfied with these plans for any reason, we will refund your purchase—no questions asked! Plus, if you need any help or have questions during the build, we are always here to provide full support and guidance via Etsy messages.  About This Build  Transform",https://www.etsy.com/search?q=DIY%20Open%20Wardrobe%20Plans%20PDF%20%7C%20Wooden%20Clothes%20Rack%20with%20Shelves%20%7C%20Bedroom%20Clothing%20Rack%20and%20Organizer%20%7C%20Closet%20Storage%20System%20Bizilla,,,PAUSED,,STATIC,DIY Open Wardrobe Plans PDF | Wooden Clothes Rack with Shelves | Bedroom Clothing Rack and Organizer | Closet Storage System,https://www.etsy.com/search?q=DIY%20Open%20Wardrobe%20Plans%20PDF%20%7C%20Wooden%20Clothes%20Rack%20with%20Shelves%20%7C%20Bedroom%20Clothing%20Rack%20and%20Organizer%20%7C%20Closet%20Storage%20System%20Bizilla,,,,,,,,,,,,,,,,,,,,,,,,,,,,,,,,,,,,,,,,,,,,,,,,,,,,,,,,,,,,,,,,,,,,,,,,,,,,,,,,,,BulkSheetVersion=V2
,CONSIDERATION,Bizilla Organic Inventory,PAUSED,,10.00,,,YES,,,,,,America/New_York,,,,,All Products,,,,,,STANDARD,CBO,PAUSED,,0.10,,,,,,,,,,,,,,,AUTOMATIC,,,,[US],,,,[All],[ALL],,,,[All],,,,,,,,,,,,,https://i.etsystatic.com/37058139/r/il/88492a/7201795807/il_fullxfull.7201795807_qysp.jpg,DIY Corner Bookshelf Plans PDF | Artistic Triangle Wall Shelf | Space-Saving Wood Corner Unit | Hang,"Transform That Empty Corner with Our DIY Corner Shelf Plans!  Don't let valuable space go to waste. Our instant-download PDF DIY Corner Bookshelf Plans are your key to transforming an awkward corner into a stunning focal point. This unique artistic triangle bookshelf design isn't just for storage; it's a statement piece that adds style and character to any room.  Why Choose Our Plans?  Smart, Space-Saving Design: This clever wood corner shelf is perfect for apartments, small homes, or any room w",https://www.etsy.com/search?q=DIY%20Corner%20Bookshelf%20Plans%20PDF%20%7C%20Artistic%20Triangle%20Wall%20Shelf%20%7C%20Space-Saving%20Wood%20Corner%20Unit%20%7C%20Hanging%20Corner%20Bookcase%20%26%20Decor%20Bizilla,,,PAUSED,,STATIC,DIY Corner Bookshelf Plans PDF | Artistic Triangle Wall Shelf | Space-Saving Wood Corner Unit | Hanging Corner Bookcase & Decor,https://www.etsy.com/search?q=DIY%20Corner%20Bookshelf%20Plans%20PDF%20%7C%20Artistic%20Triangle%20Wall%20Shelf%20%7C%20Space-Saving%20Wood%20Corner%20Unit%20%7C%20Hanging%20Corner%20Bookcase%20%26%20Decor%20Bizilla,,,,,,,,,,,,,,,,,,,,,,,,,,,,,,,,,,,,,,,,,,,,,,,,,,,,,,,,,,,,,,,,,,,,,,,,,,,,,,,,,,BulkSheetVersion=V2
,CONSIDERATION,Bizilla Organic Inventory,PAUSED,,10.00,,,YES,,,,,,America/New_York,,,,,All Products,,,,,,STANDARD,CBO,PAUSED,,0.10,,,,,,,,,,,,,,,AUTOMATIC,,,,[US],,,,[All],[ALL],,,,[All],,,,,,,,,,,,,https://i.etsystatic.com/37058139/r/il/1ca3fa/7941684774/il_fullxfull.7941684774_5v2v.jpg,DIY Laundry Basket Tower Plans PDF | Wooden Laundry Hamper Organizer | Clothes Basket Holder DIY | L,"Transform Your Laundry Space with This Elegant DIY Laundry Basket Tower!  100% Satisfaction & Money-Back Guarantee!  We are so confident that you will love building this project that we offer a 100% money-back guarantee. If you are not completely satisfied with these plans for any reason, we will refund your purchase—no questions asked! Plus, if you need any help or have questions during the build, we are always here to provide full support and guidance via Etsy messages.  About This Build Say g",https://www.etsy.com/search?q=DIY%20Laundry%20Basket%20Tower%20Plans%20PDF%20%7C%20Wooden%20Laundry%20Hamper%20Organizer%20%7C%20Clothes%20Basket%20Holder%20DIY%20%7C%20Laundry%20Shelf%20Plans%20Bizilla,,,PAUSED,,STATIC,DIY Laundry Basket Tower Plans PDF | Wooden Laundry Hamper Organizer | Clothes Basket Holder DIY | Laundry Shelf Plans,https://www.etsy.com/search?q=DIY%20Laundry%20Basket%20Tower%20Plans%20PDF%20%7C%20Wooden%20Laundry%20Hamper%20Organizer%20%7C%20Clothes%20Basket%20Holder%20DIY%20%7C%20Laundry%20Shelf%20Plans%20Bizilla,,,,,,,,,,,,,,,,,,,,,,,,,,,,,,,,,,,,,,,,,,,,,,,,,,,,,,,,,,,,,,,,,,,,,,,,,,,,,,,,,,BulkSheetVersion=V2
,CONSIDERATION,Bizilla Organic Inventory,PAUSED,,10.00,,,YES,,,,,,America/New_York,,,,,All Products,,,,,,STANDARD,CBO,PAUSED,,0.10,,,,,,,,,,,,,,,AUTOMATIC,,,,[US],,,,[All],[ALL],,,,[All],,,,,,,,,,,,,https://i.etsystatic.com/37058139/r/il/3c9f39/7989622017/il_fullxfull.7989622017_aim8.jpg,DIY Living Room Sideboard with Frosted Glass Plans PDF | Wood Buffet & Storage Cabinet Build | Woodw,"100% Satisfaction & Money-Back Guarantee!  We are so confident that you will love building this project that we offer a 100% money-back guarantee. If you are not completely satisfied with these plans for any reason, we will refund your purchase—no questions asked! Plus, if you need any help or have questions during the build, we are always here to provide full support and guidance via Etsy messages.  About This Build  Add a modern touch and fantastic storage to your home! This elegant wooden sid",https://www.etsy.com/search?q=DIY%20Living%20Room%20Sideboard%20with%20Frosted%20Glass%20Plans%20PDF%20%7C%20Wood%20Buffet%20%26%20Storage%20Cabinet%20Build%20%7C%20Woodworking%20Plan%20for%20Beginners%20Bizilla,,,PAUSED,,STATIC,DIY Living Room Sideboard with Frosted Glass Plans PDF | Wood Buffet & Storage Cabinet Build | Woodworking Plan for Beginners,https://www.etsy.com/search?q=DIY%20Living%20Room%20Sideboard%20with%20Frosted%20Glass%20Plans%20PDF%20%7C%20Wood%20Buffet%20%26%20Storage%20Cabinet%20Build%20%7C%20Woodworking%20Plan%20for%20Beginners%20Bizilla,,,,,,,,,,,,,,,,,,,,,,,,,,,,,,,,,,,,,,,,,,,,,,,,,,,,,,,,,,,,,,,,,,,,,,,,,,,,,,,,,,BulkSheetVersion=V2
,CONSIDERATION,Bizilla Organic Inventory,PAUSED,,10.00,,,YES,,,,,,America/New_York,,,,,All Products,,,,,,STANDARD,CBO,PAUSED,,0.10,,,,,,,,,,,,,,,AUTOMATIC,,,,[US],,,,[All],[ALL],,,,[All],,,,,,,,,,,,,https://i.etsystatic.com/37058139/r/il/e5ddb1/7279777322/il_fullxfull.7279777322_abj6.jpg,DIY Tiered Planter Stand Woodworking Plans (PDF),"DIY Large Planter & Raised Garden Bed with Trellis Woodworking Plans  Tired of expensive, flimsy store-bought garden furniture? Dreaming of a lush, organized outdoor space that makes gardening comfortable and stylish?  Our Ultimate Tiered Planter Plans transform your patio, deck, or balcony into a stunning focal point. These plans don't just show you how to build a box—they give you the blueprint for a commanding, multi-functional Patio Decor centerpiece that combines massive planting volume wit",https://www.etsy.com/search?q=DIY%20Tiered%20Planter%20Stand%20Woodworking%20Plans%20%28PDF%29%20Bizilla,,,PAUSED,,STATIC,DIY Tiered Planter Stand Woodworking Plans (PDF),https://www.etsy.com/search?q=DIY%20Tiered%20Planter%20Stand%20Woodworking%20Plans%20%28PDF%29%20Bizilla,,,,,,,,,,,,,,,,,,,,,,,,,,,,,,,,,,,,,,,,,,,,,,,,,,,,,,,,,,,,,,,,,,,,,,,,,,,,,,,,,,BulkSheetVersion=V2
,CONSIDERATION,Bizilla Organic Inventory,PAUSED,,10.00,,,YES,,,,,,America/New_York,,,,,All Products,,,,,,STANDARD,CBO,PAUSED,,0.10,,,,,,,,,,,,,,,AUTOMATIC,,,,[US],,,,[All],[ALL],,,,[All],,,,,,,,,,,,,https://i.etsystatic.com/37058139/r/il/af8db8/7286099369/il_fullxfull.7286099369_ssdu.jpg,DIY Collapsible Coffee Cart Plans: Mobile Bar Blueprint (PDF Pattern),"Here is a compelling Etsy product description based on the details you provided, structured for clarity and to attract buyers. DIY Mobile Coffe Cart Plans: The Ultimate Collapsible Vendor Cart Blueprint  Ready to create the perfect centerpiece for your next event? This is not just a plan; it's your ticket to building a beautiful, professional-grade mobile bar or vendor cart. Our meticulously designed, step-by-step PDF guide gives you everything you need to bring this elegant and modern design to",https://www.etsy.com/search?q=DIY%20Collapsible%20Coffee%20Cart%20Plans%3A%20Mobile%20Bar%20Blueprint%20%28PDF%20Pattern%29%20Bizilla,,,PAUSED,,STATIC,DIY Collapsible Coffee Cart Plans: Mobile Bar Blueprint (PDF Pattern),https://www.etsy.com/search?q=DIY%20Collapsible%20Coffee%20Cart%20Plans%3A%20Mobile%20Bar%20Blueprint%20%28PDF%20Pattern%29%20Bizilla,,,,,,,,,,,,,,,,,,,,,,,,,,,,,,,,,,,,,,,,,,,,,,,,,,,,,,,,,,,,,,,,,,,,,,,,,,,,,,,,,,BulkSheetVersion=V2
,CONSIDERATION,Bizilla Organic Inventory,PAUSED,,10.00,,,YES,,,,,,America/New_York,,,,,All Products,,,,,,STANDARD,CBO,PAUSED,,0.10,,,,,,,,,,,,,,,AUTOMATIC,,,,[US],,,,[All],[ALL],,,,[All],,,,,,,,,,,,,https://i.etsystatic.com/37058139/r/il/baea26/7213037779/il_fullxfull.7213037779_21en.jpg,Farmstand Plans | Mobile Flower Stand Cart | Farmers Market Display | Roadside Fruit & Vegetable Sta,"Handcrafted by You, For Your Dream: Build the Perfect Farmstand Today!   With our digital DIY plans, you can easily create a beautiful wooden stand to showcase your fresh produce, artisan goods, or vibrant flowers. Download the Instant PDF Guide and start your building adventure now!  Every farm-fresh egg, every vibrant bouquet, and every loaf of artisan sourdough has a story. Now, it’s time to give that story the beautiful stage it deserves.  These detailed woodworking plans were designed not j",https://www.etsy.com/search?q=Farmstand%20Plans%20%7C%20Mobile%20Flower%20Stand%20Cart%20%7C%20Farmers%20Market%20Display%20%7C%20Roadside%20Fruit%20%26%20Vegetable%20Stands%20%7C%20Bakery%20Cart%20Plans%20Bizilla,,,PAUSED,,STATIC,Farmstand Plans | Mobile Flower Stand Cart | Farmers Market Display | Roadside Fruit & Vegetable Stands | Bakery Cart Plans,https://www.etsy.com/search?q=Farmstand%20Plans%20%7C%20Mobile%20Flower%20Stand%20Cart%20%7C%20Farmers%20Market%20Display%20%7C%20Roadside%20Fruit%20%26%20Vegetable%20Stands%20%7C%20Bakery%20Cart%20Plans%20Bizilla,,,,,,,,,,,,,,,,,,,,,,,,,,,,,,,,,,,,,,,,,,,,,,,,,,,,,,,,,,,,,,,,,,,,,,,,,,,,,,,,,,BulkSheetVersion=V2
,CONSIDERATION,Bizilla Organic Inventory,PAUSED,,10.00,,,YES,,,,,,America/New_York,,,,,All Products,,,,,,STANDARD,CBO,PAUSED,,0.10,,,,,,,,,,,,,,,AUTOMATIC,,,,[US],,,,[All],[ALL],,,,[All],,,,,,,,,,,,,https://i.etsystatic.com/37058139/r/il/1c42e4/7216003213/il_fullxfull.7216003213_nzs6.jpg,Portable Wooden Bar Plan: Collapsible DIY Event Bar Design,"Craft Your Perfect Event with Our Portable & Collapsible Wooden Bar!  Looking for a versatile and stylish solution for your next gathering? Our Portable & Collapsible Wooden Bar is the ultimate DIY event bar! Whether you're planning a birthday bar, a sophisticated special event bar, or a charming wooden coffee bar, this design provides the flexibility and elegance you need.  Key Features:  Effortless Portability: Designed as a folding bar and collapsible bar, it's incredibly easy to transport an",https://www.etsy.com/search?q=Portable%20Wooden%20Bar%20Plan%3A%20Collapsible%20DIY%20Event%20Bar%20Design%20Bizilla,,,PAUSED,,STATIC,Portable Wooden Bar Plan: Collapsible DIY Event Bar Design,https://www.etsy.com/search?q=Portable%20Wooden%20Bar%20Plan%3A%20Collapsible%20DIY%20Event%20Bar%20Design%20Bizilla,,,,,,,,,,,,,,,,,,,,,,,,,,,,,,,,,,,,,,,,,,,,,,,,,,,,,,,,,,,,,,,,,,,,,,,,,,,,,,,,,,BulkSheetVersion=V2
,CONSIDERATION,Bizilla Organic Inventory,PAUSED,,10.00,,,YES,,,,,,America/New_York,,,,,All Products,,,,,,STANDARD,CBO,PAUSED,,0.10,,,,,,,,,,,,,,,AUTOMATIC,,,,[US],,,,[All],[ALL],,,,[All],,,,,,,,,,,,,https://i.etsystatic.com/37058139/r/il/9114e2/7787837289/il_fullxfull.7787837289_a264.jpg,Single Bed Storage Plans | Minimalist Platform Woodworking (Digital Download),"Tired of tripping over things in a tight bedroom? Whether you are outfitting a small guest room, upgrading a kid's space, or maximizing a tiny apartment, this is the exact wood bed plan you’ve been searching for.  This digital guide provides the ultimate single bed with storage underneath DIY plans. Designed with a custom narrow footprint (32"" wide), it perfectly balances a sleek sleeping area with highly functional under-bed cubbies and a smart bookcase headboard. Keep your favorite books, phon",https://www.etsy.com/search?q=Single%20Bed%20Storage%20Plans%20%7C%20Minimalist%20Platform%20Woodworking%20%28Digital%20Download%29%20Bizilla,,,PAUSED,,STATIC,Single Bed Storage Plans | Minimalist Platform Woodworking (Digital Download),https://www.etsy.com/search?q=Single%20Bed%20Storage%20Plans%20%7C%20Minimalist%20Platform%20Woodworking%20%28Digital%20Download%29%20Bizilla,,,,,,,,,,,,,,,,,,,,,,,,,,,,,,,,,,,,,,,,,,,,,,,,,,,,,,,,,,,,,,,,,,,,,,,,,,,,,,,,,,BulkSheetVersion=V2
,CONSIDERATION,Bizilla Organic Inventory,PAUSED,,10.00,,,YES,,,,,,America/New_York,,,,,All Products,,,,,,STANDARD,CBO,PAUSED,,0.10,,,,,,,,,,,,,,,AUTOMATIC,,,,[US],,,,[All],[ALL],,,,[All],,,,,,,,,,,,,https://i.etsystatic.com/37058139/r/il/118c70/7250951324/il_fullxfull.7250951324_pl81.jpg,8x10 Firewood Shed Plans: DIY Sloped Roof Woodshed (PDF Download),"🔥 Stop Burning Wet Wood! Build Your Dream Woodshed Today! 🔥 Tired of struggling with soggy, smoking logs? Our 8x10 Firewood Shed Plans are the perfect solution to keep your wood dry, seasoned, and ready for the fire pit or stove. This isn't just a shed; it's the ultimate DIY project to enhance your backyard and ensure perfectly seasoned fuel all winter long!  🏡 About These 8x10Wood Shed Plans 🏡 These are complete DIY plans to build a sturdy, attractive 8x10 Firewood Storage Shed (or Woodshed) wi",https://www.etsy.com/search?q=8x10%20Firewood%20Shed%20Plans%3A%20DIY%20Sloped%20Roof%20Woodshed%20%28PDF%20Download%29%20Bizilla,,,PAUSED,,STATIC,8x10 Firewood Shed Plans: DIY Sloped Roof Woodshed (PDF Download),https://www.etsy.com/search?q=8x10%20Firewood%20Shed%20Plans%3A%20DIY%20Sloped%20Roof%20Woodshed%20%28PDF%20Download%29%20Bizilla,,,,,,,,,,,,,,,,,,,,,,,,,,,,,,,,,,,,,,,,,,,,,,,,,,,,,,,,,,,,,,,,,,,,,,,,,,,,,,,,,,BulkSheetVersion=V2
,CONSIDERATION,Bizilla Organic Inventory,PAUSED,,10.00,,,YES,,,,,,America/New_York,,,,,All Products,,,,,,STANDARD,CBO,PAUSED,,0.10,,,,,,,,,,,,,,,AUTOMATIC,,,,[US],,,,[All],[ALL],,,,[All],,,,,,,,,,,,,https://i.etsystatic.com/37058139/r/il/db27d3/7021675920/il_fullxfull.7021675920_432y.jpg,Costco Halloween Party Pack: Printable Decorations & Games (PDF Download,"Costco Party Pack | Customizable Price Signs PDF | Costco Birthday Party & Sign | Costco Themed Birthday Decorations | Printable Costco Pack  Get ready to throw the ultimate Costco party with our comprehensive Costco Party Pack! This Costco Party Pack includes everything you need for a memorable Costco themed birthday decorations celebration, from a Costco Birthday Party Invite to an awesome Costco Birthday Cake.  What's Included in Your Costco Party Pack?  This Costco Party Pack is loaded with ",https://www.etsy.com/search?q=Costco%20Halloween%20Party%20Pack%3A%20Printable%20Decorations%20%26%20Games%20%28PDF%20Download%20Bizilla,,,PAUSED,,STATIC,Costco Halloween Party Pack: Printable Decorations & Games (PDF Download,https://www.etsy.com/search?q=Costco%20Halloween%20Party%20Pack%3A%20Printable%20Decorations%20%26%20Games%20%28PDF%20Download%20Bizilla,,,,,,,,,,,,,,,,,,,,,,,,,,,,,,,,,,,,,,,,,,,,,,,,,,,,,,,,,,,,,,,,,,,,,,,,,,,,,,,,,,BulkSheetVersion=V2
,CONSIDERATION,Bizilla Organic Inventory,PAUSED,,10.00,,,YES,,,,,,America/New_York,,,,,All Products,,,,,,STANDARD,CBO,PAUSED,,0.10,,,,,,,,,,,,,,,AUTOMATIC,,,,[US],,,,[All],[ALL],,,,[All],,,,,,,,,,,,,https://i.etsystatic.com/37058139/r/il/a43ad4/7805280552/il_fullxfull.7805280552_i6te.jpg,DIY Porch Swing Stand Plans | Circular Pergola Blueprint | Outdoor Patio Furniture Plans | Backyard ,"Build a Stunning Circular Porch Swing & Pergola!  Create the ultimate relaxing oasis in your garden with this unique DIY Porch Swing Stand Plan. Perfect for outdoor entertainers, this eye-catching circular arbor design features a sturdy base deck and a comfortable suspended bench, making it the perfect focal point for your back yard patio or garden.  Whether you are looking to build a cozy DIY backyard corner or simply want to upgrade your outdoor space with premium patio furniture plans, this b",https://www.etsy.com/search?q=DIY%20Porch%20Swing%20Stand%20Plans%20%7C%20Circular%20Pergola%20Blueprint%20%7C%20Outdoor%20Patio%20Furniture%20Plans%20%7C%20Backyard%20Arbor%20Swing%20Build%20%7C%20Wood%20Canopy%20Bizilla,,,PAUSED,,STATIC,DIY Porch Swing Stand Plans | Circular Pergola Blueprint | Outdoor Patio Furniture Plans | Backyard Arbor Swing Build | Wood Can,https://www.etsy.com/search?q=DIY%20Porch%20Swing%20Stand%20Plans%20%7C%20Circular%20Pergola%20Blueprint%20%7C%20Outdoor%20Patio%20Furniture%20Plans%20%7C%20Backyard%20Arbor%20Swing%20Build%20%7C%20Wood%20Canopy%20Bizilla,,,,,,,,,,,,,,,,,,,,,,,,,,,,,,,,,,,,,,,,,,,,,,,,,,,,,,,,,,,,,,,,,,,,,,,,,,,,,,,,,,BulkSheetVersion=V2
,CONSIDERATION,Bizilla Organic Inventory,PAUSED,,10.00,,,YES,,,,,,America/New_York,,,,,All Products,,,,,,STANDARD,CBO,PAUSED,,0.10,,,,,,,,,,,,,,,AUTOMATIC,,,,[US],,,,[All],[ALL],,,,[All],,,,,,,,,,,,,https://i.etsystatic.com/37058139/r/il/7baf5e/7036862672/il_fullxfull.7036862672_e6yf.jpg,"Spiral Wooden Christmas Tree plans | DIY Spiral Christmas Tree, One Board Spiral Tree, Build Plan | ","Spiral Wooden Christmas Tree Plans | DIY Modern Holiday Decor | One Board Spiral Tree Build Plan | Landscape Tree Plan PDF Printable  Transform your holiday decor with our easy-to-follow plans for a stunning Spiral Wooden Christmas Tree! This unique and modern design offers a refreshing alternative to traditional trees, adding a touch of contemporary elegance to any space. Perfect for DIY enthusiasts, these plans guide you through creating a beautiful, minimalist tree that's sure to be a convers",https://www.etsy.com/search?q=Spiral%20Wooden%20Christmas%20Tree%20plans%20%7C%20DIY%20Spiral%20Christmas%20Tree%2C%20One%20Board%20Spiral%20Tree%2C%20Build%20Plan%20%7C%20Landscape%20Tree%20Plan%20PDF%20Printable%20Bizilla,,,PAUSED,,STATIC,"Spiral Wooden Christmas Tree plans | DIY Spiral Christmas Tree, One Board Spiral Tree, Build Plan | Landscape Tree Plan PDF Prin",https://www.etsy.com/search?q=Spiral%20Wooden%20Christmas%20Tree%20plans%20%7C%20DIY%20Spiral%20Christmas%20Tree%2C%20One%20Board%20Spiral%20Tree%2C%20Build%20Plan%20%7C%20Landscape%20Tree%20Plan%20PDF%20Printable%20Bizilla,,,,,,,,,,,,,,,,,,,,,,,,,,,,,,,,,,,,,,,,,,,,,,,,,,,,,,,,,,,,,,,,,,,,,,,,,,,,,,,,,,BulkSheetVersion=V2
,CONSIDERATION,Bizilla Organic Inventory,PAUSED,,10.00,,,YES,,,,,,America/New_York,,,,,All Products,,,,,,STANDARD,CBO,PAUSED,,0.10,,,,,,,,,,,,,,,AUTOMATIC,,,,[US],,,,[All],[ALL],,,,[All],,,,,,,,,,,,,https://i.etsystatic.com/37058139/r/il/59c4ac/7040220338/il_fullxfull.7040220338_plgl.jpg,DIY 12 ft Farmhouse Table Plans | Rustic Outdoor Bench Table (Digital Download),"Outdoor Farmhouse 12-Foot Bench Table Plans: DIY Extra-Long Dining & Entry Table Are you looking to build the perfect outdoor farm table that combines rustic charm with ample seating? Our comprehensive farmhouse table plans are exactly what you need! These wooden table plans are designed to help you create a stunning 12 ft table that doubles as a comfortable 12 foot bench, making it an ideal outdoor dining table and even a unique entry table.  Product Description: Transform your backyard or dini",https://www.etsy.com/search?q=DIY%2012%20ft%20Farmhouse%20Table%20Plans%20%7C%20Rustic%20Outdoor%20Bench%20Table%20%28Digital%20Download%29%20Bizilla,,,PAUSED,,STATIC,DIY 12 ft Farmhouse Table Plans | Rustic Outdoor Bench Table (Digital Download),https://www.etsy.com/search?q=DIY%2012%20ft%20Farmhouse%20Table%20Plans%20%7C%20Rustic%20Outdoor%20Bench%20Table%20%28Digital%20Download%29%20Bizilla,,,,,,,,,,,,,,,,,,,,,,,,,,,,,,,,,,,,,,,,,,,,,,,,,,,,,,,,,,,,,,,,,,,,,,,,,,,,,,,,,,BulkSheetVersion=V2
,CONSIDERATION,Bizilla Organic Inventory,PAUSED,,10.00,,,YES,,,,,,America/New_York,,,,,All Products,,,,,,STANDARD,CBO,PAUSED,,0.10,,,,,,,,,,,,,,,AUTOMATIC,,,,[US],,,,[All],[ALL],,,,[All],,,,,,,,,,,,,https://i.etsystatic.com/37058139/r/il/3cca01/7679169159/il_fullxfull.7679169159_hwoi.jpg,DIY Adirondack Chair Plans | Outdoor Garden Furniture Blueprint (Digital PDF),"Classic Adirondack Chair Plans | DIY Outdoor Garden Furniture Blueprint  There is nothing quite like sinking into a classic Adirondack chair on a sunny afternoon. With its wide armrests perfect for resting a cold drink and a contoured seat designed for comfort, this chair is the undisputed king of outdoor furniture.  Now, you can build your own high-quality garden chairs for a fraction of the cost of buying them pre-made. These DIY Adirondack Chair Plans are designed to be simple, sturdy, and st",https://www.etsy.com/search?q=DIY%20Adirondack%20Chair%20Plans%20%7C%20Outdoor%20Garden%20Furniture%20Blueprint%20%28Digital%20PDF%29%20Bizilla,,,PAUSED,,STATIC,DIY Adirondack Chair Plans | Outdoor Garden Furniture Blueprint (Digital PDF),https://www.etsy.com/search?q=DIY%20Adirondack%20Chair%20Plans%20%7C%20Outdoor%20Garden%20Furniture%20Blueprint%20%28Digital%20PDF%29%20Bizilla,,,,,,,,,,,,,,,,,,,,,,,,,,,,,,,,,,,,,,,,,,,,,,,,,,,,,,,,,,,,,,,,,,,,,,,,,,,,,,,,,,BulkSheetVersion=V2
,CONSIDERATION,Bizilla Organic Inventory,PAUSED,,10.00,,,YES,,,,,,America/New_York,,,,,All Products,,,,,,STANDARD,CBO,PAUSED,,0.10,,,,,,,,,,,,,,,AUTOMATIC,,,,[US],,,,[All],[ALL],,,,[All],,,,,,,,,,,,,https://i.etsystatic.com/37058139/r/il/f100e7/7852938461/il_fullxfull.7852938461_safg.jpg,DIY Picnic Table Plans with Backrest | Outdoor Table Plans PDF | Picnic Bench Blueprint | Outside Ta,"Build the Ultimate Comfortable Picnic Table!  Upgrade your backyard, patio, or garden with this DIY Sturdy Picnic Table Easy build plan! Unlike standard backless designs, this comprehensive Table DIY Plan features comfortable backrests, making it perfect for long outdoor dinners, family gatherings, or just relaxing in the sun.  Whether you are looking for simple picnic table plans for a weekend project or professional outdoor table plans to expand your woodworking portfolio, these blueprints pro",https://www.etsy.com/search?q=DIY%20Picnic%20Table%20Plans%20with%20Backrest%20%7C%20Outdoor%20Table%20Plans%20PDF%20%7C%20Picnic%20Bench%20Blueprint%20%7C%20Outside%20Table%20and%20Benches%20Woodworking%20Template%20Bizilla,,,PAUSED,,STATIC,DIY Picnic Table Plans with Backrest | Outdoor Table Plans PDF | Picnic Bench Blueprint | Outside Table and Benches Woodworking ,https://www.etsy.com/search?q=DIY%20Picnic%20Table%20Plans%20with%20Backrest%20%7C%20Outdoor%20Table%20Plans%20PDF%20%7C%20Picnic%20Bench%20Blueprint%20%7C%20Outside%20Table%20and%20Benches%20Woodworking%20Template%20Bizilla,,,,,,,,,,,,,,,,,,,,,,,,,,,,,,,,,,,,,,,,,,,,,,,,,,,,,,,,,,,,,,,,,,,,,,,,,,,,,,,,,,BulkSheetVersion=V2
,CONSIDERATION,Bizilla Organic Inventory,PAUSED,,10.00,,,YES,,,,,,America/New_York,,,,,All Products,,,,,,STANDARD,CBO,PAUSED,,0.10,,,,,,,,,,,,,,,AUTOMATIC,,,,[US],,,,[All],[ALL],,,,[All],,,,,,,,,,,,,https://i.etsystatic.com/37058139/r/il/a611d8/7389306402/il_fullxfull.7389306402_n9z8.jpg,Christmas Tree Topper Star | DIY Wooden Tree Topper Plans | Rustic Christmas Tree Topper | Barnwood ,"Stop searching for the perfect finishing touch. Build it.  Crown your Christmas tree with this stunning, handmade Wood Christmas Tree Topper Star. With our comprehensive DIY Wooden Tree Topper Plans, you can create a beautiful, 12-inch star that blends timeless charm with a modern farmhouse aesthetic.  This design is the very definition of a Rustic Christmas Tree Topper. The angled, faceted construction gives it a high-end, 3D look that catches the light beautifully, while the simple geometry gi",https://www.etsy.com/search?q=Christmas%20Tree%20Topper%20Star%20%7C%20DIY%20Wooden%20Tree%20Topper%20Plans%20%7C%20Rustic%20Christmas%20Tree%20Topper%20%7C%20Barnwood%20Tree%20Topper%20%28Digital%20Download%29%20Bizilla,,,PAUSED,,STATIC,Christmas Tree Topper Star | DIY Wooden Tree Topper Plans | Rustic Christmas Tree Topper | Barnwood Tree Topper (Digital Downloa,https://www.etsy.com/search?q=Christmas%20Tree%20Topper%20Star%20%7C%20DIY%20Wooden%20Tree%20Topper%20Plans%20%7C%20Rustic%20Christmas%20Tree%20Topper%20%7C%20Barnwood%20Tree%20Topper%20%28Digital%20Download%29%20Bizilla,,,,,,,,,,,,,,,,,,,,,,,,,,,,,,,,,,,,,,,,,,,,,,,,,,,,,,,,,,,,,,,,,,,,,,,,,,,,,,,,,,BulkSheetVersion=V2
,CONSIDERATION,Bizilla Organic Inventory,PAUSED,,10.00,,,YES,,,,,,America/New_York,,,,,All Products,,,,,,STANDARD,CBO,PAUSED,,0.10,,,,,,,,,,,,,,,AUTOMATIC,,,,[US],,,,[All],[ALL],,,,[All],,,,,,,,,,,,,https://i.etsystatic.com/37058139/r/il/cf7466/7532061723/il_fullxfull.7532061723_69lh.jpg,DIY Coffee Cart Plans | Collapsible Mobile Espresso Bar | Foldable Market Stall Blueprint | Portable,"☕ Build the Perfect Station for Your Coffee Business!  Turn your passion into a business with these professional Coffee Cart Blueprint plans. Designed specifically for heavy-duty use, this cart is the ideal foundation for a mobile espresso bar, a pop-up bakery, or a professional Foldable Stall for market vendors.  Unlike flimsy tables, this Mobile Coffee Cart Build is engineered to handle the weight of professional espresso machines while maintaining a sleek, modern look. The 36-inch height is e",https://www.etsy.com/search?q=DIY%20Coffee%20Cart%20Plans%20%7C%20Collapsible%20Mobile%20Espresso%20Bar%20%7C%20Foldable%20Market%20Stall%20Blueprint%20%7C%20Portable%20Catering%20Cart%20Build%20%7C%20Digital%20PDF%20Bizilla,,,PAUSED,,STATIC,DIY Coffee Cart Plans | Collapsible Mobile Espresso Bar | Foldable Market Stall Blueprint | Portable Catering Cart Build | Digit,https://www.etsy.com/search?q=DIY%20Coffee%20Cart%20Plans%20%7C%20Collapsible%20Mobile%20Espresso%20Bar%20%7C%20Foldable%20Market%20Stall%20Blueprint%20%7C%20Portable%20Catering%20Cart%20Build%20%7C%20Digital%20PDF%20Bizilla,,,,,,,,,,,,,,,,,,,,,,,,,,,,,,,,,,,,,,,,,,,,,,,,,,,,,,,,,,,,,,,,,,,,,,,,,,,,,,,,,,BulkSheetVersion=V2
,CONSIDERATION,Bizilla Organic Inventory,PAUSED,,10.00,,,YES,,,,,,America/New_York,,,,,All Products,,,,,,STANDARD,CBO,PAUSED,,0.10,,,,,,,,,,,,,,,AUTOMATIC,,,,[US],,,,[All],[ALL],,,,[All],,,,,,,,,,,,,https://i.etsystatic.com/37058139/r/il/b3e287/7032436170/il_fullxfull.7032436170_b6sn.jpg,Mobile Miter Saw Station Plans: Flip Top Workbench with Wood Storage (PDF),"Mobile Miter Saw Table Plans, Miter Saw Station, Garage Work Bench Plans, Miter Saw Bench, Woodworking Plans, Miter Saw Rack   Unlock the full potential of your workshop with our comprehensive DIY Workbench Plans! This detailed guide empowers you to build the ultimate Table Saw Workbench and Miter Saw Station Mobile Stand, designed for efficiency and versatility.  Are you tired of cluttered spaces? Our Flip Top Workbench design seamlessly integrates your Table Saw and Router Table into one space",https://www.etsy.com/search?q=Mobile%20Miter%20Saw%20Station%20Plans%3A%20Flip%20Top%20Workbench%20with%20Wood%20Storage%20%28PDF%29%20Bizilla,,,PAUSED,,STATIC,Mobile Miter Saw Station Plans: Flip Top Workbench with Wood Storage (PDF),https://www.etsy.com/search?q=Mobile%20Miter%20Saw%20Station%20Plans%3A%20Flip%20Top%20Workbench%20with%20Wood%20Storage%20%28PDF%29%20Bizilla,,,,,,,,,,,,,,,,,,,,,,,,,,,,,,,,,,,,,,,,,,,,,,,,,,,,,,,,,,,,,,,,,,,,,,,,,,,,,,,,,,BulkSheetVersion=V2
,CONSIDERATION,Bizilla Organic Inventory,PAUSED,,10.00,,,YES,,,,,,America/New_York,,,,,All Products,,,,,,STANDARD,CBO,PAUSED,,0.10,,,,,,,,,,,,,,,AUTOMATIC,,,,[US],,,,[All],[ALL],,,,[All],,,,,,,,,,,,,https://i.etsystatic.com/37058139/r/il/867d31/7852796317/il_fullxfull.7852796317_c7rh.jpg,DIY Triple Bunk Bed Plans | 3 Tier Bunk Bed with Storage Stairs | Wooden Loft Bed Blueprint PDF,"Maximize Your Space with Premium DIY Triple Tier Bunk Bed Plans!  Running out of floor space in the kids' room, guest room, or vacation cabin? Build the ultimate sleepover setup with our comprehensive triple tier bunk bed plans. This incredible, heavy-duty wooden design comfortably stacks three beds and features a super-safe, built-in staircase. Even better, each step doubles as a spacious pull-out drawer, making it the perfect bunk bed with storage stairs to keep toys, clothes, and bedding orga",https://www.etsy.com/search?q=DIY%20Triple%20Bunk%20Bed%20Plans%20%7C%203%20Tier%20Bunk%20Bed%20with%20Storage%20Stairs%20%7C%20Wooden%20Loft%20Bed%20Blueprint%20PDF%20Bizilla,,,PAUSED,,STATIC,DIY Triple Bunk Bed Plans | 3 Tier Bunk Bed with Storage Stairs | Wooden Loft Bed Blueprint PDF,https://www.etsy.com/search?q=DIY%20Triple%20Bunk%20Bed%20Plans%20%7C%203%20Tier%20Bunk%20Bed%20with%20Storage%20Stairs%20%7C%20Wooden%20Loft%20Bed%20Blueprint%20PDF%20Bizilla,,,,,,,,,,,,,,,,,,,,,,,,,,,,,,,,,,,,,,,,,,,,,,,,,,,,,,,,,,,,,,,,,,,,,,,,,,,,,,,,,,BulkSheetVersion=V2
,CONSIDERATION,Bizilla Organic Inventory,PAUSED,,10.00,,,YES,,,,,,America/New_York,,,,,All Products,,,,,,STANDARD,CBO,PAUSED,,0.10,,,,,,,,,,,,,,,AUTOMATIC,,,,[US],,,,[All],[ALL],,,,[All],,,,,,,,,,,,,https://i.etsystatic.com/37058139/r/il/8ed1d8/7488363676/il_fullxfull.7488363676_db67.jpg,Modern Bird Feeder Plans | Hanging X-Frame Design (PDF),"🐦 Invite Nature into Your Garden with Style!  Transform your backyard into a birdwatcher's paradise with these premium Bird Feeder Plans. This isn't just a simple box; it is a stylish, modern piece of garden decor featuring a unique ""X-frame"" design and a protective roof structure.  Designed for both functionality and aesthetics, this Bird Feeder Blueprint guides you to build a sturdy hanging station that keeps seeds dry while offering an unobstructed view of your feathered friends.  Why You’ll ",https://www.etsy.com/search?q=Modern%20Bird%20Feeder%20Plans%20%7C%20Hanging%20X-Frame%20Design%20%28PDF%29%20Bizilla,,,PAUSED,,STATIC,Modern Bird Feeder Plans | Hanging X-Frame Design (PDF),https://www.etsy.com/search?q=Modern%20Bird%20Feeder%20Plans%20%7C%20Hanging%20X-Frame%20Design%20%28PDF%29%20Bizilla,,,,,,,,,,,,,,,,,,,,,,,,,,,,,,,,,,,,,,,,,,,,,,,,,,,,,,,,,,,,,,,,,,,,,,,,,,,,,,,,,,BulkSheetVersion=V2
,CONSIDERATION,Bizilla Organic Inventory,PAUSED,,10.00,,,YES,,,,,,America/New_York,,,,,All Products,,,,,,STANDARD,CBO,PAUSED,,0.10,,,,,,,,,,,,,,,AUTOMATIC,,,,[US],,,,[All],[ALL],,,,[All],,,,,,,,,,,,,https://i.etsystatic.com/37058139/r/il/7c36db/7787874263/il_fullxfull.7787874263_2svk.jpg,"Modern Sideboard Plans | Slatted Door, Mid-Century Legs (Digital Download)","Looking for the perfect balance of hidden storage and stylish display space? Whether you need a sleek modern sideboard for your living room, a functional entryway table plan, or a chic buffet cabinet plan for your dining area, this versatile design has you covered.  This comprehensive digital guide provides easy-to-follow woodworking plans to build your very own wooden sideboard cabinet. Featuring a beautiful slatted sliding door and mid-century modern legs, this piece instantly elevates any roo",https://www.etsy.com/search?q=Modern%20Sideboard%20Plans%20%7C%20Slatted%20Door%2C%20Mid-Century%20Legs%20%28Digital%20Download%29%20Bizilla,,,PAUSED,,STATIC,"Modern Sideboard Plans | Slatted Door, Mid-Century Legs (Digital Download)",https://www.etsy.com/search?q=Modern%20Sideboard%20Plans%20%7C%20Slatted%20Door%2C%20Mid-Century%20Legs%20%28Digital%20Download%29%20Bizilla,,,,,,,,,,,,,,,,,,,,,,,,,,,,,,,,,,,,,,,,,,,,,,,,,,,,,,,,,,,,,,,,,,,,,,,,,,,,,,,,,,BulkSheetVersion=V2
,CONSIDERATION,Bizilla Organic Inventory,PAUSED,,10.00,,,YES,,,,,,America/New_York,,,,,All Products,,,,,,STANDARD,CBO,PAUSED,,0.10,,,,,,,,,,,,,,,AUTOMATIC,,,,[US],,,,[All],[ALL],,,,[All],,,,,,,,,,,,,https://i.etsystatic.com/37058139/r/il/4f2380/7968835825/il_fullxfull.7968835825_occa.jpg,6x12 Firewood Shed DIY Plans PDF | 3 Cord Wood Storage Rack Blueprint | Large Dry Wood Shelter,"DIY 6x12 Firewood Shed Plans PDF | 3 Cord Wood Storage Rack Blueprint  Stop letting your valuable firewood rot under cheap plastic tarps! This comprehensive digital woodworking blueprint provides the exact, step-by-step instructions to build a massive, heavy-duty 6x12 Firewood Shed. Designed with an extra-deep profile to hold a full 3 cords of wood, this structure is the ultimate high-capacity storage solution for homesteaders, cabin owners, and anyone who relies heavily on a wood stove to heat ",https://www.etsy.com/search?q=6x12%20Firewood%20Shed%20DIY%20Plans%20PDF%20%7C%203%20Cord%20Wood%20Storage%20Rack%20Blueprint%20%7C%20Large%20Dry%20Wood%20Shelter%20Bizilla,,,PAUSED,,STATIC,6x12 Firewood Shed DIY Plans PDF | 3 Cord Wood Storage Rack Blueprint | Large Dry Wood Shelter,https://www.etsy.com/search?q=6x12%20Firewood%20Shed%20DIY%20Plans%20PDF%20%7C%203%20Cord%20Wood%20Storage%20Rack%20Blueprint%20%7C%20Large%20Dry%20Wood%20Shelter%20Bizilla,,,,,,,,,,,,,,,,,,,,,,,,,,,,,,,,,,,,,,,,,,,,,,,,,,,,,,,,,,,,,,,,,,,,,,,,,,,,,,,,,,BulkSheetVersion=V2
,CONSIDERATION,Bizilla Organic Inventory,PAUSED,,10.00,,,YES,,,,,,America/New_York,,,,,All Products,,,,,,STANDARD,CBO,PAUSED,,0.10,,,,,,,,,,,,,,,AUTOMATIC,,,,[US],,,,[All],[ALL],,,,[All],,,,,,,,,,,,,https://i.etsystatic.com/37058139/r/il/f8cdda/7920875662/il_fullxfull.7920875662_iuix.jpg,3x6 Firewood Shed DIY Plans PDF | Small Wood Storage Rack Blueprint |  Dry Wood Shelter,"DIY 3x6 Firewood Shed Plans PDF | Compact Wood Storage Rack Blueprint  Stop letting your firewood rot under cheap plastic tarps! This comprehensive digital woodworking blueprint provides the exact, step-by-step instructions to build a heavy-duty, 3x6 Firewood Shed. Designed with a perfectly compact capacity, this structure is the ideal storage solution for homeowners with fireplaces, fire pits, or anyone needing a smaller, organized log store.  Engineered for Perfect Seasoning & Protection:  Max",https://www.etsy.com/search?q=3x6%20Firewood%20Shed%20DIY%20Plans%20PDF%20%7C%20Small%20Wood%20Storage%20Rack%20Blueprint%20%7C%20%20Dry%20Wood%20Shelter%20Bizilla,,,PAUSED,,STATIC,3x6 Firewood Shed DIY Plans PDF | Small Wood Storage Rack Blueprint |  Dry Wood Shelter,https://www.etsy.com/search?q=3x6%20Firewood%20Shed%20DIY%20Plans%20PDF%20%7C%20Small%20Wood%20Storage%20Rack%20Blueprint%20%7C%20%20Dry%20Wood%20Shelter%20Bizilla,,,,,,,,,,,,,,,,,,,,,,,,,,,,,,,,,,,,,,,,,,,,,,,,,,,,,,,,,,,,,,,,,,,,,,,,,,,,,,,,,,BulkSheetVersion=V2
,CONSIDERATION,Bizilla Organic Inventory,PAUSED,,10.00,,,YES,,,,,,America/New_York,,,,,All Products,,,,,,STANDARD,CBO,PAUSED,,0.10,,,,,,,,,,,,,,,AUTOMATIC,,,,[US],,,,[All],[ALL],,,,[All],,,,,,,,,,,,,https://i.etsystatic.com/37058139/r/il/fe952c/7968803253/il_fullxfull.7968803253_1i8e.jpg,4x12 Firewood Shed DIY Plans PDF | 2 Cord Wood Storage Rack Blueprint | Large Dry Wood Shelter,"DIY 4x12 Firewood Shed Plans PDF | 2 Cord Wood Storage Rack Blueprint  Stop letting your valuable firewood rot under cheap plastic tarps! This comprehensive digital woodworking blueprint provides the exact, step-by-step instructions to build a heavy-duty, 4x12 Firewood Shed. Designed with a generous 2-cord capacity, this structure is the perfect mid-sized solution for homesteaders, cabin owners, and anyone who relies on a wood stove to heat their home through the winter.  Engineered for Perfect ",https://www.etsy.com/search?q=4x12%20Firewood%20Shed%20DIY%20Plans%20PDF%20%7C%202%20Cord%20Wood%20Storage%20Rack%20Blueprint%20%7C%20Large%20Dry%20Wood%20Shelter%20Bizilla,,,PAUSED,,STATIC,4x12 Firewood Shed DIY Plans PDF | 2 Cord Wood Storage Rack Blueprint | Large Dry Wood Shelter,https://www.etsy.com/search?q=4x12%20Firewood%20Shed%20DIY%20Plans%20PDF%20%7C%202%20Cord%20Wood%20Storage%20Rack%20Blueprint%20%7C%20Large%20Dry%20Wood%20Shelter%20Bizilla,,,,,,,,,,,,,,,,,,,,,,,,,,,,,,,,,,,,,,,,,,,,,,,,,,,,,,,,,,,,,,,,,,,,,,,,,,,,,,,,,,BulkSheetVersion=V2
,CONSIDERATION,Bizilla Organic Inventory,PAUSED,,10.00,,,YES,,,,,,America/New_York,,,,,All Products,,,,,,STANDARD,CBO,PAUSED,,0.10,,,,,,,,,,,,,,,AUTOMATIC,,,,[US],,,,[All],[ALL],,,,[All],,,,,,,,,,,,,https://i.etsystatic.com/37058139/r/il/7b405b/7536304411/il_fullxfull.7536304411_qn3c.jpg,Life-Size Santa Sleigh & Reindeer Plans | 2D Plywood Template for Outdoor Christmas Decor | DIY Silh,"🎅 Create a Magical Silhouette in Your Front Yard!  Turn your home into a holiday landmark with these Santa Sleigh Diy Plans. This design focuses on the classic 2D profile, making it the perfect project for cutting out of plywood or MDF sheets. Whether you use a simple jigsaw or a CNC machine, these Sleigh Blueprints will help you create a stunning life-size display. This set is designed to be a showstopper. It features the elegant side profile of Santa's sleigh along with the matching reindeer, ",https://www.etsy.com/search?q=Life-Size%20Santa%20Sleigh%20%26%20Reindeer%20Plans%20%7C%202D%20Plywood%20Template%20for%20Outdoor%20Christmas%20Decor%20%7C%20DIY%20Silhouette%20Pattern%20%7C%20PDF%20Woodworking%20Bizilla,,,PAUSED,,STATIC,Life-Size Santa Sleigh & Reindeer Plans | 2D Plywood Template for Outdoor Christmas Decor | DIY Silhouette Pattern | PDF Woodwor,https://www.etsy.com/search?q=Life-Size%20Santa%20Sleigh%20%26%20Reindeer%20Plans%20%7C%202D%20Plywood%20Template%20for%20Outdoor%20Christmas%20Decor%20%7C%20DIY%20Silhouette%20Pattern%20%7C%20PDF%20Woodworking%20Bizilla,,,,,,,,,,,,,,,,,,,,,,,,,,,,,,,,,,,,,,,,,,,,,,,,,,,,,,,,,,,,,,,,,,,,,,,,,,,,,,,,,,BulkSheetVersion=V2
,CONSIDERATION,Bizilla Organic Inventory,PAUSED,,10.00,,,YES,,,,,,America/New_York,,,,,All Products,,,,,,STANDARD,CBO,PAUSED,,0.10,,,,,,,,,,,,,,,AUTOMATIC,,,,[US],,,,[All],[ALL],,,,[All],,,,,,,,,,,,,https://i.etsystatic.com/37058139/r/il/2458e2/7968792495/il_fullxfull.7968792495_pi5s.jpg,4x16 Firewood Shed DIY Plans PDF | 3 Cord Wood Storage Rack Blueprint | Large Dry Wood Shelter,"Easy 4x16 Firewood Shed DIY Plans PDF   Stop letting your valuable firewood rot under cheap plastic tarps! This comprehensive digital woodworking blueprint provides the exact, step-by-step instructions to build a heavy-duty, 4x16 Firewood Shed. Designed with a massive 3-cord capacity, this structure is an absolute necessity for homesteaders, cabin owners, and anyone who relies on a wood stove to heat their home through the winter.  Engineered for Perfect Seasoning & Protection:  Maximum Airflow ",https://www.etsy.com/search?q=4x16%20Firewood%20Shed%20DIY%20Plans%20PDF%20%7C%203%20Cord%20Wood%20Storage%20Rack%20Blueprint%20%7C%20Large%20Dry%20Wood%20Shelter%20Bizilla,,,PAUSED,,STATIC,4x16 Firewood Shed DIY Plans PDF | 3 Cord Wood Storage Rack Blueprint | Large Dry Wood Shelter,https://www.etsy.com/search?q=4x16%20Firewood%20Shed%20DIY%20Plans%20PDF%20%7C%203%20Cord%20Wood%20Storage%20Rack%20Blueprint%20%7C%20Large%20Dry%20Wood%20Shelter%20Bizilla,,,,,,,,,,,,,,,,,,,,,,,,,,,,,,,,,,,,,,,,,,,,,,,,,,,,,,,,,,,,,,,,,,,,,,,,,,,,,,,,,,BulkSheetVersion=V2
,CONSIDERATION,Bizilla Organic Inventory,PAUSED,,10.00,,,YES,,,,,,America/New_York,,,,,All Products,,,,,,STANDARD,CBO,PAUSED,,0.10,,,,,,,,,,,,,,,AUTOMATIC,,,,[US],,,,[All],[ALL],,,,[All],,,,,,,,,,,,,https://i.etsystatic.com/37058139/r/il/e9d4e8/7679218863/il_fullxfull.7679218863_humi.jpg,Covered Garden Swing Plans | DIY A-Frame Bench with Roof (PDF Blueprint,"Create Your Own Backyard Sanctuary 🌿✨  Imagine enjoying your morning coffee or watching the sunset while gently swaying in your own handmade garden swing. This isn't just a swing; it's a complete Covered Swing Bench with a beautiful pergola-style roof that defines your outdoor space.  With these easy-to-follow Wooden Garden Swing Plans, you can build a stunning, self-supporting structure that doesn't require a big tree or a porch ceiling. Place it anywhere on your lawn, patio, or deck!  Why You’",https://www.etsy.com/search?q=Covered%20Garden%20Swing%20Plans%20%7C%20DIY%20A-Frame%20Bench%20with%20Roof%20%28PDF%20Blueprint%20Bizilla,,,PAUSED,,STATIC,Covered Garden Swing Plans | DIY A-Frame Bench with Roof (PDF Blueprint,https://www.etsy.com/search?q=Covered%20Garden%20Swing%20Plans%20%7C%20DIY%20A-Frame%20Bench%20with%20Roof%20%28PDF%20Blueprint%20Bizilla,,,,,,,,,,,,,,,,,,,,,,,,,,,,,,,,,,,,,,,,,,,,,,,,,,,,,,,,,,,,,,,,,,,,,,,,,,,,,,,,,,BulkSheetVersion=V2
